sku,nombre,descripcion,categoria_nivel1,categoria_nivel2,categoria_nivel3,categoria_nivel4,precio,stock,descuento,marca
ALI-000514,Helado de vainilla artesano,"Helado cremoso elaborado con vainilla natural, textura suave.",Alimentación,Congelados,Helados,Helado de vainilla,12.15,Yes,15,Cesta Rústica
ALI-000645,Pan integral bajo en sal,"Pan de miga suave elaborado con harina integral, fuente de fibra.",Alimentación,Panadería,Pan de molde,Pan integral,22.05,Yes,0,La Espiga Dorada
ELE-000037,Aire acondicionado Split 1x1 inverter,Equipo de climatización eficiente con control de temperatura preciso.,Electrodomésticos,Climatización,Aire acondicionado,Split 1x1,987.91,Yes,0,CocinaSmart
ROP-000054,Abrigo de invierno infantil acolchado,Abrigo cálido y resistente pensado para los meses más fríos.,Ropa,Niños,Abrigos,Abrigo de invierno,184.44,Yes,0,NordVía
ROP-000519,Pantalón vaquero recto,Pantalón vaquero de algodón resistente con corte cómodo.,Ropa,Hombre,Pantalones,Pantalón vaquero,20.81,Yes,0,UrbanCotto
ROP-000525,Blusa manga larga con lazo,"Blusa ligera de tacto suave, versátil para looks casuales o de oficina.",Ropa,Mujer,Camisas,Blusa manga larga,151.75,Yes,0,Prenda Libre
JOY-000106,Pendientes de aro pequeños,"Pendientes ligeros de plata con acabado brillante, fáciles de combinar.",Joyería,Pendientes,Pendientes de plata,Pendientes de aro,1609.25,Yes,0,Joyas del Valle
ALI-000107,Helado de vainilla artesano,"Helado cremoso elaborado con vainilla natural, textura suave.",Alimentación,Congelados,Helados,Helado de vainilla,1.35,No,0,Grano de Oro
ROP-000558,Bota de invierno impermeable,"Bota resistente al agua con suela antideslizante, pensada para el frío.",Ropa,Calzado,Botas,Bota de invierno,188.90,Yes,0,Vestir Norte
ELE-000148,Horno eléctrico multifunción,Horno con distribución uniforme del calor y múltiples funciones de cocinado.,Electrodomésticos,Cocina,Hornos,Horno eléctrico,137.62,Yes,15,Impulso Hogar
ROP-000220,Sudadera con capucha oversize,"Sudadera cómoda con capucha y bolsillo canguro, ideal para el día a día.",Ropa,Mujer,Sudaderas,Sudadera con capucha,109.50,Yes,30,Estilo Urbano
ALI-000497,Zumo de naranja exprimido,"Zumo elaborado a partir de naranjas seleccionadas, sin azúcares añadidos.",Alimentación,Bebidas,Zumos,Zumo de naranja,11.60,Yes,0,Punto Sabor
ALI-000055,Lasaña congelada de verduras,"Plato preparado listo en minutos, ideal para el día a día.",Alimentación,Congelados,Platos preparados,Lasaña congelada,13.53,Yes,0,Cesta Rústica
ALI-000560,Helado de vainilla con trozos de chocolate,"Helado cremoso elaborado con vainilla natural, textura suave.",Alimentación,Congelados,Helados,Helado de vainilla,27.37,No,0,Grano de Oro
ROP-000187,Sujetador sin aros de algodón,"Sujetador sin aros, cómodo y flexible, ideal para el uso diario.",Ropa,Mujer,Lencería,Sujetador sin aros,37.46,Yes,60,TelaViva
ROP-000486,Sudadera sin capucha oversize,"Sudadera básica sin capucha, cómoda y versátil para combinar con cualquier look.",Ropa,Mujer,Sudaderas,Sudadera sin capucha,140.57,Yes,0,TelaViva
ELE-000383,Secador iónico ligero,Secador con tecnología iónica que reduce el encrespamiento del cabello.,Electrodomésticos,Cuidado personal,Secadores de pelo,Secador iónico,276.49,Yes,70,TecnoCasa
ROP-000393,Sujetador sin aros con encaje,"Sujetador sin aros, cómodo y flexible, ideal para el uso diario.",Ropa,Mujer,Lencería,Sujetador sin aros,101.35,Yes,0,Costura 21
ALI-000053,Lasaña congelada familiar,"Plato preparado listo en minutos, ideal para el día a día.",Alimentación,Congelados,Platos preparados,Lasaña congelada,7.91,No,0,Nutrivida
ALI-000003,Helado de vainilla tarrina 1L,"Helado cremoso elaborado con vainilla natural, textura suave.",Alimentación,Congelados,Helados,Helado de vainilla,6.37,Yes,0,La Tahona Azul
ROP-000193,Camiseta infantil estampada algodón orgánico,Camiseta infantil de algodón suave con estampado divertido.,Ropa,Niños,Camisetas,Camiseta estampada,159.26,Yes,40,Hilo & Forma
ALI-000695,Lasaña congelada de verduras,"Plato preparado listo en minutos, ideal para el día a día.",Alimentación,Congelados,Platos preparados,Lasaña congelada,6.29,Yes,0,La Tahona Azul
ROP-000465,Gorro de punto unisex,Gorro tejido que abriga sin renunciar al estilo.,Ropa,Accesorios,Gorros,Gorro de punto,51.50,Yes,0,Vestir Norte
ROP-000335,Bota de invierno antideslizante,"Bota resistente al agua con suela antideslizante, pensada para el frío.",Ropa,Calzado,Botas,Bota de invierno,68.56,Yes,30,SolTejido
ALI-000119,Yogur natural pack 4 unidades,Yogur cremoso elaborado con leche fresca y fermentos activos.,Alimentación,Lácteos,Yogures,Yogur natural,28.98,Yes,10,La Espiga Dorada
ROP-000144,Camiseta básica algodón manga corta azul marino,"Camiseta de algodón 100% suave y transpirable, ideal para el día a día.",Ropa,Hombre,Camisetas,Camiseta manga corta,13.03,Yes,0,Estilo Urbano
ELE-000301,Depiladora eléctrica resistente al agua,"Depiladora eficaz de uso doméstico, ligera y fácil de manejar.",Electrodomésticos,Cuidado personal,Depiladoras,Depiladora eléctrica,934.79,Yes,70,HogarTech
ROP-000564,Vestido largo fiesta,"Vestido de corte fluido, tejido ligero y caída favorecedora.",Ropa,Mujer,Vestidos,Vestido largo,157.52,No,5,SolTejido
ALI-000033,Croissant integral,"Bollería horneada con receta tradicional, textura hojaldrada.",Alimentación,Panadería,Bollería,Croissant,12.63,No,0,Sabores del Sur
ELE-000235,Aspiradora sin cable con batería de larga duración,"Aspiradora inalámbrica de fácil manejo, ideal para limpiezas rápidas.",Electrodomésticos,Limpieza,Aspiradoras,Aspiradora sin cable,38.47,Yes,0,NordLine
ROP-000334,Abrigo de invierno infantil acolchado,Abrigo cálido y resistente pensado para los meses más fríos.,Ropa,Niños,Abrigos,Abrigo de invierno,105.41,Yes,0,TelaViva
ALI-000642,Croissant de mantequilla,"Bollería horneada con receta tradicional, textura hojaldrada.",Alimentación,Panadería,Bollería,Croissant,25.21,Yes,50,Punto Sabor
ELE-000097,Aspiradora sin cable ligera,"Aspiradora inalámbrica de fácil manejo, ideal para limpiezas rápidas.",Electrodomésticos,Limpieza,Aspiradoras,Aspiradora sin cable,1407.07,Yes,0,CasaFácil
ELE-000315,Ventilador de torre oscilante,Ventilador de diseño compacto con distintas velocidades de ventilación.,Electrodomésticos,Climatización,Ventiladores,Ventilador de torre,1122.89,Yes,0,Domus Pro
ROP-000186,Sujetador con aros negro,Sujetador con aros que proporciona sujeción y buen levantamiento.,Ropa,Mujer,Lencería,Sujetador con aros,61.78,Yes,0,Alta Fibra
JOY-000055,Pendientes de aro minimalistas,"Pendientes ligeros de plata con acabado brillante, fáciles de combinar.",Joyería,Pendientes,Pendientes de plata,Pendientes de aro,1516.93,Yes,40,Aurea Diseño
ALI-000659,Manzanas Royal Gala,"Fruta fresca de temporada, seleccionada por tamaño y calidad.",Alimentación,Frutas y verduras,Frutas frescas,Manzanas,16.63,Yes,20,Verde Cosecha
ALI-000376,Zumo de naranja sin pulpa,"Zumo elaborado a partir de naranjas seleccionadas, sin azúcares añadidos.",Alimentación,Bebidas,Zumos,Zumo de naranja,9.73,Yes,15,Grano de Oro
ALI-000632,Manzanas Golden,"Fruta fresca de temporada, seleccionada por tamaño y calidad.",Alimentación,Frutas y verduras,Frutas frescas,Manzanas,13.60,Yes,0,Nutrivida
ALI-000070,Refresco de cola sabor lima,"Bebida refrescante carbonatada, ideal para acompañar comidas o disfrutar fría.",Alimentación,Bebidas,Refrescos,Refresco de cola,9.62,Yes,0,La Tahona Azul
JOY-000030,Pendientes largos geométricos,"Pendientes de diseño llamativo, perfectos para ocasiones especiales.",Joyería,Pendientes,Pendientes colgantes,Pendientes largos,74.23,Yes,0,Orfebre Real
ALI-000509,Croissant mini pack,"Bollería horneada con receta tradicional, textura hojaldrada.",Alimentación,Panadería,Bollería,Croissant,22.57,Yes,0,La Tahona Azul
ALI-000420,Helado de vainilla tarrina 1L,"Helado cremoso elaborado con vainilla natural, textura suave.",Alimentación,Congelados,Helados,Helado de vainilla,29.52,Yes,0,Verde Cosecha
JOY-000155,Pulsera trenzada doble vuelta,"Pulsera artesanal trenzada a mano, resistente y de estilo casual.",Joyería,Pulseras,Pulseras de cuero,Pulsera trenzada,29.54,Yes,0,Reflejo Fino
ROP-000224,Vestido largo con cinturón,"Vestido de corte fluido, tejido ligero y caída favorecedora.",Ropa,Mujer,Vestidos,Vestido largo,77.46,Yes,0,Alta Fibra
ALI-000427,Queso curado de oveja,"Queso elaborado con leche seleccionada, curación tradicional y sabor intenso.",Alimentación,Lácteos,Quesos,Queso curado,25.55,Yes,15,Huerta Real
ELE-000123,Cafetera de cápsulas compacta,Cafetera práctica que prepara café de calidad en segundos.,Electrodomésticos,Pequeño electrodoméstico,Cafeteras,Cafetera de cápsulas,1295.77,Yes,0,Confort Total
ALI-000029,Tomates rama,"Verdura fresca de cultivo controlado, ideal para ensaladas y cocinar.",Alimentación,Frutas y verduras,Verduras frescas,Tomates,7.00,Yes,0,Verde Cosecha
ROP-000037,Sujetador con aros blanco,Sujetador con aros que proporciona sujeción y buen levantamiento.,Ropa,Mujer,Lencería,Sujetador con aros,101.40,Yes,60,Prenda Libre
ALI-000210,Helado de vainilla artesano,"Helado cremoso elaborado con vainilla natural, textura suave.",Alimentación,Congelados,Helados,Helado de vainilla,8.56,Yes,0,Sabores del Sur
ALI-000459,Croissant relleno de chocolate,"Bollería horneada con receta tradicional, textura hojaldrada.",Alimentación,Panadería,Bollería,Croissant,27.33,No,0,Cesta Rústica
ROP-000029,Sudadera con capucha de algodón orgánico,"Sudadera cómoda con capucha y bolsillo canguro, ideal para el día a día.",Ropa,Mujer,Sudaderas,Sudadera con capucha,85.58,Yes,0,Alta Fibra
JOY-000084,Pendientes de aro de plata 925,"Pendientes ligeros de plata con acabado brillante, fáciles de combinar.",Joyería,Pendientes,Pendientes de plata,Pendientes de aro,244.75,Yes,0,Joyas del Valle
ROP-000435,Sudadera con capucha gris jaspeada,"Sudadera cómoda con capucha y bolsillo canguro, ideal para el día a día.",Ropa,Mujer,Sudaderas,Sudadera con capucha,79.61,Yes,0,TrazoBlue
ROP-000024,Vestido largo con cinturón,"Vestido de corte fluido, tejido ligero y caída favorecedora.",Ropa,Mujer,Vestidos,Vestido largo,54.63,Yes,10,TrazoBlue
ELE-000185,Depiladora eléctrica recargable,"Depiladora eficaz de uso doméstico, ligera y fácil de manejar.",Electrodomésticos,Cuidado personal,Depiladoras,Depiladora eléctrica,888.11,No,0,HogarTech
ELE-000229,Cafetera de cápsulas compacta,Cafetera práctica que prepara café de calidad en segundos.,Electrodomésticos,Pequeño electrodoméstico,Cafeteras,Cafetera de cápsulas,555.33,Yes,30,Vitalux
ROP-000082,Zapatillas deportivas unisex,"Zapatillas ligeras con buena amortiguación, pensadas para uso diario o deporte.",Ropa,Calzado,Zapatillas,Zapatillas deportivas,127.16,Yes,5,TelaViva
ALI-000312,Tomates de huerta,"Verdura fresca de cultivo controlado, ideal para ensaladas y cocinar.",Alimentación,Frutas y verduras,Verduras frescas,Tomates,21.41,Yes,30,Nutrivida
ALI-000540,Yogur natural desnatado,Yogur cremoso elaborado con leche fresca y fermentos activos.,Alimentación,Lácteos,Yogures,Yogur natural,16.61,Yes,0,Grano de Oro
ELE-000104,Depiladora eléctrica compacta,"Depiladora eficaz de uso doméstico, ligera y fácil de manejar.",Electrodomésticos,Cuidado personal,Depiladoras,Depiladora eléctrica,1246.46,Yes,40,Impulso Hogar
ROP-000004,Bota de invierno alta,"Bota resistente al agua con suela antideslizante, pensada para el frío.",Ropa,Calzado,Botas,Bota de invierno,12.78,Yes,0,UrbanCotto
ALI-000247,Zumo de naranja pack 6 unidades,"Zumo elaborado a partir de naranjas seleccionadas, sin azúcares añadidos.",Alimentación,Bebidas,Zumos,Zumo de naranja,21.49,Yes,0,Sabor Norte
ALI-000576,Yogur natural con bífidus,Yogur cremoso elaborado con leche fresca y fermentos activos.,Alimentación,Lácteos,Yogures,Yogur natural,10.82,Yes,10,La Tahona Azul
ALI-000536,Helado de vainilla tarrina 1L,"Helado cremoso elaborado con vainilla natural, textura suave.",Alimentación,Congelados,Helados,Helado de vainilla,4.65,Yes,0,Nutrivida
ELE-000040,Ventilador de torre bajo consumo,Ventilador de diseño compacto con distintas velocidades de ventilación.,Electrodomésticos,Climatización,Ventiladores,Ventilador de torre,392.87,Yes,0,Confort Total
ALI-000062,Manzanas Fuji,"Fruta fresca de temporada, seleccionada por tamaño y calidad.",Alimentación,Frutas y verduras,Frutas frescas,Manzanas,10.81,Yes,20,Nutrivida
ALI-000573,Pan integral sin corteza,"Pan de miga suave elaborado con harina integral, fuente de fibra.",Alimentación,Panadería,Pan de molde,Pan integral,25.19,Yes,0,Campo Fresco
ROP-000210,Camiseta infantil estampada pack 2 unidades,Camiseta infantil de algodón suave con estampado divertido.,Ropa,Niños,Camisetas,Camiseta estampada,74.00,Yes,0,SolTejido
ELE-000285,Ventilador de torre con temporizador,Ventilador de diseño compacto con distintas velocidades de ventilación.,Electrodomésticos,Climatización,Ventiladores,Ventilador de torre,1461.62,Yes,50,Electra Norte
ROP-000114,Gorro de punto unisex,Gorro tejido que abriga sin renunciar al estilo.,Ropa,Accesorios,Gorros,Gorro de punto,72.79,Yes,0,Estilo Urbano
ROP-000028,Bufanda de lana de punto grueso,"Bufanda cálida tejida en lana suave, ideal para el invierno.",Ropa,Accesorios,Bufandas,Bufanda de lana,87.59,Yes,0,Estilo Urbano
JOY-000108,Anillo ajustable con piedra natural,"Anillo de plata de talla ajustable, cómodo para uso diario.",Joyería,Anillos,Anillos de plata,Anillo ajustable,1785.62,Yes,0,Joyas del Valle
ELE-000145,Horno eléctrico con grill,Horno con distribución uniforme del calor y múltiples funciones de cocinado.,Electrodomésticos,Cocina,Hornos,Horno eléctrico,920.88,Yes,0,Impulso Hogar
ALI-000456,Yogur natural pack 4 unidades,Yogur cremoso elaborado con leche fresca y fermentos activos.,Alimentación,Lácteos,Yogures,Yogur natural,24.94,Yes,0,Grano de Oro
ROP-000692,Pantalón vaquero slim fit,Pantalón vaquero de algodón resistente con corte cómodo.,Ropa,Hombre,Pantalones,Pantalón vaquero,169.31,Yes,0,Costura 21
ALI-000032,Yogur natural griego,Yogur cremoso elaborado con leche fresca y fermentos activos.,Alimentación,Lácteos,Yogures,Yogur natural,24.32,Yes,0,Nutrivida
ALI-000086,Refresco de cola light,"Bebida refrescante carbonatada, ideal para acompañar comidas o disfrutar fría.",Alimentación,Bebidas,Refrescos,Refresco de cola,10.26,Yes,0,Sabores del Sur
ROP-000681,Sujetador con aros blanco,Sujetador con aros que proporciona sujeción y buen levantamiento.,Ropa,Mujer,Lencería,Sujetador con aros,53.20,Yes,0,Modaline
ROP-000667,Sudadera sin capucha oversize,"Sudadera básica sin capucha, cómoda y versátil para combinar con cualquier look.",Ropa,Mujer,Sudaderas,Sudadera sin capucha,115.39,Yes,0,SolTejido
ROP-000581,Camiseta infantil estampada rayas,Camiseta infantil de algodón suave con estampado divertido.,Ropa,Niños,Camisetas,Camiseta estampada,71.44,Yes,0,Estilo Urbano
ROP-000131,Camiseta infantil estampada pack 2 unidades,Camiseta infantil de algodón suave con estampado divertido.,Ropa,Niños,Camisetas,Camiseta estampada,187.04,No,0,TelaViva
ROP-000212,Bufanda de lana a cuadros,"Bufanda cálida tejida en lana suave, ideal para el invierno.",Ropa,Accesorios,Bufandas,Bufanda de lana,28.05,Yes,20,UrbanCotto
ALI-000246,Pan integral sin corteza,"Pan de miga suave elaborado con harina integral, fuente de fibra.",Alimentación,Panadería,Pan de molde,Pan integral,4.58,Yes,0,Verde Cosecha
ELE-000051,Batidora de mano con accesorios,"Batidora versátil pensada para triturar, batir y emulsionar.",Electrodomésticos,Pequeño electrodoméstico,Batidoras,Batidora de mano,97.12,No,15,Vitalux
ELE-000267,Batidora de mano con accesorios,"Batidora versátil pensada para triturar, batir y emulsionar.",Electrodomésticos,Pequeño electrodoméstico,Batidoras,Batidora de mano,286.80,Yes,40,NordLine
ELE-000270,Batidora de mano 600W,"Batidora versátil pensada para triturar, batir y emulsionar.",Electrodomésticos,Pequeño electrodoméstico,Batidoras,Batidora de mano,335.94,Yes,40,Impulso Hogar
ALI-000195,Refresco de cola original,"Bebida refrescante carbonatada, ideal para acompañar comidas o disfrutar fría.",Alimentación,Bebidas,Refrescos,Refresco de cola,19.70,Yes,20,Punto Sabor
ALI-000263,Queso curado mezcla,"Queso elaborado con leche seleccionada, curación tradicional y sabor intenso.",Alimentación,Lácteos,Quesos,Queso curado,1.79,Yes,0,Campo Fresco
ROP-000039,Abrigo de invierno infantil acolchado,Abrigo cálido y resistente pensado para los meses más fríos.,Ropa,Niños,Abrigos,Abrigo de invierno,51.66,Yes,0,Modaline
ROP-000313,Pantalón vaquero slim fit,Pantalón vaquero de algodón resistente con corte cómodo.,Ropa,Hombre,Pantalones,Pantalón vaquero,28.05,Yes,0,Vestir Norte
JOY-000051,Pendientes de aro minimalistas,"Pendientes ligeros de plata con acabado brillante, fáciles de combinar.",Joyería,Pendientes,Pendientes de plata,Pendientes de aro,607.82,No,0,Metal Noble
ROP-000670,Zapatillas deportivas con memory foam,"Zapatillas ligeras con buena amortiguación, pensadas para uso diario o deporte.",Ropa,Calzado,Zapatillas,Zapatillas deportivas,154.83,Yes,40,Hilo & Forma
ROP-000061,Bufanda de lana a cuadros,"Bufanda cálida tejida en lana suave, ideal para el invierno.",Ropa,Accesorios,Bufandas,Bufanda de lana,56.26,Yes,30,Estilo Urbano
ALI-000076,Manzanas Royal Gala,"Fruta fresca de temporada, seleccionada por tamaño y calidad.",Alimentación,Frutas y verduras,Frutas frescas,Manzanas,24.29,Yes,0,Campo Fresco
ROP-000641,Bufanda de lana con flecos,"Bufanda cálida tejida en lana suave, ideal para el invierno.",Ropa,Accesorios,Bufandas,Bufanda de lana,176.80,Yes,0,Alta Fibra
ALI-000237,Zumo de naranja sin pulpa,"Zumo elaborado a partir de naranjas seleccionadas, sin azúcares añadidos.",Alimentación,Bebidas,Zumos,Zumo de naranja,21.23,No,60,Punto Sabor
ALI-000293,Helado de vainilla con trozos de chocolate,"Helado cremoso elaborado con vainilla natural, textura suave.",Alimentación,Congelados,Helados,Helado de vainilla,6.72,Yes,0,Punto Sabor
ROP-000085,Gorro de punto térmico,Gorro tejido que abriga sin renunciar al estilo.,Ropa,Accesorios,Gorros,Gorro de punto,151.04,No,0,Prenda Libre
ELE-000126,Secador iónico con difusor,Secador con tecnología iónica que reduce el encrespamiento del cabello.,Electrodomésticos,Cuidado personal,Secadores de pelo,Secador iónico,273.97,No,0,Electra Norte
ROP-000103,Sujetador con aros negro,Sujetador con aros que proporciona sujeción y buen levantamiento.,Ropa,Mujer,Lencería,Sujetador con aros,134.87,Yes,0,Estilo Urbano
ROP-000383,Camiseta básica algodón manga corta blanca,"Camiseta de algodón 100% suave y transpirable, ideal para el día a día.",Ropa,Hombre,Camisetas,Camiseta manga corta,170.64,Yes,60,Estilo Urbano
ROP-000395,Vestido largo de lino,"Vestido de corte fluido, tejido ligero y caída favorecedora.",Ropa,Mujer,Vestidos,Vestido largo,39.98,No,0,Vestir Norte
ELE-000168,Horno eléctrico empotrable,Horno con distribución uniforme del calor y múltiples funciones de cocinado.,Electrodomésticos,Cocina,Hornos,Horno eléctrico,1094.47,Yes,15,Electra Norte
ALI-000005,Croissant integral,"Bollería horneada con receta tradicional, textura hojaldrada.",Alimentación,Panadería,Bollería,Croissant,5.09,No,0,Delicia Natural
ALI-000242,Helado de vainilla sin lactosa,"Helado cremoso elaborado con vainilla natural, textura suave.",Alimentación,Congelados,Helados,Helado de vainilla,13.41,Yes,20,Cesta Rústica
ROP-000018,Gorro de punto con pompón,Gorro tejido que abriga sin renunciar al estilo.,Ropa,Accesorios,Gorros,Gorro de punto,78.75,Yes,0,Alta Fibra
ALI-000118,Pan integral multicereales,"Pan de miga suave elaborado con harina integral, fuente de fibra.",Alimentación,Panadería,Pan de molde,Pan integral,26.25,Yes,0,Sabor Norte
ALI-000110,Tomates rama,"Verdura fresca de cultivo controlado, ideal para ensaladas y cocinar.",Alimentación,Frutas y verduras,Verduras frescas,Tomates,14.54,Yes,0,Cesta Rústica
ROP-000398,Bota de invierno impermeable,"Bota resistente al agua con suela antideslizante, pensada para el frío.",Ropa,Calzado,Botas,Bota de invierno,104.94,Yes,15,Modaline
JOY-000035,Anillo de compromiso clásico,"Anillo elaborado en oro de alta calidad, acabado pulido y elegante.",Joyería,Anillos,Anillos de oro,Anillo de compromiso,458.24,Yes,0,Gema Pura
ALI-000471,Queso curado mezcla,"Queso elaborado con leche seleccionada, curación tradicional y sabor intenso.",Alimentación,Lácteos,Quesos,Queso curado,15.77,Yes,25,Campo Fresco
ALI-000120,Refresco de cola light,"Bebida refrescante carbonatada, ideal para acompañar comidas o disfrutar fría.",Alimentación,Bebidas,Refrescos,Refresco de cola,2.69,Yes,0,Nutrivida
ROP-000420,Sudadera sin capucha cuello redondo,"Sudadera básica sin capucha, cómoda y versátil para combinar con cualquier look.",Ropa,Mujer,Sudaderas,Sudadera sin capucha,184.49,No,0,Alta Fibra
ALI-000354,Tomates rama,"Verdura fresca de cultivo controlado, ideal para ensaladas y cocinar.",Alimentación,Frutas y verduras,Verduras frescas,Tomates,25.88,Yes,40,Punto Sabor
ALI-000109,Tomates pera,"Verdura fresca de cultivo controlado, ideal para ensaladas y cocinar.",Alimentación,Frutas y verduras,Verduras frescas,Tomates,28.47,Yes,50,La Tahona Azul
ROP-000408,Bota de invierno impermeable,"Bota resistente al agua con suela antideslizante, pensada para el frío.",Ropa,Calzado,Botas,Bota de invierno,164.67,No,0,NordVía
ALI-000057,Tomates rama,"Verdura fresca de cultivo controlado, ideal para ensaladas y cocinar.",Alimentación,Frutas y verduras,Verduras frescas,Tomates,4.26,Yes,5,Sabores del Sur
ALI-000649,Zumo de naranja pack 6 unidades,"Zumo elaborado a partir de naranjas seleccionadas, sin azúcares añadidos.",Alimentación,Bebidas,Zumos,Zumo de naranja,6.91,Yes,30,Punto Sabor
ALI-000419,Helado de vainilla tarrina 1L,"Helado cremoso elaborado con vainilla natural, textura suave.",Alimentación,Congelados,Helados,Helado de vainilla,23.18,Yes,0,Sabor Norte
ELE-000080,Ventilador de torre oscilante,Ventilador de diseño compacto con distintas velocidades de ventilación.,Electrodomésticos,Climatización,Ventiladores,Ventilador de torre,720.38,Yes,0,Domus Pro
ELE-000192,Cafetera de cápsulas programable,Cafetera práctica que prepara café de calidad en segundos.,Electrodomésticos,Pequeño electrodoméstico,Cafeteras,Cafetera de cápsulas,1033.35,No,15,Domus Pro
ROP-000569,Abrigo de invierno infantil acolchado,Abrigo cálido y resistente pensado para los meses más fríos.,Ropa,Niños,Abrigos,Abrigo de invierno,77.63,Yes,0,Costura 21
ELE-000312,Aspiradora sin cable con batería de larga duración,"Aspiradora inalámbrica de fácil manejo, ideal para limpiezas rápidas.",Electrodomésticos,Limpieza,Aspiradoras,Aspiradora sin cable,63.74,Yes,0,CasaFácil
ROP-000080,Camiseta básica algodón manga corta blanca,"Camiseta de algodón 100% suave y transpirable, ideal para el día a día.",Ropa,Hombre,Camisetas,Camiseta manga corta,107.18,No,0,Vestir Norte
ALI-000265,Manzanas Royal Gala,"Fruta fresca de temporada, seleccionada por tamaño y calidad.",Alimentación,Frutas y verduras,Frutas frescas,Manzanas,25.93,Yes,0,Grano de Oro
ELE-000392,Aspiradora sin cable ligera,"Aspiradora inalámbrica de fácil manejo, ideal para limpiezas rápidas.",Electrodomésticos,Limpieza,Aspiradoras,Aspiradora sin cable,164.15,Yes,0,CasaFácil
JOY-000129,Reloj de pulsera clásico unisex,Reloj de diseño clásico con maquinaria de precisión y acabado elegante.,Joyería,Relojes,Relojes analógicos,Reloj de pulsera clásico,1880.63,Yes,0,Aurea Diseño
ELE-000255,Aire acondicionado Split 1x1 3000 frigorías,Equipo de climatización eficiente con control de temperatura preciso.,Electrodomésticos,Climatización,Aire acondicionado,Split 1x1,553.27,No,0,TecnoCasa
ROP-000310,Sudadera con capucha de algodón orgánico,"Sudadera cómoda con capucha y bolsillo canguro, ideal para el día a día.",Ropa,Mujer,Sudaderas,Sudadera con capucha,41.95,Yes,0,Hilo & Forma
ALI-000172,Refresco de cola sin azúcar,"Bebida refrescante carbonatada, ideal para acompañar comidas o disfrutar fría.",Alimentación,Bebidas,Refrescos,Refresco de cola,25.87,Yes,60,Campo Fresco
ROP-000444,Bota de invierno antideslizante,"Bota resistente al agua con suela antideslizante, pensada para el frío.",Ropa,Calzado,Botas,Bota de invierno,125.30,Yes,30,Vestir Norte
ROP-000347,Camiseta básica algodón manga corta gris jaspeado,"Camiseta de algodón 100% suave y transpirable, ideal para el día a día.",Ropa,Hombre,Camisetas,Camiseta manga corta,81.89,Yes,10,Estilo Urbano
ROP-000357,Camiseta infantil estampada dinosaurios,Camiseta infantil de algodón suave con estampado divertido.,Ropa,Niños,Camisetas,Camiseta estampada,143.32,Yes,20,Estilo Urbano
ROP-000533,Blusa manga larga con lazo,"Blusa ligera de tacto suave, versátil para looks casuales o de oficina.",Ropa,Mujer,Camisas,Blusa manga larga,14.31,Yes,0,SolTejido
ROP-000506,Bufanda de lana a cuadros,"Bufanda cálida tejida en lana suave, ideal para el invierno.",Ropa,Accesorios,Bufandas,Bufanda de lana,101.10,Yes,0,Estilo Urbano
ALI-000189,Croissant sin gluten,"Bollería horneada con receta tradicional, textura hojaldrada.",Alimentación,Panadería,Bollería,Croissant,22.50,Yes,60,Sabor Norte
ELE-000283,Frigorífico combi 185cm,Frigorífico de gran capacidad con tecnología de enfriamiento eficiente.,Electrodomésticos,Cocina,Frigoríficos,Frigorífico combi,43.96,No,0,Aire Puro
JOY-000107,Collar con colgante iniciales,"Collar de plata con acabado brillante, diseño delicado y atemporal.",Joyería,Collares,Collares de plata,Collar con colgante,1019.05,Yes,0,Plata del Norte
ELE-000287,Secador iónico silencioso,Secador con tecnología iónica que reduce el encrespamiento del cabello.,Electrodomésticos,Cuidado personal,Secadores de pelo,Secador iónico,439.21,Yes,10,Impulso Hogar
ELE-000354,Ventilador de torre bajo consumo,Ventilador de diseño compacto con distintas velocidades de ventilación.,Electrodomésticos,Climatización,Ventiladores,Ventilador de torre,787.56,Yes,0,Domus Pro
JOY-000058,Pulsera trenzada unisex,"Pulsera artesanal trenzada a mano, resistente y de estilo casual.",Joyería,Pulseras,Pulseras de cuero,Pulsera trenzada,1493.81,No,0,Reflejo Fino
ALI-000689,Pan integral sin corteza,"Pan de miga suave elaborado con harina integral, fuente de fibra.",Alimentación,Panadería,Pan de molde,Pan integral,8.91,Yes,0,Sabor Norte
JOY-000148,Collar con colgante minimalista,"Collar de plata con acabado brillante, diseño delicado y atemporal.",Joyería,Collares,Collares de plata,Collar con colgante,757.62,Yes,0,Lumina Joyas
ALI-000044,Manzanas ecológicas,"Fruta fresca de temporada, seleccionada por tamaño y calidad.",Alimentación,Frutas y verduras,Frutas frescas,Manzanas,1.67,Yes,0,Verde Cosecha
ALI-000192,Croissant de mantequilla,"Bollería horneada con receta tradicional, textura hojaldrada.",Alimentación,Panadería,Bollería,Croissant,21.52,Yes,30,Nutrivida
ROP-000428,Sudadera con capucha gris jaspeada,"Sudadera cómoda con capucha y bolsillo canguro, ideal para el día a día.",Ropa,Mujer,Sudaderas,Sudadera con capucha,32.96,Yes,0,NordVía
ROP-000050,Vestido largo con cinturón,"Vestido de corte fluido, tejido ligero y caída favorecedora.",Ropa,Mujer,Vestidos,Vestido largo,151.01,Yes,0,Prenda Libre
ALI-000143,Refresco de cola light,"Bebida refrescante carbonatada, ideal para acompañar comidas o disfrutar fría.",Alimentación,Bebidas,Refrescos,Refresco de cola,19.61,Yes,25,Sabor Norte
ELE-000150,Frigorífico combi acero inoxidable,Frigorífico de gran capacidad con tecnología de enfriamiento eficiente.,Electrodomésticos,Cocina,Frigoríficos,Frigorífico combi,772.85,Yes,0,Impulso Hogar
ALI-000006,Refresco de cola light,"Bebida refrescante carbonatada, ideal para acompañar comidas o disfrutar fría.",Alimentación,Bebidas,Refrescos,Refresco de cola,11.09,Yes,0,Sabor Norte
ROP-000680,Blusa manga larga lisa blanca,"Blusa ligera de tacto suave, versátil para looks casuales o de oficina.",Ropa,Mujer,Camisas,Blusa manga larga,153.80,Yes,25,UrbanCotto
ROP-000414,Gorro de punto con pompón,Gorro tejido que abriga sin renunciar al estilo.,Ropa,Accesorios,Gorros,Gorro de punto,28.19,Yes,0,TelaViva
JOY-000188,Pulsera de eslabones gruesa,Pulsera de plata con eslabones resistentes y acabado pulido.,Joyería,Pulseras,Pulseras de plata,Pulsera de eslabones,627.87,Yes,0,Plata del Norte
ROP-000351,Bota de invierno alta,"Bota resistente al agua con suela antideslizante, pensada para el frío.",Ropa,Calzado,Botas,Bota de invierno,175.47,Yes,30,TrazoBlue
ROP-000493,Vestido largo con cinturón,"Vestido de corte fluido, tejido ligero y caída favorecedora.",Ropa,Mujer,Vestidos,Vestido largo,56.05,No,0,Alta Fibra
ALI-000485,Croissant integral,"Bollería horneada con receta tradicional, textura hojaldrada.",Alimentación,Panadería,Bollería,Croissant,2.38,Yes,0,La Tahona Azul
ROP-000656,Gorro de punto de lana merino,Gorro tejido que abriga sin renunciar al estilo.,Ropa,Accesorios,Gorros,Gorro de punto,93.42,Yes,0,UrbanCotto
JOY-000198,Anillo de compromiso oro blanco,"Anillo elaborado en oro de alta calidad, acabado pulido y elegante.",Joyería,Anillos,Anillos de oro,Anillo de compromiso,956.24,Yes,15,Metal Noble
ROP-000259,Blusa manga larga oversize,"Blusa ligera de tacto suave, versátil para looks casuales o de oficina.",Ropa,Mujer,Camisas,Blusa manga larga,126.92,Yes,0,Vestir Norte
ALI-000603,Refresco de cola original,"Bebida refrescante carbonatada, ideal para acompañar comidas o disfrutar fría.",Alimentación,Bebidas,Refrescos,Refresco de cola,28.48,Yes,0,Delicia Natural
ROP-000295,Sujetador con aros blanco,Sujetador con aros que proporciona sujeción y buen levantamiento.,Ropa,Mujer,Lencería,Sujetador con aros,140.65,Yes,0,NordVía
ALI-000344,Helado de vainilla con trozos de chocolate,"Helado cremoso elaborado con vainilla natural, textura suave.",Alimentación,Congelados,Helados,Helado de vainilla,21.21,No,20,Sabores del Sur
ELE-000399,Aire acondicionado Split 1x1 bomba de calor,Equipo de climatización eficiente con control de temperatura preciso.,Electrodomésticos,Climatización,Aire acondicionado,Split 1x1,405.20,Yes,0,Electra Norte
JOY-000118,Collar con colgante corazón,"Collar de plata con acabado brillante, diseño delicado y atemporal.",Joyería,Collares,Collares de plata,Collar con colgante,1913.07,Yes,0,Reflejo Fino
ALI-000275,Yogur natural pack 4 unidades,Yogur cremoso elaborado con leche fresca y fermentos activos.,Alimentación,Lácteos,Yogures,Yogur natural,13.60,Yes,0,Grano de Oro
ALI-000296,Croissant mini pack,"Bollería horneada con receta tradicional, textura hojaldrada.",Alimentación,Panadería,Bollería,Croissant,6.52,Yes,0,Nutrivida
JOY-000169,Pendientes largos geométricos,"Pendientes de diseño llamativo, perfectos para ocasiones especiales.",Joyería,Pendientes,Pendientes colgantes,Pendientes largos,1120.23,Yes,0,Lumina Joyas
ELE-000344,Cafetera de cápsulas programable,Cafetera práctica que prepara café de calidad en segundos.,Electrodomésticos,Pequeño electrodoméstico,Cafeteras,Cafetera de cápsulas,298.12,Yes,0,CocinaSmart
ROP-000430,Sujetador sin aros deportivo,"Sujetador sin aros, cómodo y flexible, ideal para el uso diario.",Ropa,Mujer,Lencería,Sujetador sin aros,50.41,Yes,0,NordVía
ALI-000494,Lasaña congelada familiar,"Plato preparado listo en minutos, ideal para el día a día.",Alimentación,Congelados,Platos preparados,Lasaña congelada,22.32,Yes,0,Delicia Natural
ALI-000289,Zumo de naranja pack 6 unidades,"Zumo elaborado a partir de naranjas seleccionadas, sin azúcares añadidos.",Alimentación,Bebidas,Zumos,Zumo de naranja,25.46,Yes,0,Delicia Natural
ALI-000261,Pan integral con semillas,"Pan de miga suave elaborado con harina integral, fuente de fibra.",Alimentación,Panadería,Pan de molde,Pan integral,16.61,Yes,0,Grano de Oro
ALI-000693,Zumo de naranja sin pulpa,"Zumo elaborado a partir de naranjas seleccionadas, sin azúcares añadidos.",Alimentación,Bebidas,Zumos,Zumo de naranja,22.12,No,0,Punto Sabor
ROP-000381,Sujetador sin aros blanco,"Sujetador sin aros, cómodo y flexible, ideal para el uso diario.",Ropa,Mujer,Lencería,Sujetador sin aros,74.69,Yes,0,TelaViva
ROP-000453,Sujetador con aros con encaje,Sujetador con aros que proporciona sujeción y buen levantamiento.,Ropa,Mujer,Lencería,Sujetador con aros,124.89,Yes,0,TrazoBlue
JOY-000021,Anillo de compromiso oro blanco,"Anillo elaborado en oro de alta calidad, acabado pulido y elegante.",Joyería,Anillos,Anillos de oro,Anillo de compromiso,725.53,Yes,0,Orfebre Real
ELE-000350,Secador iónico profesional,Secador con tecnología iónica que reduce el encrespamiento del cabello.,Electrodomésticos,Cuidado personal,Secadores de pelo,Secador iónico,999.59,Yes,0,Domus Pro
ALI-000176,Helado de vainilla sin lactosa,"Helado cremoso elaborado con vainilla natural, textura suave.",Alimentación,Congelados,Helados,Helado de vainilla,2.36,Yes,25,Punto Sabor
JOY-000179,Anillo de compromiso solitario,"Anillo elaborado en oro de alta calidad, acabado pulido y elegante.",Joyería,Anillos,Anillos de oro,Anillo de compromiso,1717.20,Yes,70,Lumina Joyas
ALI-000686,Helado de vainilla con trozos de chocolate,"Helado cremoso elaborado con vainilla natural, textura suave.",Alimentación,Congelados,Helados,Helado de vainilla,3.88,Yes,0,Campo Fresco
ALI-000371,Manzanas de temporada,"Fruta fresca de temporada, seleccionada por tamaño y calidad.",Alimentación,Frutas y verduras,Frutas frescas,Manzanas,26.15,Yes,5,Campo Fresco
ROP-000574,Camiseta básica algodón manga corta gris jaspeado,"Camiseta de algodón 100% suave y transpirable, ideal para el día a día.",Ropa,Hombre,Camisetas,Camiseta manga corta,133.73,Yes,5,UrbanCotto
ALI-000023,Tomates pera,"Verdura fresca de cultivo controlado, ideal para ensaladas y cocinar.",Alimentación,Frutas y verduras,Verduras frescas,Tomates,10.06,Yes,25,Verde Cosecha
ELE-000284,Aspiradora sin cable con filtro HEPA,"Aspiradora inalámbrica de fácil manejo, ideal para limpiezas rápidas.",Electrodomésticos,Limpieza,Aspiradoras,Aspiradora sin cable,1498.59,Yes,0,Impulso Hogar
ALI-000334,Lasaña congelada individual,"Plato preparado listo en minutos, ideal para el día a día.",Alimentación,Congelados,Platos preparados,Lasaña congelada,16.53,Yes,60,Punto Sabor
ALI-000280,Refresco de cola sabor lima,"Bebida refrescante carbonatada, ideal para acompañar comidas o disfrutar fría.",Alimentación,Bebidas,Refrescos,Refresco de cola,10.75,Yes,0,Punto Sabor
ROP-000143,Sujetador sin aros negro,"Sujetador sin aros, cómodo y flexible, ideal para el uso diario.",Ropa,Mujer,Lencería,Sujetador sin aros,150.80,Yes,40,Alta Fibra
ALI-000240,Lasaña congelada de carne,"Plato preparado listo en minutos, ideal para el día a día.",Alimentación,Congelados,Platos preparados,Lasaña congelada,23.24,Yes,5,La Tahona Azul
ELE-000153,Depiladora eléctrica recargable,"Depiladora eficaz de uso doméstico, ligera y fácil de manejar.",Electrodomésticos,Cuidado personal,Depiladoras,Depiladora eléctrica,684.01,Yes,60,CasaFácil
ALI-000549,Refresco de cola original,"Bebida refrescante carbonatada, ideal para acompañar comidas o disfrutar fría.",Alimentación,Bebidas,Refrescos,Refresco de cola,5.54,Yes,0,Campo Fresco
ELE-000334,Horno eléctrico empotrable,Horno con distribución uniforme del calor y múltiples funciones de cocinado.,Electrodomésticos,Cocina,Hornos,Horno eléctrico,89.67,Yes,50,CasaFácil
ELE-000028,Frigorífico combi con dispensador de agua,Frigorífico de gran capacidad con tecnología de enfriamiento eficiente.,Electrodomésticos,Cocina,Frigoríficos,Frigorífico combi,282.31,Yes,15,NordLine
ALI-000302,Croissant sin gluten,"Bollería horneada con receta tradicional, textura hojaldrada.",Alimentación,Panadería,Bollería,Croissant,29.02,Yes,0,Nutrivida
ELE-000013,Cafetera de cápsulas con espumador de leche,Cafetera práctica que prepara café de calidad en segundos.,Electrodomésticos,Pequeño electrodoméstico,Cafeteras,Cafetera de cápsulas,478.44,Yes,0,Vitalux
ROP-000237,Vestido largo con cinturón,"Vestido de corte fluido, tejido ligero y caída favorecedora.",Ropa,Mujer,Vestidos,Vestido largo,21.79,Yes,70,UrbanCotto
ALI-000241,Zumo de naranja pack 6 unidades,"Zumo elaborado a partir de naranjas seleccionadas, sin azúcares añadidos.",Alimentación,Bebidas,Zumos,Zumo de naranja,18.12,Yes,0,La Espiga Dorada
ROP-000407,Sujetador sin aros con encaje,"Sujetador sin aros, cómodo y flexible, ideal para el uso diario.",Ropa,Mujer,Lencería,Sujetador sin aros,112.47,Yes,0,Hilo & Forma
ROP-000102,Sujetador con aros push up,Sujetador con aros que proporciona sujeción y buen levantamiento.,Ropa,Mujer,Lencería,Sujetador con aros,148.84,Yes,0,Alta Fibra
ELE-000015,Batidora de mano inoxidable,"Batidora versátil pensada para triturar, batir y emulsionar.",Electrodomésticos,Pequeño electrodoméstico,Batidoras,Batidora de mano,31.02,Yes,0,Vitalux
ROP-000608,Camiseta básica algodón manga corta blanca,"Camiseta de algodón 100% suave y transpirable, ideal para el día a día.",Ropa,Hombre,Camisetas,Camiseta manga corta,187.56,Yes,0,Prenda Libre
ALI-000019,Lasaña congelada familiar,"Plato preparado listo en minutos, ideal para el día a día.",Alimentación,Congelados,Platos preparados,Lasaña congelada,20.57,Yes,25,Huerta Real
ELE-000133,Batidora de mano con accesorios,"Batidora versátil pensada para triturar, batir y emulsionar.",Electrodomésticos,Pequeño electrodoméstico,Batidoras,Batidora de mano,1021.26,No,0,TecnoCasa
ELE-000349,Aire acondicionado Split 1x1 wifi,Equipo de climatización eficiente con control de temperatura preciso.,Electrodomésticos,Climatización,Aire acondicionado,Split 1x1,1122.64,Yes,15,NordLine
ALI-000473,Refresco de cola zero cafeína,"Bebida refrescante carbonatada, ideal para acompañar comidas o disfrutar fría.",Alimentación,Bebidas,Refrescos,Refresco de cola,29.61,No,0,Huerta Real
ROP-000602,Abrigo de invierno infantil reversible,Abrigo cálido y resistente pensado para los meses más fríos.,Ropa,Niños,Abrigos,Abrigo de invierno,94.88,Yes,0,Prenda Libre
ROP-000499,Abrigo de invierno infantil acolchado,Abrigo cálido y resistente pensado para los meses más fríos.,Ropa,Niños,Abrigos,Abrigo de invierno,195.34,Yes,0,Costura 21
ALI-000269,Tomates cherry,"Verdura fresca de cultivo controlado, ideal para ensaladas y cocinar.",Alimentación,Frutas y verduras,Verduras frescas,Tomates,3.53,Yes,0,Grano de Oro
ROP-000139,Zapatillas deportivas unisex,"Zapatillas ligeras con buena amortiguación, pensadas para uso diario o deporte.",Ropa,Calzado,Zapatillas,Zapatillas deportivas,22.92,Yes,10,Costura 21
ROP-000110,Camiseta básica algodón manga corta azul marino,"Camiseta de algodón 100% suave y transpirable, ideal para el día a día.",Ropa,Hombre,Camisetas,Camiseta manga corta,35.01,Yes,0,Prenda Libre
ELE-000144,Ventilador de torre silencioso,Ventilador de diseño compacto con distintas velocidades de ventilación.,Electrodomésticos,Climatización,Ventiladores,Ventilador de torre,207.03,Yes,5,Impulso Hogar
ALI-000081,Yogur natural con bífidus,Yogur cremoso elaborado con leche fresca y fermentos activos.,Alimentación,Lácteos,Yogures,Yogur natural,18.07,No,70,La Tahona Azul
ALI-000470,Refresco de cola sin azúcar,"Bebida refrescante carbonatada, ideal para acompañar comidas o disfrutar fría.",Alimentación,Bebidas,Refrescos,Refresco de cola,18.23,Yes,0,La Tahona Azul
ALI-000251,Refresco de cola sabor lima,"Bebida refrescante carbonatada, ideal para acompañar comidas o disfrutar fría.",Alimentación,Bebidas,Refrescos,Refresco de cola,4.56,Yes,15,La Espiga Dorada
ALI-000139,Queso curado semicurado,"Queso elaborado con leche seleccionada, curación tradicional y sabor intenso.",Alimentación,Lácteos,Quesos,Queso curado,12.69,Yes,0,Nutrivida
JOY-000095,Collar con colgante corazón,"Collar de plata con acabado brillante, diseño delicado y atemporal.",Joyería,Collares,Collares de plata,Collar con colgante,991.65,Yes,0,Brillo Eterno
ALI-000037,Tomates pera,"Verdura fresca de cultivo controlado, ideal para ensaladas y cocinar.",Alimentación,Frutas y verduras,Verduras frescas,Tomates,27.83,Yes,0,Sabor Norte
ROP-000522,Abrigo de invierno infantil con capucha,Abrigo cálido y resistente pensado para los meses más fríos.,Ropa,Niños,Abrigos,Abrigo de invierno,161.30,Yes,10,UrbanCotto
ROP-000423,Pantalón vaquero slim fit,Pantalón vaquero de algodón resistente con corte cómodo.,Ropa,Hombre,Pantalones,Pantalón vaquero,26.51,Yes,25,TelaViva
ROP-000566,Sudadera sin capucha oversize,"Sudadera básica sin capucha, cómoda y versátil para combinar con cualquier look.",Ropa,Mujer,Sudaderas,Sudadera sin capucha,91.10,Yes,10,Hilo & Forma
ALI-000305,Croissant integral,"Bollería horneada con receta tradicional, textura hojaldrada.",Alimentación,Panadería,Bollería,Croissant,12.32,Yes,0,Huerta Real
ELE-000068,Robot aspirador compacto,Robot inteligente que limpia y friega de forma autónoma.,Electrodomésticos,Limpieza,Robots aspiradores,Robot aspirador,787.43,Yes,0,NordLine
ROP-000034,Blusa manga larga estampada,"Blusa ligera de tacto suave, versátil para looks casuales o de oficina.",Ropa,Mujer,Camisas,Blusa manga larga,165.53,Yes,0,NordVía
ROP-000320,Pantalón vaquero slim fit,Pantalón vaquero de algodón resistente con corte cómodo.,Ropa,Hombre,Pantalones,Pantalón vaquero,117.31,Yes,20,Prenda Libre
ROP-000361,Camiseta infantil estampada pack 2 unidades,Camiseta infantil de algodón suave con estampado divertido.,Ropa,Niños,Camisetas,Camiseta estampada,96.68,Yes,25,NordVía
ALI-000271,Queso curado mezcla,"Queso elaborado con leche seleccionada, curación tradicional y sabor intenso.",Alimentación,Lácteos,Quesos,Queso curado,29.95,Yes,5,Verde Cosecha
ALI-000444,Tomates pera,"Verdura fresca de cultivo controlado, ideal para ensaladas y cocinar.",Alimentación,Frutas y verduras,Verduras frescas,Tomates,13.52,Yes,0,Cesta Rústica
JOY-000085,Pulsera trenzada doble vuelta,"Pulsera artesanal trenzada a mano, resistente y de estilo casual.",Joyería,Pulseras,Pulseras de cuero,Pulsera trenzada,1268.93,Yes,50,Reflejo Fino
ALI-000313,Zumo de naranja exprimido,"Zumo elaborado a partir de naranjas seleccionadas, sin azúcares añadidos.",Alimentación,Bebidas,Zumos,Zumo de naranja,17.72,Yes,5,Sabores del Sur
ALI-000602,Zumo de naranja con pulpa,"Zumo elaborado a partir de naranjas seleccionadas, sin azúcares añadidos.",Alimentación,Bebidas,Zumos,Zumo de naranja,3.53,Yes,0,La Espiga Dorada
ALI-000479,Zumo de naranja 1L,"Zumo elaborado a partir de naranjas seleccionadas, sin azúcares añadidos.",Alimentación,Bebidas,Zumos,Zumo de naranja,19.21,Yes,10,Verde Cosecha
ROP-000583,Blusa manga larga oversize,"Blusa ligera de tacto suave, versátil para looks casuales o de oficina.",Ropa,Mujer,Camisas,Blusa manga larga,147.74,Yes,0,NordVía
JOY-000049,Pendientes de aro minimalistas,"Pendientes ligeros de plata con acabado brillante, fáciles de combinar.",Joyería,Pendientes,Pendientes de plata,Pendientes de aro,254.27,Yes,5,Aurea Diseño
ROP-000341,Sujetador sin aros deportivo,"Sujetador sin aros, cómodo y flexible, ideal para el uso diario.",Ropa,Mujer,Lencería,Sujetador sin aros,86.55,Yes,0,TelaViva
ROP-000592,Camiseta infantil estampada algodón orgánico,Camiseta infantil de algodón suave con estampado divertido.,Ropa,Niños,Camisetas,Camiseta estampada,118.94,Yes,50,Costura 21
ROP-000073,Vestido largo con cinturón,"Vestido de corte fluido, tejido ligero y caída favorecedora.",Ropa,Mujer,Vestidos,Vestido largo,60.87,Yes,0,SolTejido
ROP-000696,Camiseta básica algodón manga corta azul marino,"Camiseta de algodón 100% suave y transpirable, ideal para el día a día.",Ropa,Hombre,Camisetas,Camiseta manga corta,165.35,Yes,0,Costura 21
ALI-000154,Croissant de mantequilla,"Bollería horneada con receta tradicional, textura hojaldrada.",Alimentación,Panadería,Bollería,Croissant,25.64,No,0,Grano de Oro
ROP-000593,Sudadera sin capucha de algodón,"Sudadera básica sin capucha, cómoda y versátil para combinar con cualquier look.",Ropa,Mujer,Sudaderas,Sudadera sin capucha,33.15,Yes,15,TrazoBlue
ROP-000147,Blusa manga larga lisa blanca,"Blusa ligera de tacto suave, versátil para looks casuales o de oficina.",Ropa,Mujer,Camisas,Blusa manga larga,70.55,Yes,60,TrazoBlue
ALI-000487,Zumo de naranja sin pulpa,"Zumo elaborado a partir de naranjas seleccionadas, sin azúcares añadidos.",Alimentación,Bebidas,Zumos,Zumo de naranja,23.31,No,0,Delicia Natural
ELE-000305,Depiladora eléctrica recargable,"Depiladora eficaz de uso doméstico, ligera y fácil de manejar.",Electrodomésticos,Cuidado personal,Depiladoras,Depiladora eléctrica,699.51,Yes,0,NordLine
ALI-000243,Yogur natural con bífidus,Yogur cremoso elaborado con leche fresca y fermentos activos.,Alimentación,Lácteos,Yogures,Yogur natural,22.70,Yes,0,Delicia Natural
JOY-000020,Reloj de pulsera clásico correa de piel,Reloj de diseño clásico con maquinaria de precisión y acabado elegante.,Joyería,Relojes,Relojes analógicos,Reloj de pulsera clásico,58.24,No,0,Esencia de Oro
ROP-000254,Abrigo de invierno infantil con capucha,Abrigo cálido y resistente pensado para los meses más fríos.,Ropa,Niños,Abrigos,Abrigo de invierno,108.59,Yes,0,TelaViva
ROP-000219,Bota de invierno alta,"Bota resistente al agua con suela antideslizante, pensada para el frío.",Ropa,Calzado,Botas,Bota de invierno,15.92,Yes,0,Hilo & Forma
ELE-000212,Frigorífico combi No Frost,Frigorífico de gran capacidad con tecnología de enfriamiento eficiente.,Electrodomésticos,Cocina,Frigoríficos,Frigorífico combi,1109.47,Yes,20,Electra Norte
ROP-000136,Bufanda de lana a cuadros,"Bufanda cálida tejida en lana suave, ideal para el invierno.",Ropa,Accesorios,Bufandas,Bufanda de lana,171.87,Yes,25,Alta Fibra
ALI-000252,Yogur natural desnatado,Yogur cremoso elaborado con leche fresca y fermentos activos.,Alimentación,Lácteos,Yogures,Yogur natural,0.65,Yes,0,Verde Cosecha
ELE-000345,Depiladora eléctrica silenciosa,"Depiladora eficaz de uso doméstico, ligera y fácil de manejar.",Electrodomésticos,Cuidado personal,Depiladoras,Depiladora eléctrica,1290.52,Yes,0,Electra Norte
ALI-000513,Pan integral con semillas,"Pan de miga suave elaborado con harina integral, fuente de fibra.",Alimentación,Panadería,Pan de molde,Pan integral,4.11,No,0,Grano de Oro
ROP-000127,Vestido largo estampado floral,"Vestido de corte fluido, tejido ligero y caída favorecedora.",Ropa,Mujer,Vestidos,Vestido largo,50.05,Yes,0,Hilo & Forma
ELE-000205,Batidora de mano 600W,"Batidora versátil pensada para triturar, batir y emulsionar.",Electrodomésticos,Pequeño electrodoméstico,Batidoras,Batidora de mano,565.59,No,0,CocinaSmart
ALI-000389,Refresco de cola original,"Bebida refrescante carbonatada, ideal para acompañar comidas o disfrutar fría.",Alimentación,Bebidas,Refrescos,Refresco de cola,12.46,Yes,0,Sabor Norte
ALI-000495,Yogur natural griego,Yogur cremoso elaborado con leche fresca y fermentos activos.,Alimentación,Lácteos,Yogures,Yogur natural,27.06,Yes,0,Cesta Rústica
ROP-000338,Blusa manga larga lisa blanca,"Blusa ligera de tacto suave, versátil para looks casuales o de oficina.",Ropa,Mujer,Camisas,Blusa manga larga,185.94,Yes,0,Alta Fibra
ALI-000452,Yogur natural griego,Yogur cremoso elaborado con leche fresca y fermentos activos.,Alimentación,Lácteos,Yogures,Yogur natural,19.16,Yes,0,Verde Cosecha
ROP-000074,Abrigo de invierno infantil impermeable,Abrigo cálido y resistente pensado para los meses más fríos.,Ropa,Niños,Abrigos,Abrigo de invierno,128.10,Yes,10,Vestir Norte
ALI-000230,Queso curado añejo,"Queso elaborado con leche seleccionada, curación tradicional y sabor intenso.",Alimentación,Lácteos,Quesos,Queso curado,24.42,Yes,10,Sabor Norte
ALI-000551,Tomates ecológicos,"Verdura fresca de cultivo controlado, ideal para ensaladas y cocinar.",Alimentación,Frutas y verduras,Verduras frescas,Tomates,11.45,Yes,0,La Espiga Dorada
ALI-000088,Croissant mini pack,"Bollería horneada con receta tradicional, textura hojaldrada.",Alimentación,Panadería,Bollería,Croissant,28.31,Yes,0,Huerta Real
ROP-000330,Zapatillas deportivas con memory foam,"Zapatillas ligeras con buena amortiguación, pensadas para uso diario o deporte.",Ropa,Calzado,Zapatillas,Zapatillas deportivas,133.57,Yes,0,Prenda Libre
ALI-000224,Helado de vainilla bajo en azúcar,"Helado cremoso elaborado con vainilla natural, textura suave.",Alimentación,Congelados,Helados,Helado de vainilla,26.00,Yes,0,Grano de Oro
ALI-000647,Lasaña congelada individual,"Plato preparado listo en minutos, ideal para el día a día.",Alimentación,Congelados,Platos preparados,Lasaña congelada,29.13,Yes,0,Grano de Oro
ROP-000174,Abrigo de invierno infantil acolchado,Abrigo cálido y resistente pensado para los meses más fríos.,Ropa,Niños,Abrigos,Abrigo de invierno,176.63,Yes,0,Modaline
ROP-000422,Pantalón vaquero negro,Pantalón vaquero de algodón resistente con corte cómodo.,Ropa,Hombre,Pantalones,Pantalón vaquero,46.78,Yes,0,Vestir Norte
ROP-000203,Vestido largo estampado floral,"Vestido de corte fluido, tejido ligero y caída favorecedora.",Ropa,Mujer,Vestidos,Vestido largo,86.31,Yes,0,NordVía
ROP-000047,Bota de invierno antideslizante,"Bota resistente al agua con suela antideslizante, pensada para el frío.",Ropa,Calzado,Botas,Bota de invierno,98.98,Yes,0,UrbanCotto
ROP-000501,Abrigo de invierno infantil impermeable,Abrigo cálido y resistente pensado para los meses más fríos.,Ropa,Niños,Abrigos,Abrigo de invierno,82.52,Yes,0,Hilo & Forma
ALI-000388,Zumo de naranja 1L,"Zumo elaborado a partir de naranjas seleccionadas, sin azúcares añadidos.",Alimentación,Bebidas,Zumos,Zumo de naranja,17.17,No,0,Nutrivida
ROP-000513,Camiseta básica algodón manga corta gris jaspeado,"Camiseta de algodón 100% suave y transpirable, ideal para el día a día.",Ropa,Hombre,Camisetas,Camiseta manga corta,197.82,Yes,0,Modaline
ROP-000197,Vestido largo liso negro,"Vestido de corte fluido, tejido ligero y caída favorecedora.",Ropa,Mujer,Vestidos,Vestido largo,5.69,Yes,0,Alta Fibra
ALI-000680,Lasaña congelada boloñesa,"Plato preparado listo en minutos, ideal para el día a día.",Alimentación,Congelados,Platos preparados,Lasaña congelada,3.05,Yes,0,Verde Cosecha
ELE-000355,Cafetera de cápsulas compacta,Cafetera práctica que prepara café de calidad en segundos.,Electrodomésticos,Pequeño electrodoméstico,Cafeteras,Cafetera de cápsulas,190.48,No,0,Vitalux
ROP-000472,Gorro de punto de lana merino,Gorro tejido que abriga sin renunciar al estilo.,Ropa,Accesorios,Gorros,Gorro de punto,101.81,Yes,0,Costura 21
ALI-000355,Tomates rama,"Verdura fresca de cultivo controlado, ideal para ensaladas y cocinar.",Alimentación,Frutas y verduras,Verduras frescas,Tomates,29.37,Yes,25,Cesta Rústica
ALI-000690,Yogur natural desnatado,Yogur cremoso elaborado con leche fresca y fermentos activos.,Alimentación,Lácteos,Yogures,Yogur natural,18.68,Yes,0,Grano de Oro
ROP-000454,Bota de invierno impermeable,"Bota resistente al agua con suela antideslizante, pensada para el frío.",Ropa,Calzado,Botas,Bota de invierno,46.75,Yes,0,Estilo Urbano
ALI-000457,Helado de vainilla artesano,"Helado cremoso elaborado con vainilla natural, textura suave.",Alimentación,Congelados,Helados,Helado de vainilla,26.88,Yes,0,Grano de Oro
ALI-000558,Yogur natural griego,Yogur cremoso elaborado con leche fresca y fermentos activos.,Alimentación,Lácteos,Yogures,Yogur natural,29.18,Yes,0,La Espiga Dorada
ALI-000398,Helado de vainilla bajo en azúcar,"Helado cremoso elaborado con vainilla natural, textura suave.",Alimentación,Congelados,Helados,Helado de vainilla,29.08,Yes,0,Sabores del Sur
ALI-000333,Lasaña congelada de carne,"Plato preparado listo en minutos, ideal para el día a día.",Alimentación,Congelados,Platos preparados,Lasaña congelada,9.30,Yes,30,Huerta Real
ROP-000109,Vestido largo fiesta,"Vestido de corte fluido, tejido ligero y caída favorecedora.",Ropa,Mujer,Vestidos,Vestido largo,186.52,No,0,Modaline
ELE-000152,Robot aspirador compacto,Robot inteligente que limpia y friega de forma autónoma.,Electrodomésticos,Limpieza,Robots aspiradores,Robot aspirador,381.45,Yes,60,Aire Puro
ALI-000277,Pan integral multicereales,"Pan de miga suave elaborado con harina integral, fuente de fibra.",Alimentación,Panadería,Pan de molde,Pan integral,11.92,Yes,0,La Tahona Azul
ELE-000228,Ventilador de torre silencioso,Ventilador de diseño compacto con distintas velocidades de ventilación.,Electrodomésticos,Climatización,Ventiladores,Ventilador de torre,143.75,Yes,0,CocinaSmart
ROP-000049,Pantalón vaquero regular fit,Pantalón vaquero de algodón resistente con corte cómodo.,Ropa,Hombre,Pantalones,Pantalón vaquero,6.90,Yes,0,Estilo Urbano
ALI-000422,Tomates de huerta,"Verdura fresca de cultivo controlado, ideal para ensaladas y cocinar.",Alimentación,Frutas y verduras,Verduras frescas,Tomates,20.79,Yes,0,Verde Cosecha
JOY-000075,Cadena fina de oro con cruz,"Cadena de oro de acabado fino, ideal para uso diario o combinar con colgantes.",Joyería,Collares,Collares de oro,Cadena fina,763.89,Yes,0,Aurea Diseño
JOY-000180,Anillo de compromiso solitario,"Anillo elaborado en oro de alta calidad, acabado pulido y elegante.",Joyería,Anillos,Anillos de oro,Anillo de compromiso,1796.50,Yes,30,Joyas del Valle
ROP-000286,Sudadera con capucha oversize,"Sudadera cómoda con capucha y bolsillo canguro, ideal para el día a día.",Ropa,Mujer,Sudaderas,Sudadera con capucha,138.16,Yes,30,Estilo Urbano
ALI-000627,Manzanas Royal Gala,"Fruta fresca de temporada, seleccionada por tamaño y calidad.",Alimentación,Frutas y verduras,Frutas frescas,Manzanas,15.93,Yes,0,La Tahona Azul
ALI-000134,Queso curado de cabra,"Queso elaborado con leche seleccionada, curación tradicional y sabor intenso.",Alimentación,Lácteos,Quesos,Queso curado,15.81,Yes,0,Nutrivida
ROP-000377,Abrigo de invierno infantil acolchado,Abrigo cálido y resistente pensado para los meses más fríos.,Ropa,Niños,Abrigos,Abrigo de invierno,111.50,Yes,0,Hilo & Forma
ELE-000398,Ventilador de torre con temporizador,Ventilador de diseño compacto con distintas velocidades de ventilación.,Electrodomésticos,Climatización,Ventiladores,Ventilador de torre,102.37,Yes,0,CocinaSmart
ROP-000041,Camiseta básica algodón manga corta blanca,"Camiseta de algodón 100% suave y transpirable, ideal para el día a día.",Ropa,Hombre,Camisetas,Camiseta manga corta,112.17,Yes,0,NordVía
ALI-000373,Manzanas ecológicas,"Fruta fresca de temporada, seleccionada por tamaño y calidad.",Alimentación,Frutas y verduras,Frutas frescas,Manzanas,6.53,No,0,Cesta Rústica
ROP-000526,Bota de invierno alta,"Bota resistente al agua con suela antideslizante, pensada para el frío.",Ropa,Calzado,Botas,Bota de invierno,162.24,Yes,15,Hilo & Forma
ELE-000371,Aspiradora sin cable ligera,"Aspiradora inalámbrica de fácil manejo, ideal para limpiezas rápidas.",Electrodomésticos,Limpieza,Aspiradoras,Aspiradora sin cable,1024.63,No,0,Impulso Hogar
ROP-000217,Zapatillas deportivas unisex,"Zapatillas ligeras con buena amortiguación, pensadas para uso diario o deporte.",Ropa,Calzado,Zapatillas,Zapatillas deportivas,184.84,Yes,0,Modaline
ALI-000515,Zumo de naranja sin pulpa,"Zumo elaborado a partir de naranjas seleccionadas, sin azúcares añadidos.",Alimentación,Bebidas,Zumos,Zumo de naranja,8.61,Yes,0,La Espiga Dorada
ALI-000285,Tomates ecológicos,"Verdura fresca de cultivo controlado, ideal para ensaladas y cocinar.",Alimentación,Frutas y verduras,Verduras frescas,Tomates,24.79,Yes,10,Sabores del Sur
ELE-000230,Ventilador de torre con temporizador,Ventilador de diseño compacto con distintas velocidades de ventilación.,Electrodomésticos,Climatización,Ventiladores,Ventilador de torre,1382.94,Yes,0,Confort Total
JOY-000066,Cadena fina de oro 18k,"Cadena de oro de acabado fino, ideal para uso diario o combinar con colgantes.",Joyería,Collares,Collares de oro,Cadena fina,237.75,Yes,50,Aurea Diseño
ALI-000522,Refresco de cola sin azúcar,"Bebida refrescante carbonatada, ideal para acompañar comidas o disfrutar fría.",Alimentación,Bebidas,Refrescos,Refresco de cola,7.61,Yes,5,Punto Sabor
ELE-000222,Aspiradora sin cable ligera,"Aspiradora inalámbrica de fácil manejo, ideal para limpiezas rápidas.",Electrodomésticos,Limpieza,Aspiradoras,Aspiradora sin cable,999.36,No,10,Domus Pro
ELE-000107,Frigorífico combi con dispensador de agua,Frigorífico de gran capacidad con tecnología de enfriamiento eficiente.,Electrodomésticos,Cocina,Frigoríficos,Frigorífico combi,519.37,Yes,40,CocinaSmart
ROP-000441,Sudadera sin capucha básica blanca,"Sudadera básica sin capucha, cómoda y versátil para combinar con cualquier look.",Ropa,Mujer,Sudaderas,Sudadera sin capucha,88.98,Yes,0,TelaViva
ROP-000030,Pantalón vaquero regular fit,Pantalón vaquero de algodón resistente con corte cómodo.,Ropa,Hombre,Pantalones,Pantalón vaquero,99.33,No,0,Estilo Urbano
ALI-000338,Zumo de naranja exprimido,"Zumo elaborado a partir de naranjas seleccionadas, sin azúcares añadidos.",Alimentación,Bebidas,Zumos,Zumo de naranja,20.24,Yes,0,Sabores del Sur
ELE-000183,Horno eléctrico de sobremesa,Horno con distribución uniforme del calor y múltiples funciones de cocinado.,Electrodomésticos,Cocina,Hornos,Horno eléctrico,1119.54,Yes,0,Aire Puro
ALI-000543,Croissant relleno de chocolate,"Bollería horneada con receta tradicional, textura hojaldrada.",Alimentación,Panadería,Bollería,Croissant,2.71,No,30,Cesta Rústica
ROP-000161,Blusa manga larga con lazo,"Blusa ligera de tacto suave, versátil para looks casuales o de oficina.",Ropa,Mujer,Camisas,Blusa manga larga,171.16,Yes,5,Prenda Libre
ALI-000439,Yogur natural con bífidus,Yogur cremoso elaborado con leche fresca y fermentos activos.,Alimentación,Lácteos,Yogures,Yogur natural,26.03,No,0,Huerta Real
ROP-000305,Camiseta infantil estampada unicornios,Camiseta infantil de algodón suave con estampado divertido.,Ropa,Niños,Camisetas,Camiseta estampada,79.96,Yes,10,UrbanCotto
ROP-000150,Gorro de punto de lana merino,Gorro tejido que abriga sin renunciar al estilo.,Ropa,Accesorios,Gorros,Gorro de punto,52.25,Yes,0,Alta Fibra
ROP-000392,Zapatillas deportivas para caminar,"Zapatillas ligeras con buena amortiguación, pensadas para uso diario o deporte.",Ropa,Calzado,Zapatillas,Zapatillas deportivas,61.45,Yes,25,Vestir Norte
JOY-000175,Pulsera de eslabones plata 925,Pulsera de plata con eslabones resistentes y acabado pulido.,Joyería,Pulseras,Pulseras de plata,Pulsera de eslabones,1648.42,No,70,Esencia de Oro
JOY-000143,Pulsera trenzada unisex,"Pulsera artesanal trenzada a mano, resistente y de estilo casual.",Joyería,Pulseras,Pulseras de cuero,Pulsera trenzada,1677.76,Yes,20,Esencia de Oro
ALI-000080,Queso curado semicurado,"Queso elaborado con leche seleccionada, curación tradicional y sabor intenso.",Alimentación,Lácteos,Quesos,Queso curado,27.57,Yes,0,Campo Fresco
ELE-000036,Ventilador de torre con temporizador,Ventilador de diseño compacto con distintas velocidades de ventilación.,Electrodomésticos,Climatización,Ventiladores,Ventilador de torre,198.79,Yes,0,CocinaSmart
ALI-000126,Croissant mini pack,"Bollería horneada con receta tradicional, textura hojaldrada.",Alimentación,Panadería,Bollería,Croissant,18.02,Yes,0,Cesta Rústica
ELE-000074,Batidora de mano 600W,"Batidora versátil pensada para triturar, batir y emulsionar.",Electrodomésticos,Pequeño electrodoméstico,Batidoras,Batidora de mano,1423.76,Yes,15,Electra Norte
ELE-000177,Ventilador de torre oscilante,Ventilador de diseño compacto con distintas velocidades de ventilación.,Electrodomésticos,Climatización,Ventiladores,Ventilador de torre,1470.58,Yes,0,Impulso Hogar
JOY-000113,Pendientes de tachuela con circonita,"Pendientes pequeños y discretos, ideales para el uso diario.",Joyería,Pendientes,Pendientes de diamante,Pendientes de tachuela,1119.90,Yes,0,Reflejo Fino
ALI-000361,Tomates cherry,"Verdura fresca de cultivo controlado, ideal para ensaladas y cocinar.",Alimentación,Frutas y verduras,Verduras frescas,Tomates,24.57,Yes,0,Campo Fresco
ALI-000506,Lasaña congelada de carne,"Plato preparado listo en minutos, ideal para el día a día.",Alimentación,Congelados,Platos preparados,Lasaña congelada,5.15,Yes,70,Sabor Norte
ALI-000292,Zumo de naranja pack 6 unidades,"Zumo elaborado a partir de naranjas seleccionadas, sin azúcares añadidos.",Alimentación,Bebidas,Zumos,Zumo de naranja,24.84,Yes,0,Huerta Real
ROP-000101,Sujetador sin aros deportivo,"Sujetador sin aros, cómodo y flexible, ideal para el uso diario.",Ropa,Mujer,Lencería,Sujetador sin aros,28.78,Yes,0,UrbanCotto
ALI-000151,Pan integral multicereales,"Pan de miga suave elaborado con harina integral, fuente de fibra.",Alimentación,Panadería,Pan de molde,Pan integral,4.22,No,0,Huerta Real
ALI-000492,Manzanas ecológicas,"Fruta fresca de temporada, seleccionada por tamaño y calidad.",Alimentación,Frutas y verduras,Frutas frescas,Manzanas,28.65,Yes,0,Huerta Real
ALI-000198,Refresco de cola original,"Bebida refrescante carbonatada, ideal para acompañar comidas o disfrutar fría.",Alimentación,Bebidas,Refrescos,Refresco de cola,3.25,Yes,15,Sabor Norte
ALI-000578,Manzanas Fuji,"Fruta fresca de temporada, seleccionada por tamaño y calidad.",Alimentación,Frutas y verduras,Frutas frescas,Manzanas,6.60,Yes,0,Punto Sabor
ROP-000281,Sujetador sin aros blanco,"Sujetador sin aros, cómodo y flexible, ideal para el uso diario.",Ropa,Mujer,Lencería,Sujetador sin aros,151.79,Yes,0,TelaViva
ROP-000156,Pantalón vaquero slim fit,Pantalón vaquero de algodón resistente con corte cómodo.,Ropa,Hombre,Pantalones,Pantalón vaquero,92.76,Yes,0,Costura 21
ALI-000273,Queso curado de cabra,"Queso elaborado con leche seleccionada, curación tradicional y sabor intenso.",Alimentación,Lácteos,Quesos,Queso curado,20.50,Yes,0,Verde Cosecha
ALI-000175,Manzanas de temporada,"Fruta fresca de temporada, seleccionada por tamaño y calidad.",Alimentación,Frutas y verduras,Frutas frescas,Manzanas,18.78,No,0,Huerta Real
ELE-000225,Aspiradora sin cable ligera,"Aspiradora inalámbrica de fácil manejo, ideal para limpiezas rápidas.",Electrodomésticos,Limpieza,Aspiradoras,Aspiradora sin cable,289.17,Yes,0,Confort Total
ALI-000406,Refresco de cola zero cafeína,"Bebida refrescante carbonatada, ideal para acompañar comidas o disfrutar fría.",Alimentación,Bebidas,Refrescos,Refresco de cola,17.37,Yes,0,Campo Fresco
ELE-000275,Secador iónico 2000W,Secador con tecnología iónica que reduce el encrespamiento del cabello.,Electrodomésticos,Cuidado personal,Secadores de pelo,Secador iónico,536.93,Yes,0,Vitalux
ELE-000369,Robot aspirador wifi,Robot inteligente que limpia y friega de forma autónoma.,Electrodomésticos,Limpieza,Robots aspiradores,Robot aspirador,1491.25,Yes,0,Impulso Hogar
ALI-000307,Helado de vainilla bajo en azúcar,"Helado cremoso elaborado con vainilla natural, textura suave.",Alimentación,Congelados,Helados,Helado de vainilla,4.30,Yes,0,Sabor Norte
ROP-000459,Bufanda de lana con flecos,"Bufanda cálida tejida en lana suave, ideal para el invierno.",Ropa,Accesorios,Bufandas,Bufanda de lana,93.38,Yes,0,Estilo Urbano
ELE-000193,Batidora de mano multivelocidad,"Batidora versátil pensada para triturar, batir y emulsionar.",Electrodomésticos,Pequeño electrodoméstico,Batidoras,Batidora de mano,852.50,Yes,0,CocinaSmart
ALI-000102,Tomates ecológicos,"Verdura fresca de cultivo controlado, ideal para ensaladas y cocinar.",Alimentación,Frutas y verduras,Verduras frescas,Tomates,11.43,Yes,0,Punto Sabor
ELE-000219,Aspiradora sin cable recargable,"Aspiradora inalámbrica de fácil manejo, ideal para limpiezas rápidas.",Electrodomésticos,Limpieza,Aspiradoras,Aspiradora sin cable,195.16,No,5,Aire Puro
ROP-000446,Sudadera sin capucha con logo bordado,"Sudadera básica sin capucha, cómoda y versátil para combinar con cualquier look.",Ropa,Mujer,Sudaderas,Sudadera sin capucha,154.21,Yes,0,UrbanCotto
JOY-000028,Collar con colgante con perla,"Collar de plata con acabado brillante, diseño delicado y atemporal.",Joyería,Collares,Collares de plata,Collar con colgante,490.38,Yes,0,Esencia de Oro
ALI-000092,Croissant sin gluten,"Bollería horneada con receta tradicional, textura hojaldrada.",Alimentación,Panadería,Bollería,Croissant,20.06,Yes,0,Verde Cosecha
ROP-000066,Camiseta básica algodón manga corta negra,"Camiseta de algodón 100% suave y transpirable, ideal para el día a día.",Ropa,Hombre,Camisetas,Camiseta manga corta,102.42,No,60,Vestir Norte
ROP-000562,Pantalón vaquero slim fit,Pantalón vaquero de algodón resistente con corte cómodo.,Ropa,Hombre,Pantalones,Pantalón vaquero,57.16,Yes,60,Estilo Urbano
ROP-000233,Vestido largo de lino,"Vestido de corte fluido, tejido ligero y caída favorecedora.",Ropa,Mujer,Vestidos,Vestido largo,35.71,Yes,60,TrazoBlue
ROP-000611,Camiseta básica algodón manga corta azul marino,"Camiseta de algodón 100% suave y transpirable, ideal para el día a día.",Ropa,Hombre,Camisetas,Camiseta manga corta,40.20,Yes,0,Vestir Norte
ROP-000587,Sujetador sin aros con encaje,"Sujetador sin aros, cómodo y flexible, ideal para el uso diario.",Ropa,Mujer,Lencería,Sujetador sin aros,73.32,Yes,70,Alta Fibra
ALI-000260,Refresco de cola sabor lima,"Bebida refrescante carbonatada, ideal para acompañar comidas o disfrutar fría.",Alimentación,Bebidas,Refrescos,Refresco de cola,22.12,Yes,30,Campo Fresco
JOY-000053,Reloj de pulsera clásico esfera dorada,Reloj de diseño clásico con maquinaria de precisión y acabado elegante.,Joyería,Relojes,Relojes analógicos,Reloj de pulsera clásico,377.01,Yes,0,Metal Noble
ELE-000094,Aire acondicionado Split 1x1 bajo consumo,Equipo de climatización eficiente con control de temperatura preciso.,Electrodomésticos,Climatización,Aire acondicionado,Split 1x1,1093.61,Yes,20,Impulso Hogar
JOY-000121,Anillo de compromiso con circonita,"Anillo elaborado en oro de alta calidad, acabado pulido y elegante.",Joyería,Anillos,Anillos de oro,Anillo de compromiso,530.59,Yes,0,Joyas del Valle
ROP-000616,Sujetador sin aros negro,"Sujetador sin aros, cómodo y flexible, ideal para el uso diario.",Ropa,Mujer,Lencería,Sujetador sin aros,44.50,Yes,0,UrbanCotto
ROP-000262,Abrigo de invierno infantil acolchado,Abrigo cálido y resistente pensado para los meses más fríos.,Ropa,Niños,Abrigos,Abrigo de invierno,131.44,Yes,40,NordVía
ELE-000009,Frigorífico combi clase energética A++,Frigorífico de gran capacidad con tecnología de enfriamiento eficiente.,Electrodomésticos,Cocina,Frigoríficos,Frigorífico combi,122.85,No,0,Vitalux
ROP-000618,Bota de invierno antideslizante,"Bota resistente al agua con suela antideslizante, pensada para el frío.",Ropa,Calzado,Botas,Bota de invierno,17.76,Yes,0,Vestir Norte
ROP-000685,Sudadera sin capucha de algodón,"Sudadera básica sin capucha, cómoda y versátil para combinar con cualquier look.",Ropa,Mujer,Sudaderas,Sudadera sin capucha,191.37,Yes,0,Hilo & Forma
ROP-000205,Gorro de punto reversible,Gorro tejido que abriga sin renunciar al estilo.,Ropa,Accesorios,Gorros,Gorro de punto,23.16,Yes,0,UrbanCotto
ROP-000026,Gorro de punto de lana merino,Gorro tejido que abriga sin renunciar al estilo.,Ropa,Accesorios,Gorros,Gorro de punto,106.35,Yes,0,NordVía
ROP-000326,Zapatillas deportivas para caminar,"Zapatillas ligeras con buena amortiguación, pensadas para uso diario o deporte.",Ropa,Calzado,Zapatillas,Zapatillas deportivas,57.84,Yes,0,Prenda Libre
ROP-000336,Zapatillas deportivas running,"Zapatillas ligeras con buena amortiguación, pensadas para uso diario o deporte.",Ropa,Calzado,Zapatillas,Zapatillas deportivas,49.42,Yes,0,Modaline
ELE-000268,Robot aspirador wifi,Robot inteligente que limpia y friega de forma autónoma.,Electrodomésticos,Limpieza,Robots aspiradores,Robot aspirador,506.51,Yes,50,CocinaSmart
ALI-000489,Queso curado añejo,"Queso elaborado con leche seleccionada, curación tradicional y sabor intenso.",Alimentación,Lácteos,Quesos,Queso curado,11.80,Yes,5,Grano de Oro
ALI-000136,Croissant integral,"Bollería horneada con receta tradicional, textura hojaldrada.",Alimentación,Panadería,Bollería,Croissant,20.27,No,0,Grano de Oro
ROP-000229,Blusa manga larga oversize,"Blusa ligera de tacto suave, versátil para looks casuales o de oficina.",Ropa,Mujer,Camisas,Blusa manga larga,5.80,No,70,NordVía
ROP-000293,Sujetador sin aros blanco,"Sujetador sin aros, cómodo y flexible, ideal para el uso diario.",Ropa,Mujer,Lencería,Sujetador sin aros,129.43,Yes,0,SolTejido
ROP-000256,Blusa manga larga con lazo,"Blusa ligera de tacto suave, versátil para looks casuales o de oficina.",Ropa,Mujer,Camisas,Blusa manga larga,118.63,Yes,0,NordVía
ROP-000016,Bota de invierno con forro polar,"Bota resistente al agua con suela antideslizante, pensada para el frío.",Ropa,Calzado,Botas,Bota de invierno,166.92,Yes,15,Alta Fibra
ALI-000565,Lasaña congelada individual,"Plato preparado listo en minutos, ideal para el día a día.",Alimentación,Congelados,Platos preparados,Lasaña congelada,14.82,Yes,0,Punto Sabor
ELE-000375,Secador iónico profesional,Secador con tecnología iónica que reduce el encrespamiento del cabello.,Electrodomésticos,Cuidado personal,Secadores de pelo,Secador iónico,758.41,Yes,0,HogarTech
ELE-000164,Aire acondicionado Split 1x1 3000 frigorías,Equipo de climatización eficiente con control de temperatura preciso.,Electrodomésticos,Climatización,Aire acondicionado,Split 1x1,28.60,No,10,CocinaSmart
ROP-000437,Bota de invierno alta,"Bota resistente al agua con suela antideslizante, pensada para el frío.",Ropa,Calzado,Botas,Bota de invierno,62.24,Yes,0,Alta Fibra
ALI-000328,Yogur natural sin azúcar,Yogur cremoso elaborado con leche fresca y fermentos activos.,Alimentación,Lácteos,Yogures,Yogur natural,23.24,Yes,0,Punto Sabor
ELE-000115,Cafetera de cápsulas compacta,Cafetera práctica que prepara café de calidad en segundos.,Electrodomésticos,Pequeño electrodoméstico,Cafeteras,Cafetera de cápsulas,376.47,Yes,15,NordLine
ROP-000514,Vestido largo liso negro,"Vestido de corte fluido, tejido ligero y caída favorecedora.",Ropa,Mujer,Vestidos,Vestido largo,73.17,Yes,0,NordVía
ROP-000550,Bota de invierno alta,"Bota resistente al agua con suela antideslizante, pensada para el frío.",Ropa,Calzado,Botas,Bota de invierno,105.10,Yes,50,TelaViva
ELE-000330,Frigorífico combi 185cm,Frigorífico de gran capacidad con tecnología de enfriamiento eficiente.,Electrodomésticos,Cocina,Frigoríficos,Frigorífico combi,972.63,No,50,HogarTech
ROP-000406,Camiseta infantil estampada unicornios,Camiseta infantil de algodón suave con estampado divertido.,Ropa,Niños,Camisetas,Camiseta estampada,160.05,Yes,60,Alta Fibra
ALI-000117,Tomates rama,"Verdura fresca de cultivo controlado, ideal para ensaladas y cocinar.",Alimentación,Frutas y verduras,Verduras frescas,Tomates,1.84,Yes,0,Delicia Natural
JOY-000130,Anillo ajustable con piedra natural,"Anillo de plata de talla ajustable, cómodo para uso diario.",Joyería,Anillos,Anillos de plata,Anillo ajustable,801.90,Yes,0,Gema Pura
ROP-000534,Vestido largo fiesta,"Vestido de corte fluido, tejido ligero y caída favorecedora.",Ropa,Mujer,Vestidos,Vestido largo,85.54,Yes,25,Vestir Norte
ROP-000231,Sudadera con capucha oversize,"Sudadera cómoda con capucha y bolsillo canguro, ideal para el día a día.",Ropa,Mujer,Sudaderas,Sudadera con capucha,117.62,Yes,30,UrbanCotto
ALI-000671,Zumo de naranja pack 6 unidades,"Zumo elaborado a partir de naranjas seleccionadas, sin azúcares añadidos.",Alimentación,Bebidas,Zumos,Zumo de naranja,13.64,Yes,20,La Tahona Azul
ALI-000606,Manzanas Fuji,"Fruta fresca de temporada, seleccionada por tamaño y calidad.",Alimentación,Frutas y verduras,Frutas frescas,Manzanas,29.55,Yes,0,Cesta Rústica
ELE-000266,Robot aspirador autovaciado,Robot inteligente que limpia y friega de forma autónoma.,Electrodomésticos,Limpieza,Robots aspiradores,Robot aspirador,158.38,Yes,0,Impulso Hogar
ROP-000014,Abrigo de invierno infantil reversible,Abrigo cálido y resistente pensado para los meses más fríos.,Ropa,Niños,Abrigos,Abrigo de invierno,121.87,Yes,0,Vestir Norte
ALI-000089,Croissant sin gluten,"Bollería horneada con receta tradicional, textura hojaldrada.",Alimentación,Panadería,Bollería,Croissant,22.17,Yes,50,Cesta Rústica
ROP-000096,Camiseta básica algodón manga corta verde oliva,"Camiseta de algodón 100% suave y transpirable, ideal para el día a día.",Ropa,Hombre,Camisetas,Camiseta manga corta,41.26,Yes,0,UrbanCotto
ALI-000386,Tomates ecológicos,"Verdura fresca de cultivo controlado, ideal para ensaladas y cocinar.",Alimentación,Frutas y verduras,Verduras frescas,Tomates,3.66,Yes,0,La Espiga Dorada
ROP-000246,Sujetador con aros con encaje,Sujetador con aros que proporciona sujeción y buen levantamiento.,Ropa,Mujer,Lencería,Sujetador con aros,94.89,Yes,0,Estilo Urbano
ALI-000380,Yogur natural griego,Yogur cremoso elaborado con leche fresca y fermentos activos.,Alimentación,Lácteos,Yogures,Yogur natural,23.95,Yes,50,Cesta Rústica
ELE-000254,Ventilador de torre bajo consumo,Ventilador de diseño compacto con distintas velocidades de ventilación.,Electrodomésticos,Climatización,Ventiladores,Ventilador de torre,984.06,No,0,CasaFácil
ELE-000313,Aire acondicionado Split 1x1 bomba de calor,Equipo de climatización eficiente con control de temperatura preciso.,Electrodomésticos,Climatización,Aire acondicionado,Split 1x1,189.89,Yes,0,Aire Puro
ALI-000281,Lasaña congelada de verduras,"Plato preparado listo en minutos, ideal para el día a día.",Alimentación,Congelados,Platos preparados,Lasaña congelada,21.43,Yes,0,Cesta Rústica
ELE-000272,Frigorífico combi acero inoxidable,Frigorífico de gran capacidad con tecnología de enfriamiento eficiente.,Electrodomésticos,Cocina,Frigoríficos,Frigorífico combi,393.07,Yes,0,TecnoCasa
ALI-000596,Manzanas Royal Gala,"Fruta fresca de temporada, seleccionada por tamaño y calidad.",Alimentación,Frutas y verduras,Frutas frescas,Manzanas,29.62,No,15,Sabores del Sur
ELE-000114,Frigorífico combi No Frost,Frigorífico de gran capacidad con tecnología de enfriamiento eficiente.,Electrodomésticos,Cocina,Frigoríficos,Frigorífico combi,982.14,Yes,40,Electra Norte
ROP-000542,Bufanda de lana con flecos,"Bufanda cálida tejida en lana suave, ideal para el invierno.",Ropa,Accesorios,Bufandas,Bufanda de lana,75.34,Yes,40,SolTejido
JOY-000177,Anillo ajustable con piedra natural,"Anillo de plata de talla ajustable, cómodo para uso diario.",Joyería,Anillos,Anillos de plata,Anillo ajustable,745.37,Yes,15,Orfebre Real
ALI-000700,Manzanas ecológicas,"Fruta fresca de temporada, seleccionada por tamaño y calidad.",Alimentación,Frutas y verduras,Frutas frescas,Manzanas,5.39,Yes,0,Punto Sabor
JOY-000072,Pendientes de tachuela de oro blanco,"Pendientes pequeños y discretos, ideales para el uso diario.",Joyería,Pendientes,Pendientes de diamante,Pendientes de tachuela,1885.53,Yes,0,Reflejo Fino
ROP-000105,Vestido largo de lino,"Vestido de corte fluido, tejido ligero y caída favorecedora.",Ropa,Mujer,Vestidos,Vestido largo,129.51,Yes,20,TelaViva
ROP-000496,Sujetador sin aros deportivo,"Sujetador sin aros, cómodo y flexible, ideal para el uso diario.",Ropa,Mujer,Lencería,Sujetador sin aros,48.77,Yes,25,NordVía
ROP-000088,Camiseta básica algodón manga corta verde oliva,"Camiseta de algodón 100% suave y transpirable, ideal para el día a día.",Ropa,Hombre,Camisetas,Camiseta manga corta,72.06,Yes,0,TrazoBlue
ELE-000063,Frigorífico combi No Frost,Frigorífico de gran capacidad con tecnología de enfriamiento eficiente.,Electrodomésticos,Cocina,Frigoríficos,Frigorífico combi,1399.55,Yes,25,CocinaSmart
ALI-000402,Croissant integral,"Bollería horneada con receta tradicional, textura hojaldrada.",Alimentación,Panadería,Bollería,Croissant,3.64,Yes,0,Grano de Oro
ROP-000664,Gorro de punto unisex,Gorro tejido que abriga sin renunciar al estilo.,Ropa,Accesorios,Gorros,Gorro de punto,51.29,Yes,0,UrbanCotto
ALI-000142,Pan integral 100% centeno,"Pan de miga suave elaborado con harina integral, fuente de fibra.",Alimentación,Panadería,Pan de molde,Pan integral,0.90,Yes,0,La Tahona Azul
ROP-000279,Pantalón vaquero recto,Pantalón vaquero de algodón resistente con corte cómodo.,Ropa,Hombre,Pantalones,Pantalón vaquero,157.59,Yes,0,Costura 21
ROP-000363,Zapatillas deportivas con memory foam,"Zapatillas ligeras con buena amortiguación, pensadas para uso diario o deporte.",Ropa,Calzado,Zapatillas,Zapatillas deportivas,20.63,No,0,NordVía
ELE-000188,Aire acondicionado Split 1x1 bomba de calor,Equipo de climatización eficiente con control de temperatura preciso.,Electrodomésticos,Climatización,Aire acondicionado,Split 1x1,834.73,Yes,60,CocinaSmart
ROP-000227,Pantalón vaquero negro,Pantalón vaquero de algodón resistente con corte cómodo.,Ropa,Hombre,Pantalones,Pantalón vaquero,175.41,Yes,0,Hilo & Forma
ALI-000184,Queso curado de oveja,"Queso elaborado con leche seleccionada, curación tradicional y sabor intenso.",Alimentación,Lácteos,Quesos,Queso curado,7.69,Yes,0,Grano de Oro
ALI-000635,Helado de vainilla con trozos de chocolate,"Helado cremoso elaborado con vainilla natural, textura suave.",Alimentación,Congelados,Helados,Helado de vainilla,17.09,Yes,0,La Tahona Azul
ALI-000234,Refresco de cola zero cafeína,"Bebida refrescante carbonatada, ideal para acompañar comidas o disfrutar fría.",Alimentación,Bebidas,Refrescos,Refresco de cola,11.90,Yes,70,Punto Sabor
ROP-000182,Zapatillas deportivas con memory foam,"Zapatillas ligeras con buena amortiguación, pensadas para uso diario o deporte.",Ropa,Calzado,Zapatillas,Zapatillas deportivas,156.36,Yes,30,Vestir Norte
ELE-000376,Aire acondicionado Split 1x1 bajo consumo,Equipo de climatización eficiente con control de temperatura preciso.,Electrodomésticos,Climatización,Aire acondicionado,Split 1x1,943.22,Yes,0,TecnoCasa
ALI-000694,Zumo de naranja con pulpa,"Zumo elaborado a partir de naranjas seleccionadas, sin azúcares añadidos.",Alimentación,Bebidas,Zumos,Zumo de naranja,16.77,Yes,0,Nutrivida
ELE-000352,Ventilador de torre oscilante,Ventilador de diseño compacto con distintas velocidades de ventilación.,Electrodomésticos,Climatización,Ventiladores,Ventilador de torre,673.18,Yes,0,HogarTech
ELE-000191,Depiladora eléctrica con cabezales intercambiables,"Depiladora eficaz de uso doméstico, ligera y fácil de manejar.",Electrodomésticos,Cuidado personal,Depiladoras,Depiladora eléctrica,448.69,No,0,Confort Total
ALI-000640,Pan integral multicereales,"Pan de miga suave elaborado con harina integral, fuente de fibra.",Alimentación,Panadería,Pan de molde,Pan integral,8.00,Yes,0,Sabor Norte
ALI-000169,Pan integral con semillas,"Pan de miga suave elaborado con harina integral, fuente de fibra.",Alimentación,Panadería,Pan de molde,Pan integral,10.14,Yes,0,Delicia Natural
ROP-000216,Sudadera con capucha oversize,"Sudadera cómoda con capucha y bolsillo canguro, ideal para el día a día.",Ropa,Mujer,Sudaderas,Sudadera con capucha,82.23,Yes,15,Modaline
ALI-000013,Queso curado de cabra,"Queso elaborado con leche seleccionada, curación tradicional y sabor intenso.",Alimentación,Lácteos,Quesos,Queso curado,24.25,Yes,0,Huerta Real
ELE-000072,Batidora de mano con accesorios,"Batidora versátil pensada para triturar, batir y emulsionar.",Electrodomésticos,Pequeño electrodoméstico,Batidoras,Batidora de mano,123.37,Yes,0,NordLine
ROP-000666,Pantalón vaquero recto,Pantalón vaquero de algodón resistente con corte cómodo.,Ropa,Hombre,Pantalones,Pantalón vaquero,97.77,Yes,0,Prenda Libre
JOY-000151,Anillo ajustable doble banda,"Anillo de plata de talla ajustable, cómodo para uso diario.",Joyería,Anillos,Anillos de plata,Anillo ajustable,28.42,Yes,25,Metal Noble
ROP-000474,Blusa manga larga lisa blanca,"Blusa ligera de tacto suave, versátil para looks casuales o de oficina.",Ropa,Mujer,Camisas,Blusa manga larga,25.83,Yes,0,TrazoBlue
ALI-000343,Helado de vainilla sin lactosa,"Helado cremoso elaborado con vainilla natural, textura suave.",Alimentación,Congelados,Helados,Helado de vainilla,28.74,Yes,0,Campo Fresco
ALI-000222,Refresco de cola sin azúcar,"Bebida refrescante carbonatada, ideal para acompañar comidas o disfrutar fría.",Alimentación,Bebidas,Refrescos,Refresco de cola,6.32,Yes,10,Delicia Natural
ELE-000060,Horno eléctrico con grill,Horno con distribución uniforme del calor y múltiples funciones de cocinado.,Electrodomésticos,Cocina,Hornos,Horno eléctrico,309.66,No,0,Domus Pro
ELE-000207,Aire acondicionado Split 1x1 3000 frigorías,Equipo de climatización eficiente con control de temperatura preciso.,Electrodomésticos,Climatización,Aire acondicionado,Split 1x1,479.04,No,70,HogarTech
ROP-000439,Blusa manga larga estampada,"Blusa ligera de tacto suave, versátil para looks casuales o de oficina.",Ropa,Mujer,Camisas,Blusa manga larga,92.77,No,0,Vestir Norte
ROP-000546,Blusa manga larga estampada,"Blusa ligera de tacto suave, versátil para looks casuales o de oficina.",Ropa,Mujer,Camisas,Blusa manga larga,37.39,Yes,50,NordVía
JOY-000127,Pulsera de eslabones plata 925,Pulsera de plata con eslabones resistentes y acabado pulido.,Joyería,Pulseras,Pulseras de plata,Pulsera de eslabones,428.82,Yes,60,Gema Pura
ROP-000512,Bota de invierno de cordones,"Bota resistente al agua con suela antideslizante, pensada para el frío.",Ropa,Calzado,Botas,Bota de invierno,142.66,Yes,50,TrazoBlue
ROP-000388,Sujetador con aros push up,Sujetador con aros que proporciona sujeción y buen levantamiento.,Ropa,Mujer,Lencería,Sujetador con aros,179.80,Yes,0,Hilo & Forma
ALI-000268,Lasaña congelada de carne,"Plato preparado listo en minutos, ideal para el día a día.",Alimentación,Congelados,Platos preparados,Lasaña congelada,13.02,Yes,15,Cesta Rústica
ROP-000362,Bota de invierno antideslizante,"Bota resistente al agua con suela antideslizante, pensada para el frío.",Ropa,Calzado,Botas,Bota de invierno,160.98,No,10,Modaline
ALI-000294,Queso curado añejo,"Queso elaborado con leche seleccionada, curación tradicional y sabor intenso.",Alimentación,Lácteos,Quesos,Queso curado,16.59,Yes,0,Punto Sabor
ALI-000608,Lasaña congelada familiar,"Plato preparado listo en minutos, ideal para el día a día.",Alimentación,Congelados,Platos preparados,Lasaña congelada,1.93,No,0,Verde Cosecha
JOY-000088,Collar con colgante corazón,"Collar de plata con acabado brillante, diseño delicado y atemporal.",Joyería,Collares,Collares de plata,Collar con colgante,1735.09,No,30,Gema Pura
ALI-000226,Zumo de naranja pack 6 unidades,"Zumo elaborado a partir de naranjas seleccionadas, sin azúcares añadidos.",Alimentación,Bebidas,Zumos,Zumo de naranja,9.66,Yes,0,Sabor Norte
ROP-000575,Sudadera con capucha estampada,"Sudadera cómoda con capucha y bolsillo canguro, ideal para el día a día.",Ropa,Mujer,Sudaderas,Sudadera con capucha,86.76,No,25,Costura 21
ROP-000145,Camiseta infantil estampada unicornios,Camiseta infantil de algodón suave con estampado divertido.,Ropa,Niños,Camisetas,Camiseta estampada,14.85,Yes,0,TrazoBlue
ALI-000178,Refresco de cola sin azúcar,"Bebida refrescante carbonatada, ideal para acompañar comidas o disfrutar fría.",Alimentación,Bebidas,Refrescos,Refresco de cola,4.50,Yes,0,La Tahona Azul
ALI-000021,Tomates rama,"Verdura fresca de cultivo controlado, ideal para ensaladas y cocinar.",Alimentación,Frutas y verduras,Verduras frescas,Tomates,27.42,No,0,La Tahona Azul
ALI-000382,Queso curado de oveja,"Queso elaborado con leche seleccionada, curación tradicional y sabor intenso.",Alimentación,Lácteos,Quesos,Queso curado,4.56,Yes,0,Sabores del Sur
JOY-000027,Pendientes de aro de plata 925,"Pendientes ligeros de plata con acabado brillante, fáciles de combinar.",Joyería,Pendientes,Pendientes de plata,Pendientes de aro,1409.51,Yes,25,Metal Noble
ROP-000524,Sujetador con aros push up,Sujetador con aros que proporciona sujeción y buen levantamiento.,Ropa,Mujer,Lencería,Sujetador con aros,9.00,Yes,0,NordVía
ROP-000382,Zapatillas deportivas de malla transpirable,"Zapatillas ligeras con buena amortiguación, pensadas para uso diario o deporte.",Ropa,Calzado,Zapatillas,Zapatillas deportivas,48.32,No,0,Estilo Urbano
ROP-000158,Gorro de punto unisex,Gorro tejido que abriga sin renunciar al estilo.,Ropa,Accesorios,Gorros,Gorro de punto,141.26,Yes,0,Hilo & Forma
ALI-000310,Yogur natural griego,Yogur cremoso elaborado con leche fresca y fermentos activos.,Alimentación,Lácteos,Yogures,Yogur natural,26.85,Yes,30,Verde Cosecha
ELE-000071,Secador iónico 2000W,Secador con tecnología iónica que reduce el encrespamiento del cabello.,Electrodomésticos,Cuidado personal,Secadores de pelo,Secador iónico,1054.53,Yes,0,CocinaSmart
ALI-000345,Manzanas ecológicas,"Fruta fresca de temporada, seleccionada por tamaño y calidad.",Alimentación,Frutas y verduras,Frutas frescas,Manzanas,16.00,Yes,0,Sabor Norte
ALI-000298,Zumo de naranja sin pulpa,"Zumo elaborado a partir de naranjas seleccionadas, sin azúcares añadidos.",Alimentación,Bebidas,Zumos,Zumo de naranja,4.11,Yes,0,Nutrivida
JOY-000125,Pendientes de perla blanca,"Pendientes elegantes con perla natural, acabado delicado y atemporal.",Joyería,Pendientes,Pendientes de perla,Pendientes de perla,1084.14,No,0,Esencia de Oro
ROP-000688,Abrigo de invierno infantil impermeable,Abrigo cálido y resistente pensado para los meses más fríos.,Ropa,Niños,Abrigos,Abrigo de invierno,112.36,Yes,0,Costura 21
ALI-000392,Yogur natural pack 4 unidades,Yogur cremoso elaborado con leche fresca y fermentos activos.,Alimentación,Lácteos,Yogures,Yogur natural,27.76,Yes,0,Huerta Real
ROP-000448,Zapatillas deportivas unisex,"Zapatillas ligeras con buena amortiguación, pensadas para uso diario o deporte.",Ropa,Calzado,Zapatillas,Zapatillas deportivas,21.56,Yes,10,SolTejido
ALI-000612,Pan integral multicereales,"Pan de miga suave elaborado con harina integral, fuente de fibra.",Alimentación,Panadería,Pan de molde,Pan integral,15.59,Yes,0,Sabor Norte
ALI-000295,Manzanas de temporada,"Fruta fresca de temporada, seleccionada por tamaño y calidad.",Alimentación,Frutas y verduras,Frutas frescas,Manzanas,13.88,Yes,0,Delicia Natural
ALI-000595,Tomates cherry,"Verdura fresca de cultivo controlado, ideal para ensaladas y cocinar.",Alimentación,Frutas y verduras,Verduras frescas,Tomates,2.09,No,0,Sabores del Sur
ELE-000090,Ventilador de torre con temporizador,Ventilador de diseño compacto con distintas velocidades de ventilación.,Electrodomésticos,Climatización,Ventiladores,Ventilador de torre,1346.68,No,0,Confort Total
ALI-000681,Croissant de mantequilla,"Bollería horneada con receta tradicional, textura hojaldrada.",Alimentación,Panadería,Bollería,Croissant,5.11,Yes,60,Nutrivida
ROP-000384,Blusa manga larga lisa blanca,"Blusa ligera de tacto suave, versátil para looks casuales o de oficina.",Ropa,Mujer,Camisas,Blusa manga larga,66.96,Yes,30,TelaViva
ELE-000069,Robot aspirador navegación láser,Robot inteligente que limpia y friega de forma autónoma.,Electrodomésticos,Limpieza,Robots aspiradores,Robot aspirador,760.96,Yes,70,TecnoCasa
JOY-000105,Collar con colgante minimalista,"Collar de plata con acabado brillante, diseño delicado y atemporal.",Joyería,Collares,Collares de plata,Collar con colgante,991.58,Yes,0,Metal Noble
JOY-000144,Anillo de compromiso clásico,"Anillo elaborado en oro de alta calidad, acabado pulido y elegante.",Joyería,Anillos,Anillos de oro,Anillo de compromiso,829.60,Yes,5,Brillo Eterno
ROP-000436,Gorro de punto de lana merino,Gorro tejido que abriga sin renunciar al estilo.,Ropa,Accesorios,Gorros,Gorro de punto,153.23,Yes,0,NordVía
ROP-000159,Sudadera con capucha estampada,"Sudadera cómoda con capucha y bolsillo canguro, ideal para el día a día.",Ropa,Mujer,Sudaderas,Sudadera con capucha,54.81,Yes,0,UrbanCotto
ALI-000511,Manzanas de temporada,"Fruta fresca de temporada, seleccionada por tamaño y calidad.",Alimentación,Frutas y verduras,Frutas frescas,Manzanas,20.75,No,0,Grano de Oro
ROP-000007,Bufanda de lana unisex,"Bufanda cálida tejida en lana suave, ideal para el invierno.",Ropa,Accesorios,Bufandas,Bufanda de lana,105.69,Yes,50,Alta Fibra
ELE-000111,Aire acondicionado Split 1x1 bomba de calor,Equipo de climatización eficiente con control de temperatura preciso.,Electrodomésticos,Climatización,Aire acondicionado,Split 1x1,1210.45,Yes,0,Vitalux
ROP-000257,Sujetador sin aros blanco,"Sujetador sin aros, cómodo y flexible, ideal para el uso diario.",Ropa,Mujer,Lencería,Sujetador sin aros,17.17,No,5,Costura 21
ALI-000486,Refresco de cola light,"Bebida refrescante carbonatada, ideal para acompañar comidas o disfrutar fría.",Alimentación,Bebidas,Refrescos,Refresco de cola,15.57,Yes,15,Nutrivida
ROP-000352,Sudadera con capucha de algodón orgánico,"Sudadera cómoda con capucha y bolsillo canguro, ideal para el día a día.",Ropa,Mujer,Sudaderas,Sudadera con capucha,128.51,No,0,Hilo & Forma
ROP-000017,Gorro de punto de lana merino,Gorro tejido que abriga sin renunciar al estilo.,Ropa,Accesorios,Gorros,Gorro de punto,37.71,Yes,70,Costura 21
ROP-000317,Sujetador con aros negro,Sujetador con aros que proporciona sujeción y buen levantamiento.,Ropa,Mujer,Lencería,Sujetador con aros,124.19,Yes,0,TelaViva
ROP-000628,Sujetador con aros push up,Sujetador con aros que proporciona sujeción y buen levantamiento.,Ropa,Mujer,Lencería,Sujetador con aros,52.96,No,0,Costura 21
ELE-000211,Aire acondicionado Split 1x1 bomba de calor,Equipo de climatización eficiente con control de temperatura preciso.,Electrodomésticos,Climatización,Aire acondicionado,Split 1x1,416.13,No,0,NordLine
ALI-000250,Zumo de naranja sin pulpa,"Zumo elaborado a partir de naranjas seleccionadas, sin azúcares añadidos.",Alimentación,Bebidas,Zumos,Zumo de naranja,29.84,Yes,0,Sabores del Sur
ELE-000269,Cafetera de cápsulas programable,Cafetera práctica que prepara café de calidad en segundos.,Electrodomésticos,Pequeño electrodoméstico,Cafeteras,Cafetera de cápsulas,432.00,Yes,0,NordLine
ELE-000027,Batidora de mano 600W,"Batidora versátil pensada para triturar, batir y emulsionar.",Electrodomésticos,Pequeño electrodoméstico,Batidoras,Batidora de mano,1234.23,Yes,0,Domus Pro
JOY-000023,Pendientes largos con borla,"Pendientes de diseño llamativo, perfectos para ocasiones especiales.",Joyería,Pendientes,Pendientes colgantes,Pendientes largos,1145.04,Yes,0,Aurea Diseño
ROP-000639,Bota de invierno con forro polar,"Bota resistente al agua con suela antideslizante, pensada para el frío.",Ropa,Calzado,Botas,Bota de invierno,42.79,Yes,0,Estilo Urbano
ALI-000137,Yogur natural pack 4 unidades,Yogur cremoso elaborado con leche fresca y fermentos activos.,Alimentación,Lácteos,Yogures,Yogur natural,28.38,Yes,0,Punto Sabor
ELE-000204,Horno eléctrico de sobremesa,Horno con distribución uniforme del calor y múltiples funciones de cocinado.,Electrodomésticos,Cocina,Hornos,Horno eléctrico,880.86,Yes,15,Vitalux
ROP-000516,Zapatillas deportivas de malla transpirable,"Zapatillas ligeras con buena amortiguación, pensadas para uso diario o deporte.",Ropa,Calzado,Zapatillas,Zapatillas deportivas,107.57,Yes,0,UrbanCotto
ALI-000636,Zumo de naranja con pulpa,"Zumo elaborado a partir de naranjas seleccionadas, sin azúcares añadidos.",Alimentación,Bebidas,Zumos,Zumo de naranja,24.59,Yes,0,Huerta Real
ROP-000266,Gorro de punto térmico,Gorro tejido que abriga sin renunciar al estilo.,Ropa,Accesorios,Gorros,Gorro de punto,51.17,Yes,0,Hilo & Forma
ALI-000254,Lasaña congelada de carne,"Plato preparado listo en minutos, ideal para el día a día.",Alimentación,Congelados,Platos preparados,Lasaña congelada,7.53,Yes,0,Huerta Real
ALI-000300,Zumo de naranja pack 6 unidades,"Zumo elaborado a partir de naranjas seleccionadas, sin azúcares añadidos.",Alimentación,Bebidas,Zumos,Zumo de naranja,9.73,Yes,0,Cesta Rústica
ELE-000390,Depiladora eléctrica con cabezales intercambiables,"Depiladora eficaz de uso doméstico, ligera y fácil de manejar.",Electrodomésticos,Cuidado personal,Depiladoras,Depiladora eléctrica,1137.90,Yes,0,HogarTech
ALI-000571,Yogur natural con bífidus,Yogur cremoso elaborado con leche fresca y fermentos activos.,Alimentación,Lácteos,Yogures,Yogur natural,24.72,Yes,0,Grano de Oro
ALI-000413,Yogur natural con bífidus,Yogur cremoso elaborado con leche fresca y fermentos activos.,Alimentación,Lácteos,Yogures,Yogur natural,10.11,Yes,30,Campo Fresco
ELE-000118,Ventilador de torre silencioso,Ventilador de diseño compacto con distintas velocidades de ventilación.,Electrodomésticos,Climatización,Ventiladores,Ventilador de torre,888.54,No,0,HogarTech
ALI-000052,Lasaña congelada familiar,"Plato preparado listo en minutos, ideal para el día a día.",Alimentación,Congelados,Platos preparados,Lasaña congelada,21.67,Yes,0,Campo Fresco
ROP-000596,Blusa manga larga estampada,"Blusa ligera de tacto suave, versátil para looks casuales o de oficina.",Ropa,Mujer,Camisas,Blusa manga larga,77.07,Yes,0,NordVía
ALI-000043,Helado de vainilla tarrina 1L,"Helado cremoso elaborado con vainilla natural, textura suave.",Alimentación,Congelados,Helados,Helado de vainilla,25.92,Yes,70,Punto Sabor
ALI-000183,Refresco de cola light,"Bebida refrescante carbonatada, ideal para acompañar comidas o disfrutar fría.",Alimentación,Bebidas,Refrescos,Refresco de cola,20.05,Yes,0,Sabor Norte
ALI-000504,Helado de vainilla tarrina 1L,"Helado cremoso elaborado con vainilla natural, textura suave.",Alimentación,Congelados,Helados,Helado de vainilla,3.62,Yes,0,La Espiga Dorada
ROP-000027,Sujetador con aros con encaje,Sujetador con aros que proporciona sujeción y buen levantamiento.,Ropa,Mujer,Lencería,Sujetador con aros,75.64,Yes,0,Vestir Norte
ALI-000429,Yogur natural griego,Yogur cremoso elaborado con leche fresca y fermentos activos.,Alimentación,Lácteos,Yogures,Yogur natural,19.08,Yes,0,Sabores del Sur
ELE-000143,Ventilador de torre bajo consumo,Ventilador de diseño compacto con distintas velocidades de ventilación.,Electrodomésticos,Climatización,Ventiladores,Ventilador de torre,725.76,Yes,0,CocinaSmart
ALI-000568,Queso curado mezcla,"Queso elaborado con leche seleccionada, curación tradicional y sabor intenso.",Alimentación,Lácteos,Quesos,Queso curado,9.67,Yes,10,Delicia Natural
ELE-000160,Robot aspirador navegación láser,Robot inteligente que limpia y friega de forma autónoma.,Electrodomésticos,Limpieza,Robots aspiradores,Robot aspirador,169.98,Yes,0,HogarTech
ELE-000396,Batidora de mano multivelocidad,"Batidora versátil pensada para triturar, batir y emulsionar.",Electrodomésticos,Pequeño electrodoméstico,Batidoras,Batidora de mano,189.77,Yes,0,Vitalux
ALI-000609,Queso curado de oveja,"Queso elaborado con leche seleccionada, curación tradicional y sabor intenso.",Alimentación,Lácteos,Quesos,Queso curado,3.92,Yes,0,Cesta Rústica
ALI-000662,Helado de vainilla con trozos de chocolate,"Helado cremoso elaborado con vainilla natural, textura suave.",Alimentación,Congelados,Helados,Helado de vainilla,10.25,Yes,0,Huerta Real
ROP-000015,Sudadera sin capucha oversize,"Sudadera básica sin capucha, cómoda y versátil para combinar con cualquier look.",Ropa,Mujer,Sudaderas,Sudadera sin capucha,47.24,Yes,0,NordVía
JOY-000171,Cadena fina de oro 45cm,"Cadena de oro de acabado fino, ideal para uso diario o combinar con colgantes.",Joyería,Collares,Collares de oro,Cadena fina,771.09,Yes,5,Aurea Diseño
ROP-000282,Sudadera con capucha de algodón orgánico,"Sudadera cómoda con capucha y bolsillo canguro, ideal para el día a día.",Ropa,Mujer,Sudaderas,Sudadera con capucha,129.33,Yes,30,Hilo & Forma
ROP-000273,Pantalón vaquero negro,Pantalón vaquero de algodón resistente con corte cómodo.,Ropa,Hombre,Pantalones,Pantalón vaquero,192.31,Yes,0,Modaline
ALI-000507,Queso curado de cabra,"Queso elaborado con leche seleccionada, curación tradicional y sabor intenso.",Alimentación,Lácteos,Quesos,Queso curado,4.88,Yes,40,Grano de Oro
ROP-000695,Zapatillas deportivas de malla transpirable,"Zapatillas ligeras con buena amortiguación, pensadas para uso diario o deporte.",Ropa,Calzado,Zapatillas,Zapatillas deportivas,199.69,Yes,25,TrazoBlue
ELE-000321,Robot aspirador navegación láser,Robot inteligente que limpia y friega de forma autónoma.,Electrodomésticos,Limpieza,Robots aspiradores,Robot aspirador,1243.50,Yes,30,CasaFácil
JOY-000047,Collar con colgante de plata 925,"Collar de plata con acabado brillante, diseño delicado y atemporal.",Joyería,Collares,Collares de plata,Collar con colgante,1801.85,Yes,0,Joyas del Valle
JOY-000096,Anillo ajustable con inicial,"Anillo de plata de talla ajustable, cómodo para uso diario.",Joyería,Anillos,Anillos de plata,Anillo ajustable,1689.69,Yes,0,Gema Pura
ROP-000022,Camiseta básica algodón manga corta gris jaspeado,"Camiseta de algodón 100% suave y transpirable, ideal para el día a día.",Ropa,Hombre,Camisetas,Camiseta manga corta,87.03,No,40,Estilo Urbano
ROP-000675,Zapatillas deportivas running,"Zapatillas ligeras con buena amortiguación, pensadas para uso diario o deporte.",Ropa,Calzado,Zapatillas,Zapatillas deportivas,169.36,No,0,TrazoBlue
JOY-000199,Pendientes de perla gris,"Pendientes elegantes con perla natural, acabado delicado y atemporal.",Joyería,Pendientes,Pendientes de perla,Pendientes de perla,939.01,Yes,0,Plata del Norte
ELE-000308,Aspiradora sin cable con batería de larga duración,"Aspiradora inalámbrica de fácil manejo, ideal para limpiezas rápidas.",Electrodomésticos,Limpieza,Aspiradoras,Aspiradora sin cable,641.46,No,0,Impulso Hogar
ROP-000424,Camiseta infantil estampada dinosaurios,Camiseta infantil de algodón suave con estampado divertido.,Ropa,Niños,Camisetas,Camiseta estampada,68.98,Yes,0,NordVía
ALI-000478,Lasaña congelada de carne,"Plato preparado listo en minutos, ideal para el día a día.",Alimentación,Congelados,Platos preparados,Lasaña congelada,27.67,No,0,La Tahona Azul
JOY-000102,Cadena fina de oro 18k,"Cadena de oro de acabado fino, ideal para uso diario o combinar con colgantes.",Joyería,Collares,Collares de oro,Cadena fina,1080.45,Yes,0,Gema Pura
ALI-000657,Queso curado añejo,"Queso elaborado con leche seleccionada, curación tradicional y sabor intenso.",Alimentación,Lácteos,Quesos,Queso curado,12.79,Yes,60,Sabores del Sur
ALI-000391,Refresco de cola zero cafeína,"Bebida refrescante carbonatada, ideal para acompañar comidas o disfrutar fría.",Alimentación,Bebidas,Refrescos,Refresco de cola,7.28,No,70,Huerta Real
ALI-000042,Tomates rama,"Verdura fresca de cultivo controlado, ideal para ensaladas y cocinar.",Alimentación,Frutas y verduras,Verduras frescas,Tomates,28.84,Yes,0,Huerta Real
ALI-000279,Manzanas Golden,"Fruta fresca de temporada, seleccionada por tamaño y calidad.",Alimentación,Frutas y verduras,Frutas frescas,Manzanas,25.66,Yes,50,La Espiga Dorada
ROP-000452,Bota de invierno impermeable,"Bota resistente al agua con suela antideslizante, pensada para el frío.",Ropa,Calzado,Botas,Bota de invierno,136.65,Yes,0,Hilo & Forma
ROP-000473,Sujetador con aros con encaje,Sujetador con aros que proporciona sujeción y buen levantamiento.,Ropa,Mujer,Lencería,Sujetador con aros,167.31,Yes,20,Modaline
ALI-000158,Queso curado mezcla,"Queso elaborado con leche seleccionada, curación tradicional y sabor intenso.",Alimentación,Lácteos,Quesos,Queso curado,11.56,Yes,0,Grano de Oro
ALI-000466,Pan integral con semillas,"Pan de miga suave elaborado con harina integral, fuente de fibra.",Alimentación,Panadería,Pan de molde,Pan integral,17.12,Yes,0,La Tahona Azul
ROP-000678,Camiseta infantil estampada pack 2 unidades,Camiseta infantil de algodón suave con estampado divertido.,Ropa,Niños,Camisetas,Camiseta estampada,176.29,Yes,0,Vestir Norte
ALI-000306,Tomates cherry,"Verdura fresca de cultivo controlado, ideal para ensaladas y cocinar.",Alimentación,Frutas y verduras,Verduras frescas,Tomates,11.90,Yes,0,Sabor Norte
ALI-000449,Lasaña congelada boloñesa,"Plato preparado listo en minutos, ideal para el día a día.",Alimentación,Congelados,Platos preparados,Lasaña congelada,8.39,No,10,Verde Cosecha
ELE-000386,Robot aspirador con mopa,Robot inteligente que limpia y friega de forma autónoma.,Electrodomésticos,Limpieza,Robots aspiradores,Robot aspirador,799.33,Yes,0,Confort Total
ROP-000417,Gorro de punto reversible,Gorro tejido que abriga sin renunciar al estilo.,Ropa,Accesorios,Gorros,Gorro de punto,36.31,Yes,20,Modaline
ALI-000106,Manzanas Golden,"Fruta fresca de temporada, seleccionada por tamaño y calidad.",Alimentación,Frutas y verduras,Frutas frescas,Manzanas,26.51,Yes,0,Delicia Natural
ALI-000537,Zumo de naranja sin pulpa,"Zumo elaborado a partir de naranjas seleccionadas, sin azúcares añadidos.",Alimentación,Bebidas,Zumos,Zumo de naranja,26.62,Yes,30,Punto Sabor
ROP-000635,Zapatillas deportivas running,"Zapatillas ligeras con buena amortiguación, pensadas para uso diario o deporte.",Ropa,Calzado,Zapatillas,Zapatillas deportivas,137.71,Yes,0,Costura 21
ROP-000606,Camiseta infantil estampada dinosaurios,Camiseta infantil de algodón suave con estampado divertido.,Ropa,Niños,Camisetas,Camiseta estampada,114.07,Yes,0,Prenda Libre
ROP-000124,Sudadera con capucha de algodón orgánico,"Sudadera cómoda con capucha y bolsillo canguro, ideal para el día a día.",Ropa,Mujer,Sudaderas,Sudadera con capucha,96.27,Yes,0,NordVía
ELE-000296,Ventilador de torre con temporizador,Ventilador de diseño compacto con distintas velocidades de ventilación.,Electrodomésticos,Climatización,Ventiladores,Ventilador de torre,932.08,Yes,0,Vitalux
ELE-000026,Horno eléctrico empotrable,Horno con distribución uniforme del calor y múltiples funciones de cocinado.,Electrodomésticos,Cocina,Hornos,Horno eléctrico,702.81,Yes,0,Domus Pro
ALI-000561,Croissant sin gluten,"Bollería horneada con receta tradicional, textura hojaldrada.",Alimentación,Panadería,Bollería,Croissant,16.79,No,0,Sabores del Sur
ELE-000154,Cafetera de cápsulas con espumador de leche,Cafetera práctica que prepara café de calidad en segundos.,Electrodomésticos,Pequeño electrodoméstico,Cafeteras,Cafetera de cápsulas,563.24,Yes,0,NordLine
ELE-000238,Aire acondicionado Split 1x1 inverter,Equipo de climatización eficiente con control de temperatura preciso.,Electrodomésticos,Climatización,Aire acondicionado,Split 1x1,67.54,Yes,0,Impulso Hogar
ELE-000300,Ventilador de torre silencioso,Ventilador de diseño compacto con distintas velocidades de ventilación.,Electrodomésticos,Climatización,Ventiladores,Ventilador de torre,321.57,Yes,0,Aire Puro
ELE-000004,Secador iónico con difusor,Secador con tecnología iónica que reduce el encrespamiento del cabello.,Electrodomésticos,Cuidado personal,Secadores de pelo,Secador iónico,54.39,Yes,15,CasaFácil
ROP-000627,Gorro de punto de lana merino,Gorro tejido que abriga sin renunciar al estilo.,Ropa,Accesorios,Gorros,Gorro de punto,177.37,No,0,Modaline
ELE-000378,Depiladora eléctrica recargable,"Depiladora eficaz de uso doméstico, ligera y fácil de manejar.",Electrodomésticos,Cuidado personal,Depiladoras,Depiladora eléctrica,742.78,Yes,0,HogarTech
ALI-000575,Refresco de cola original,"Bebida refrescante carbonatada, ideal para acompañar comidas o disfrutar fría.",Alimentación,Bebidas,Refrescos,Refresco de cola,11.49,Yes,0,Campo Fresco
JOY-000050,Reloj de pulsera clásico resistente al agua,Reloj de diseño clásico con maquinaria de precisión y acabado elegante.,Joyería,Relojes,Relojes analógicos,Reloj de pulsera clásico,1906.56,Yes,25,Reflejo Fino
ELE-000030,Frigorífico combi con dispensador de agua,Frigorífico de gran capacidad con tecnología de enfriamiento eficiente.,Electrodomésticos,Cocina,Frigoríficos,Frigorífico combi,674.25,Yes,0,Vitalux
ELE-000319,Depiladora eléctrica recargable,"Depiladora eficaz de uso doméstico, ligera y fácil de manejar.",Electrodomésticos,Cuidado personal,Depiladoras,Depiladora eléctrica,586.91,Yes,0,CasaFácil
ELE-000035,Aspiradora sin cable ligera,"Aspiradora inalámbrica de fácil manejo, ideal para limpiezas rápidas.",Electrodomésticos,Limpieza,Aspiradoras,Aspiradora sin cable,851.84,Yes,0,Aire Puro
ELE-000274,Cafetera de cápsulas multibebida,Cafetera práctica que prepara café de calidad en segundos.,Electrodomésticos,Pequeño electrodoméstico,Cafeteras,Cafetera de cápsulas,1249.21,Yes,30,Confort Total
ELE-000103,Frigorífico combi con dispensador de agua,Frigorífico de gran capacidad con tecnología de enfriamiento eficiente.,Electrodomésticos,Cocina,Frigoríficos,Frigorífico combi,477.16,No,0,Aire Puro
ALI-000581,Croissant integral,"Bollería horneada con receta tradicional, textura hojaldrada.",Alimentación,Panadería,Bollería,Croissant,7.93,Yes,70,Nutrivida
ROP-000055,Gorro de punto con pompón,Gorro tejido que abriga sin renunciar al estilo.,Ropa,Accesorios,Gorros,Gorro de punto,191.81,Yes,0,Estilo Urbano
ELE-000364,Frigorífico combi con dispensador de agua,Frigorífico de gran capacidad con tecnología de enfriamiento eficiente.,Electrodomésticos,Cocina,Frigoríficos,Frigorífico combi,1485.81,Yes,0,Impulso Hogar
ALI-000401,Refresco de cola original,"Bebida refrescante carbonatada, ideal para acompañar comidas o disfrutar fría.",Alimentación,Bebidas,Refrescos,Refresco de cola,5.05,Yes,0,Delicia Natural
ELE-000346,Batidora de mano 600W,"Batidora versátil pensada para triturar, batir y emulsionar.",Electrodomésticos,Pequeño electrodoméstico,Batidoras,Batidora de mano,176.38,Yes,40,Electra Norte
ELE-000061,Ventilador de torre oscilante,Ventilador de diseño compacto con distintas velocidades de ventilación.,Electrodomésticos,Climatización,Ventiladores,Ventilador de torre,618.74,Yes,0,Domus Pro
ELE-000095,Depiladora eléctrica silenciosa,"Depiladora eficaz de uso doméstico, ligera y fácil de manejar.",Electrodomésticos,Cuidado personal,Depiladoras,Depiladora eléctrica,973.10,Yes,40,NordLine
ROP-000300,Abrigo de invierno infantil reversible,Abrigo cálido y resistente pensado para los meses más fríos.,Ropa,Niños,Abrigos,Abrigo de invierno,47.59,Yes,25,Vestir Norte
ROP-000113,Camiseta básica algodón manga corta gris jaspeado,"Camiseta de algodón 100% suave y transpirable, ideal para el día a día.",Ropa,Hombre,Camisetas,Camiseta manga corta,90.31,Yes,20,Hilo & Forma
ALI-000421,Zumo de naranja 1L,"Zumo elaborado a partir de naranjas seleccionadas, sin azúcares añadidos.",Alimentación,Bebidas,Zumos,Zumo de naranja,0.81,Yes,0,Sabor Norte
ELE-000147,Cafetera de cápsulas multibebida,Cafetera práctica que prepara café de calidad en segundos.,Electrodomésticos,Pequeño electrodoméstico,Cafeteras,Cafetera de cápsulas,1289.72,No,0,Impulso Hogar
ROP-000573,Vestido largo estampado floral,"Vestido de corte fluido, tejido ligero y caída favorecedora.",Ropa,Mujer,Vestidos,Vestido largo,66.39,No,0,Modaline
ROP-000190,Camiseta básica algodón manga corta negra,"Camiseta de algodón 100% suave y transpirable, ideal para el día a día.",Ropa,Hombre,Camisetas,Camiseta manga corta,120.11,Yes,0,TelaViva
ROP-000600,Pantalón vaquero slim fit,Pantalón vaquero de algodón resistente con corte cómodo.,Ropa,Hombre,Pantalones,Pantalón vaquero,86.43,Yes,0,UrbanCotto
ROP-000578,Gorro de punto térmico,Gorro tejido que abriga sin renunciar al estilo.,Ropa,Accesorios,Gorros,Gorro de punto,72.32,Yes,0,Hilo & Forma
ALI-000258,Tomates de huerta,"Verdura fresca de cultivo controlado, ideal para ensaladas y cocinar.",Alimentación,Frutas y verduras,Verduras frescas,Tomates,23.70,Yes,0,La Tahona Azul
ALI-000077,Yogur natural con bífidus,Yogur cremoso elaborado con leche fresca y fermentos activos.,Alimentación,Lácteos,Yogures,Yogur natural,13.93,No,0,Sabor Norte
ELE-000106,Frigorífico combi clase energética A++,Frigorífico de gran capacidad con tecnología de enfriamiento eficiente.,Electrodomésticos,Cocina,Frigoríficos,Frigorífico combi,1096.55,Yes,15,Domus Pro
ROP-000179,Bota de invierno con forro polar,"Bota resistente al agua con suela antideslizante, pensada para el frío.",Ropa,Calzado,Botas,Bota de invierno,42.69,Yes,5,TrazoBlue
ELE-000356,Cafetera de cápsulas compacta,Cafetera práctica que prepara café de calidad en segundos.,Electrodomésticos,Pequeño electrodoméstico,Cafeteras,Cafetera de cápsulas,169.53,Yes,0,Electra Norte
JOY-000007,Pulsera trenzada con cierre magnético,"Pulsera artesanal trenzada a mano, resistente y de estilo casual.",Joyería,Pulseras,Pulseras de cuero,Pulsera trenzada,1713.12,Yes,0,Gema Pura
ROP-000304,Sudadera sin capucha de algodón,"Sudadera básica sin capucha, cómoda y versátil para combinar con cualquier look.",Ropa,Mujer,Sudaderas,Sudadera sin capucha,90.03,Yes,10,TelaViva
JOY-000178,Pulsera trenzada de cuero marrón,"Pulsera artesanal trenzada a mano, resistente y de estilo casual.",Joyería,Pulseras,Pulseras de cuero,Pulsera trenzada,1669.79,Yes,0,Metal Noble
ELE-000175,Aire acondicionado Split 1x1 bomba de calor,Equipo de climatización eficiente con control de temperatura preciso.,Electrodomésticos,Climatización,Aire acondicionado,Split 1x1,215.80,Yes,15,NordLine
ELE-000384,Aire acondicionado Split 1x1 bomba de calor,Equipo de climatización eficiente con control de temperatura preciso.,Electrodomésticos,Climatización,Aire acondicionado,Split 1x1,220.82,Yes,0,TecnoCasa
JOY-000011,Pendientes largos de plata oxidada,"Pendientes de diseño llamativo, perfectos para ocasiones especiales.",Joyería,Pendientes,Pendientes colgantes,Pendientes largos,1156.32,No,60,Plata del Norte
ROP-000612,Blusa manga larga con lazo,"Blusa ligera de tacto suave, versátil para looks casuales o de oficina.",Ropa,Mujer,Camisas,Blusa manga larga,27.36,Yes,0,NordVía
JOY-000136,Anillo de compromiso solitario,"Anillo elaborado en oro de alta calidad, acabado pulido y elegante.",Joyería,Anillos,Anillos de oro,Anillo de compromiso,923.22,Yes,70,Brillo Eterno
ELE-000258,Aspiradora sin cable con filtro HEPA,"Aspiradora inalámbrica de fácil manejo, ideal para limpiezas rápidas.",Electrodomésticos,Limpieza,Aspiradoras,Aspiradora sin cable,693.12,Yes,0,NordLine
JOY-000156,Collar con colgante de plata 925,"Collar de plata con acabado brillante, diseño delicado y atemporal.",Joyería,Collares,Collares de plata,Collar con colgante,1405.91,Yes,0,Brillo Eterno
ROP-000380,Camiseta básica algodón manga corta negra,"Camiseta de algodón 100% suave y transpirable, ideal para el día a día.",Ropa,Hombre,Camisetas,Camiseta manga corta,112.44,Yes,0,Prenda Libre
ELE-000020,Depiladora eléctrica recargable,"Depiladora eficaz de uso doméstico, ligera y fácil de manejar.",Electrodomésticos,Cuidado personal,Depiladoras,Depiladora eléctrica,1053.99,Yes,15,CocinaSmart
ELE-000304,Secador iónico profesional,Secador con tecnología iónica que reduce el encrespamiento del cabello.,Electrodomésticos,Cuidado personal,Secadores de pelo,Secador iónico,142.79,Yes,0,TecnoCasa
ROP-000226,Bota de invierno antideslizante,"Bota resistente al agua con suela antideslizante, pensada para el frío.",Ropa,Calzado,Botas,Bota de invierno,160.81,No,0,UrbanCotto
ROP-000013,Abrigo de invierno infantil reversible,Abrigo cálido y resistente pensado para los meses más fríos.,Ropa,Niños,Abrigos,Abrigo de invierno,178.71,Yes,0,UrbanCotto
JOY-000018,Pulsera trenzada doble vuelta,"Pulsera artesanal trenzada a mano, resistente y de estilo casual.",Joyería,Pulseras,Pulseras de cuero,Pulsera trenzada,407.47,Yes,0,Gema Pura
JOY-000034,Collar con colgante con perla,"Collar de plata con acabado brillante, diseño delicado y atemporal.",Joyería,Collares,Collares de plata,Collar con colgante,1893.74,Yes,0,Reflejo Fino
ROP-000312,Bota de invierno antideslizante,"Bota resistente al agua con suela antideslizante, pensada para el frío.",Ropa,Calzado,Botas,Bota de invierno,193.48,Yes,0,TelaViva
JOY-000061,Pendientes de aro minimalistas,"Pendientes ligeros de plata con acabado brillante, fáciles de combinar.",Joyería,Pendientes,Pendientes de plata,Pendientes de aro,257.37,Yes,0,Orfebre Real
JOY-000172,Reloj de pulsera clásico resistente al agua,Reloj de diseño clásico con maquinaria de precisión y acabado elegante.,Joyería,Relojes,Relojes analógicos,Reloj de pulsera clásico,1056.75,Yes,0,Joyas del Valle
ROP-000487,Abrigo de invierno infantil de lana,Abrigo cálido y resistente pensado para los meses más fríos.,Ropa,Niños,Abrigos,Abrigo de invierno,31.54,Yes,0,Prenda Libre
ROP-000572,Sujetador con aros con encaje,Sujetador con aros que proporciona sujeción y buen levantamiento.,Ropa,Mujer,Lencería,Sujetador con aros,91.30,Yes,60,UrbanCotto
ROP-000036,Blusa manga larga de seda sintética,"Blusa ligera de tacto suave, versátil para looks casuales o de oficina.",Ropa,Mujer,Camisas,Blusa manga larga,132.95,Yes,5,SolTejido
ELE-000248,Depiladora eléctrica compacta,"Depiladora eficaz de uso doméstico, ligera y fácil de manejar.",Electrodomésticos,Cuidado personal,Depiladoras,Depiladora eléctrica,91.11,Yes,0,HogarTech
JOY-000100,Pulsera trenzada con cierre magnético,"Pulsera artesanal trenzada a mano, resistente y de estilo casual.",Joyería,Pulseras,Pulseras de cuero,Pulsera trenzada,1977.72,Yes,25,Brillo Eterno
ROP-000552,Bufanda de lana unisex,"Bufanda cálida tejida en lana suave, ideal para el invierno.",Ropa,Accesorios,Bufandas,Bufanda de lana,27.80,Yes,0,TelaViva
ROP-000063,Sujetador sin aros deportivo,"Sujetador sin aros, cómodo y flexible, ideal para el uso diario.",Ropa,Mujer,Lencería,Sujetador sin aros,92.89,Yes,20,Costura 21
ALI-000544,Helado de vainilla bajo en azúcar,"Helado cremoso elaborado con vainilla natural, textura suave.",Alimentación,Congelados,Helados,Helado de vainilla,21.28,Yes,0,Nutrivida
ELE-000348,Robot aspirador wifi,Robot inteligente que limpia y friega de forma autónoma.,Electrodomésticos,Limpieza,Robots aspiradores,Robot aspirador,474.58,No,0,Impulso Hogar
JOY-000094,Pendientes de tachuela de oro blanco,"Pendientes pequeños y discretos, ideales para el uso diario.",Joyería,Pendientes,Pendientes de diamante,Pendientes de tachuela,361.68,Yes,0,Reflejo Fino
JOY-000166,Pendientes de aro minimalistas,"Pendientes ligeros de plata con acabado brillante, fáciles de combinar.",Joyería,Pendientes,Pendientes de plata,Pendientes de aro,489.14,Yes,50,Lumina Joyas
ROP-000432,Blusa manga larga con lazo,"Blusa ligera de tacto suave, versátil para looks casuales o de oficina.",Ropa,Mujer,Camisas,Blusa manga larga,135.00,No,60,TelaViva
ELE-000018,Horno eléctrico de sobremesa,Horno con distribución uniforme del calor y múltiples funciones de cocinado.,Electrodomésticos,Cocina,Hornos,Horno eléctrico,927.28,Yes,0,CocinaSmart
ELE-000139,Frigorífico combi No Frost,Frigorífico de gran capacidad con tecnología de enfriamiento eficiente.,Electrodomésticos,Cocina,Frigoríficos,Frigorífico combi,1469.64,Yes,10,CocinaSmart
ALI-000018,Croissant sin gluten,"Bollería horneada con receta tradicional, textura hojaldrada.",Alimentación,Panadería,Bollería,Croissant,11.85,Yes,0,Sabor Norte
ELE-000290,Frigorífico combi 185cm,Frigorífico de gran capacidad con tecnología de enfriamiento eficiente.,Electrodomésticos,Cocina,Frigoríficos,Frigorífico combi,333.57,Yes,0,CocinaSmart
ALI-000146,Refresco de cola sabor lima,"Bebida refrescante carbonatada, ideal para acompañar comidas o disfrutar fría.",Alimentación,Bebidas,Refrescos,Refresco de cola,10.53,Yes,0,Sabores del Sur
ALI-000200,Croissant integral,"Bollería horneada con receta tradicional, textura hojaldrada.",Alimentación,Panadería,Bollería,Croissant,28.26,Yes,5,Punto Sabor
JOY-000147,Pendientes largos de plata oxidada,"Pendientes de diseño llamativo, perfectos para ocasiones especiales.",Joyería,Pendientes,Pendientes colgantes,Pendientes largos,1718.72,No,0,Gema Pura
ROP-000343,Abrigo de invierno infantil reversible,Abrigo cálido y resistente pensado para los meses más fríos.,Ropa,Niños,Abrigos,Abrigo de invierno,171.73,Yes,50,Estilo Urbano
ALI-000688,Lasaña congelada de carne,"Plato preparado listo en minutos, ideal para el día a día.",Alimentación,Congelados,Platos preparados,Lasaña congelada,21.90,Yes,0,Campo Fresco
ELE-000338,Secador iónico profesional,Secador con tecnología iónica que reduce el encrespamiento del cabello.,Electrodomésticos,Cuidado personal,Secadores de pelo,Secador iónico,507.41,Yes,25,TecnoCasa
ROP-000020,Bota de invierno antideslizante,"Bota resistente al agua con suela antideslizante, pensada para el frío.",Ropa,Calzado,Botas,Bota de invierno,12.61,Yes,0,SolTejido
ELE-000232,Cafetera de cápsulas con espumador de leche,Cafetera práctica que prepara café de calidad en segundos.,Electrodomésticos,Pequeño electrodoméstico,Cafeteras,Cafetera de cápsulas,102.68,Yes,15,Vitalux
ALI-000447,Helado de vainilla artesano,"Helado cremoso elaborado con vainilla natural, textura suave.",Alimentación,Congelados,Helados,Helado de vainilla,18.68,Yes,5,La Espiga Dorada
ALI-000464,Croissant relleno de chocolate,"Bollería horneada con receta tradicional, textura hojaldrada.",Alimentación,Panadería,Bollería,Croissant,2.59,Yes,10,Nutrivida
ALI-000315,Manzanas Golden,"Fruta fresca de temporada, seleccionada por tamaño y calidad.",Alimentación,Frutas y verduras,Frutas frescas,Manzanas,14.67,Yes,40,Verde Cosecha
ALI-000356,Yogur natural con bífidus,Yogur cremoso elaborado con leche fresca y fermentos activos.,Alimentación,Lácteos,Yogures,Yogur natural,16.19,Yes,0,Sabores del Sur
ELE-000075,Cafetera de cápsulas compacta,Cafetera práctica que prepara café de calidad en segundos.,Electrodomésticos,Pequeño electrodoméstico,Cafeteras,Cafetera de cápsulas,1217.58,Yes,40,Confort Total
JOY-000137,Pendientes largos bohemios,"Pendientes de diseño llamativo, perfectos para ocasiones especiales.",Joyería,Pendientes,Pendientes colgantes,Pendientes largos,864.77,Yes,0,Brillo Eterno
ROP-000482,Zapatillas deportivas para caminar,"Zapatillas ligeras con buena amortiguación, pensadas para uso diario o deporte.",Ropa,Calzado,Zapatillas,Zapatillas deportivas,128.11,No,40,TelaViva
ROP-000494,Gorro de punto térmico,Gorro tejido que abriga sin renunciar al estilo.,Ropa,Accesorios,Gorros,Gorro de punto,55.73,Yes,0,SolTejido
ROP-000416,Zapatillas deportivas para caminar,"Zapatillas ligeras con buena amortiguación, pensadas para uso diario o deporte.",Ropa,Calzado,Zapatillas,Zapatillas deportivas,73.55,Yes,25,Prenda Libre
ROP-000249,Sudadera sin capucha básica blanca,"Sudadera básica sin capucha, cómoda y versátil para combinar con cualquier look.",Ropa,Mujer,Sudaderas,Sudadera sin capucha,134.21,Yes,70,TrazoBlue
ALI-000233,Zumo de naranja pack 6 unidades,"Zumo elaborado a partir de naranjas seleccionadas, sin azúcares añadidos.",Alimentación,Bebidas,Zumos,Zumo de naranja,23.78,Yes,0,Huerta Real
ALI-000097,Pan integral sin corteza,"Pan de miga suave elaborado con harina integral, fuente de fibra.",Alimentación,Panadería,Pan de molde,Pan integral,14.47,Yes,50,La Espiga Dorada
ALI-000130,Yogur natural sin azúcar,Yogur cremoso elaborado con leche fresca y fermentos activos.,Alimentación,Lácteos,Yogures,Yogur natural,20.82,Yes,60,Nutrivida
ALI-000557,Helado de vainilla bajo en azúcar,"Helado cremoso elaborado con vainilla natural, textura suave.",Alimentación,Congelados,Helados,Helado de vainilla,20.49,Yes,0,Verde Cosecha
ELE-000128,Batidora de mano 600W,"Batidora versátil pensada para triturar, batir y emulsionar.",Electrodomésticos,Pequeño electrodoméstico,Batidoras,Batidora de mano,745.86,Yes,30,CasaFácil
ROP-000456,Vestido largo fiesta,"Vestido de corte fluido, tejido ligero y caída favorecedora.",Ropa,Mujer,Vestidos,Vestido largo,58.31,Yes,0,Modaline
ROP-000035,Vestido largo estampado floral,"Vestido de corte fluido, tejido ligero y caída favorecedora.",Ropa,Mujer,Vestidos,Vestido largo,48.25,Yes,0,Costura 21
ALI-000065,Queso curado de oveja,"Queso elaborado con leche seleccionada, curación tradicional y sabor intenso.",Alimentación,Lácteos,Quesos,Queso curado,5.77,No,0,Delicia Natural
ROP-000302,Bota de invierno con forro polar,"Bota resistente al agua con suela antideslizante, pensada para el frío.",Ropa,Calzado,Botas,Bota de invierno,129.87,No,0,Prenda Libre
ROP-000095,Bota de invierno de cordones,"Bota resistente al agua con suela antideslizante, pensada para el frío.",Ropa,Calzado,Botas,Bota de invierno,126.44,Yes,0,Hilo & Forma
ALI-000351,Refresco de cola original,"Bebida refrescante carbonatada, ideal para acompañar comidas o disfrutar fría.",Alimentación,Bebidas,Refrescos,Refresco de cola,10.66,Yes,10,Sabores del Sur
ELE-000316,Robot aspirador wifi,Robot inteligente que limpia y friega de forma autónoma.,Electrodomésticos,Limpieza,Robots aspiradores,Robot aspirador,275.98,Yes,25,TecnoCasa
JOY-000111,Pendientes de aro con circonitas,"Pendientes ligeros de plata con acabado brillante, fáciles de combinar.",Joyería,Pendientes,Pendientes de plata,Pendientes de aro,974.17,Yes,0,Plata del Norte
ELE-000214,Batidora de mano 600W,"Batidora versátil pensada para triturar, batir y emulsionar.",Electrodomésticos,Pequeño electrodoméstico,Batidoras,Batidora de mano,102.70,Yes,0,Vitalux
ROP-000529,Abrigo de invierno infantil de lana,Abrigo cálido y resistente pensado para los meses más fríos.,Ropa,Niños,Abrigos,Abrigo de invierno,88.07,Yes,0,Prenda Libre
ALI-000350,Lasaña congelada de carne,"Plato preparado listo en minutos, ideal para el día a día.",Alimentación,Congelados,Platos preparados,Lasaña congelada,8.01,Yes,0,Sabores del Sur
ROP-000152,Zapatillas deportivas unisex,"Zapatillas ligeras con buena amortiguación, pensadas para uso diario o deporte.",Ropa,Calzado,Zapatillas,Zapatillas deportivas,120.81,Yes,0,Modaline
JOY-000043,Pulsera de eslabones gruesa,Pulsera de plata con eslabones resistentes y acabado pulido.,Joyería,Pulseras,Pulseras de plata,Pulsera de eslabones,268.14,Yes,0,Brillo Eterno
ROP-000130,Vestido largo liso negro,"Vestido de corte fluido, tejido ligero y caída favorecedora.",Ropa,Mujer,Vestidos,Vestido largo,112.24,Yes,0,TrazoBlue
ALI-000346,Helado de vainilla tarrina 1L,"Helado cremoso elaborado con vainilla natural, textura suave.",Alimentación,Congelados,Helados,Helado de vainilla,24.95,No,0,Huerta Real
ROP-000619,Camiseta básica algodón manga corta azul marino,"Camiseta de algodón 100% suave y transpirable, ideal para el día a día.",Ropa,Hombre,Camisetas,Camiseta manga corta,192.88,Yes,0,Estilo Urbano
ROP-000413,Bota de invierno alta,"Bota resistente al agua con suela antideslizante, pensada para el frío.",Ropa,Calzado,Botas,Bota de invierno,43.29,Yes,0,UrbanCotto
ALI-000121,Pan integral bajo en sal,"Pan de miga suave elaborado con harina integral, fuente de fibra.",Alimentación,Panadería,Pan de molde,Pan integral,3.01,Yes,0,Delicia Natural
ROP-000125,Sudadera sin capucha de algodón,"Sudadera básica sin capucha, cómoda y versátil para combinar con cualquier look.",Ropa,Mujer,Sudaderas,Sudadera sin capucha,159.88,Yes,0,Modaline
ELE-000223,Frigorífico combi clase energética A++,Frigorífico de gran capacidad con tecnología de enfriamiento eficiente.,Electrodomésticos,Cocina,Frigoríficos,Frigorífico combi,236.95,Yes,0,Impulso Hogar
ELE-000129,Depiladora eléctrica silenciosa,"Depiladora eficaz de uso doméstico, ligera y fácil de manejar.",Electrodomésticos,Cuidado personal,Depiladoras,Depiladora eléctrica,330.56,Yes,20,Electra Norte
ROP-000079,Zapatillas deportivas para caminar,"Zapatillas ligeras con buena amortiguación, pensadas para uso diario o deporte.",Ropa,Calzado,Zapatillas,Zapatillas deportivas,25.09,Yes,60,Vestir Norte
ROP-000668,Pantalón vaquero recto,Pantalón vaquero de algodón resistente con corte cómodo.,Ropa,Hombre,Pantalones,Pantalón vaquero,93.59,Yes,0,NordVía
ALI-000220,Zumo de naranja sin pulpa,"Zumo elaborado a partir de naranjas seleccionadas, sin azúcares añadidos.",Alimentación,Bebidas,Zumos,Zumo de naranja,15.56,Yes,0,Sabor Norte
ROP-000588,Sudadera con capucha negra,"Sudadera cómoda con capucha y bolsillo canguro, ideal para el día a día.",Ropa,Mujer,Sudaderas,Sudadera con capucha,78.64,Yes,0,Hilo & Forma
ALI-000416,Croissant mini pack,"Bollería horneada con receta tradicional, textura hojaldrada.",Alimentación,Panadería,Bollería,Croissant,19.18,Yes,0,La Espiga Dorada
ROP-000378,Bufanda de lana unisex,"Bufanda cálida tejida en lana suave, ideal para el invierno.",Ropa,Accesorios,Bufandas,Bufanda de lana,194.07,Yes,15,Costura 21
ELE-000292,Robot aspirador autovaciado,Robot inteligente que limpia y friega de forma autónoma.,Electrodomésticos,Limpieza,Robots aspiradores,Robot aspirador,1410.63,Yes,0,HogarTech
ALI-000193,Helado de vainilla sin lactosa,"Helado cremoso elaborado con vainilla natural, textura suave.",Alimentación,Congelados,Helados,Helado de vainilla,4.22,Yes,0,Sabor Norte
ELE-000079,Depiladora eléctrica recargable,"Depiladora eficaz de uso doméstico, ligera y fácil de manejar.",Electrodomésticos,Cuidado personal,Depiladoras,Depiladora eléctrica,332.38,Yes,0,NordLine
ELE-000019,Cafetera de cápsulas con espumador de leche,Cafetera práctica que prepara café de calidad en segundos.,Electrodomésticos,Pequeño electrodoméstico,Cafeteras,Cafetera de cápsulas,1105.20,Yes,15,CasaFácil
ALI-000493,Lasaña congelada boloñesa,"Plato preparado listo en minutos, ideal para el día a día.",Alimentación,Congelados,Platos preparados,Lasaña congelada,3.05,Yes,0,Grano de Oro
ALI-000586,Helado de vainilla artesano,"Helado cremoso elaborado con vainilla natural, textura suave.",Alimentación,Congelados,Helados,Helado de vainilla,9.93,Yes,0,Punto Sabor
ROP-000418,Camiseta infantil estampada pack 2 unidades,Camiseta infantil de algodón suave con estampado divertido.,Ropa,Niños,Camisetas,Camiseta estampada,24.33,Yes,0,NordVía
ROP-000038,Bufanda de lana a cuadros,"Bufanda cálida tejida en lana suave, ideal para el invierno.",Ropa,Accesorios,Bufandas,Bufanda de lana,157.87,Yes,70,UrbanCotto
JOY-000160,Anillo ajustable con inicial,"Anillo de plata de talla ajustable, cómodo para uso diario.",Joyería,Anillos,Anillos de plata,Anillo ajustable,164.18,Yes,25,Aurea Diseño
ALI-000166,Yogur natural pack 4 unidades,Yogur cremoso elaborado con leche fresca y fermentos activos.,Alimentación,Lácteos,Yogures,Yogur natural,18.41,Yes,0,Campo Fresco
ALI-000244,Manzanas Royal Gala,"Fruta fresca de temporada, seleccionada por tamaño y calidad.",Alimentación,Frutas y verduras,Frutas frescas,Manzanas,27.17,Yes,70,Nutrivida
ALI-000035,Manzanas Fuji,"Fruta fresca de temporada, seleccionada por tamaño y calidad.",Alimentación,Frutas y verduras,Frutas frescas,Manzanas,13.73,Yes,0,La Tahona Azul
ROP-000323,Gorro de punto con pompón,Gorro tejido que abriga sin renunciar al estilo.,Ropa,Accesorios,Gorros,Gorro de punto,24.49,Yes,0,TrazoBlue
ROP-000023,Zapatillas deportivas con memory foam,"Zapatillas ligeras con buena amortiguación, pensadas para uso diario o deporte.",Ropa,Calzado,Zapatillas,Zapatillas deportivas,73.35,Yes,70,Vestir Norte
ELE-000102,Cafetera de cápsulas programable,Cafetera práctica que prepara café de calidad en segundos.,Electrodomésticos,Pequeño electrodoméstico,Cafeteras,Cafetera de cápsulas,694.56,Yes,0,Impulso Hogar
ROP-000284,Bota de invierno antideslizante,"Bota resistente al agua con suela antideslizante, pensada para el frío.",Ropa,Calzado,Botas,Bota de invierno,79.06,Yes,0,Alta Fibra
ROP-000563,Gorro de punto con pompón,Gorro tejido que abriga sin renunciar al estilo.,Ropa,Accesorios,Gorros,Gorro de punto,14.83,No,10,Hilo & Forma
ALI-000050,Tomates pera,"Verdura fresca de cultivo controlado, ideal para ensaladas y cocinar.",Alimentación,Frutas y verduras,Verduras frescas,Tomates,24.60,Yes,0,Punto Sabor
ALI-000648,Croissant sin gluten,"Bollería horneada con receta tradicional, textura hojaldrada.",Alimentación,Panadería,Bollería,Croissant,26.65,Yes,60,Cesta Rústica
ALI-000395,Refresco de cola sabor lima,"Bebida refrescante carbonatada, ideal para acompañar comidas o disfrutar fría.",Alimentación,Bebidas,Refrescos,Refresco de cola,17.14,Yes,60,La Espiga Dorada
ROP-000072,Pantalón vaquero desgastado,Pantalón vaquero de algodón resistente con corte cómodo.,Ropa,Hombre,Pantalones,Pantalón vaquero,104.54,Yes,0,Prenda Libre
ALI-000594,Helado de vainilla tarrina 1L,"Helado cremoso elaborado con vainilla natural, textura suave.",Alimentación,Congelados,Helados,Helado de vainilla,26.74,Yes,40,Nutrivida
ALI-000149,Yogur natural pack 4 unidades,Yogur cremoso elaborado con leche fresca y fermentos activos.,Alimentación,Lácteos,Yogures,Yogur natural,29.43,Yes,0,Campo Fresco
ROP-000650,Vestido largo con cinturón,"Vestido de corte fluido, tejido ligero y caída favorecedora.",Ropa,Mujer,Vestidos,Vestido largo,191.97,Yes,60,Alta Fibra
ALI-000384,Helado de vainilla artesano,"Helado cremoso elaborado con vainilla natural, textura suave.",Alimentación,Congelados,Helados,Helado de vainilla,14.89,Yes,0,Punto Sabor
ELE-000260,Batidora de mano inoxidable,"Batidora versátil pensada para triturar, batir y emulsionar.",Electrodomésticos,Pequeño electrodoméstico,Batidoras,Batidora de mano,1468.16,Yes,0,Domus Pro
ROP-000218,Camiseta básica algodón manga corta negra,"Camiseta de algodón 100% suave y transpirable, ideal para el día a día.",Ropa,Hombre,Camisetas,Camiseta manga corta,35.30,Yes,30,TelaViva
ROP-000571,Sujetador con aros push up,Sujetador con aros que proporciona sujeción y buen levantamiento.,Ropa,Mujer,Lencería,Sujetador con aros,184.01,No,60,Vestir Norte
JOY-000090,Pendientes de perla clásicos,"Pendientes elegantes con perla natural, acabado delicado y atemporal.",Joyería,Pendientes,Pendientes de perla,Pendientes de perla,1237.09,No,0,Esencia de Oro
ALI-000592,Manzanas Royal Gala,"Fruta fresca de temporada, seleccionada por tamaño y calidad.",Alimentación,Frutas y verduras,Frutas frescas,Manzanas,23.75,Yes,0,Sabores del Sur
ELE-000389,Secador iónico 2000W,Secador con tecnología iónica que reduce el encrespamiento del cabello.,Electrodomésticos,Cuidado personal,Secadores de pelo,Secador iónico,778.07,Yes,0,CasaFácil
ELE-000166,Frigorífico combi clase energética A++,Frigorífico de gran capacidad con tecnología de enfriamiento eficiente.,Electrodomésticos,Cocina,Frigoríficos,Frigorífico combi,314.51,Yes,0,Impulso Hogar
ROP-000180,Bufanda de lana unisex,"Bufanda cálida tejida en lana suave, ideal para el invierno.",Ropa,Accesorios,Bufandas,Bufanda de lana,149.76,No,10,Alta Fibra
ROP-000657,Gorro de punto de lana merino,Gorro tejido que abriga sin renunciar al estilo.,Ropa,Accesorios,Gorros,Gorro de punto,71.23,No,50,NordVía
ALI-000474,Helado de vainilla artesano,"Helado cremoso elaborado con vainilla natural, textura suave.",Alimentación,Congelados,Helados,Helado de vainilla,16.62,Yes,0,Grano de Oro
ALI-000337,Manzanas Fuji,"Fruta fresca de temporada, seleccionada por tamaño y calidad.",Alimentación,Frutas y verduras,Frutas frescas,Manzanas,25.76,No,60,Verde Cosecha
ROP-000366,Sudadera con capucha estampada,"Sudadera cómoda con capucha y bolsillo canguro, ideal para el día a día.",Ropa,Mujer,Sudaderas,Sudadera con capucha,97.41,Yes,5,TrazoBlue
ELE-000112,Horno eléctrico 60cm,Horno con distribución uniforme del calor y múltiples funciones de cocinado.,Electrodomésticos,Cocina,Hornos,Horno eléctrico,1023.91,No,0,NordLine
ALI-000190,Helado de vainilla tarrina 1L,"Helado cremoso elaborado con vainilla natural, textura suave.",Alimentación,Congelados,Helados,Helado de vainilla,15.36,No,0,Nutrivida
ALI-000257,Croissant relleno de chocolate,"Bollería horneada con receta tradicional, textura hojaldrada.",Alimentación,Panadería,Bollería,Croissant,20.21,Yes,0,Punto Sabor
ALI-000232,Tomates de huerta,"Verdura fresca de cultivo controlado, ideal para ensaladas y cocinar.",Alimentación,Frutas y verduras,Verduras frescas,Tomates,11.23,No,0,La Espiga Dorada
ALI-000256,Manzanas Fuji,"Fruta fresca de temporada, seleccionada por tamaño y calidad.",Alimentación,Frutas y verduras,Frutas frescas,Manzanas,13.16,Yes,0,Delicia Natural
ALI-000108,Manzanas Royal Gala,"Fruta fresca de temporada, seleccionada por tamaño y calidad.",Alimentación,Frutas y verduras,Frutas frescas,Manzanas,10.54,No,25,Delicia Natural
ROP-000636,Sujetador sin aros con encaje,"Sujetador sin aros, cómodo y flexible, ideal para el uso diario.",Ropa,Mujer,Lencería,Sujetador sin aros,64.12,Yes,0,Prenda Libre
JOY-000146,Pendientes largos de plata oxidada,"Pendientes de diseño llamativo, perfectos para ocasiones especiales.",Joyería,Pendientes,Pendientes colgantes,Pendientes largos,632.90,Yes,0,Reflejo Fino
ELE-000276,Aire acondicionado Split 1x1 wifi,Equipo de climatización eficiente con control de temperatura preciso.,Electrodomésticos,Climatización,Aire acondicionado,Split 1x1,1370.64,Yes,60,Aire Puro
ALI-000098,Lasaña congelada boloñesa,"Plato preparado listo en minutos, ideal para el día a día.",Alimentación,Congelados,Platos preparados,Lasaña congelada,18.37,No,15,La Espiga Dorada
ALI-000085,Zumo de naranja pack 6 unidades,"Zumo elaborado a partir de naranjas seleccionadas, sin azúcares añadidos.",Alimentación,Bebidas,Zumos,Zumo de naranja,4.58,Yes,20,Sabor Norte
ROP-000660,Pantalón vaquero negro,Pantalón vaquero de algodón resistente con corte cómodo.,Ropa,Hombre,Pantalones,Pantalón vaquero,146.30,Yes,0,TelaViva
ROP-000261,Blusa manga larga con lazo,"Blusa ligera de tacto suave, versátil para looks casuales o de oficina.",Ropa,Mujer,Camisas,Blusa manga larga,35.08,No,0,Vestir Norte
JOY-000076,Pulsera trenzada unisex,"Pulsera artesanal trenzada a mano, resistente y de estilo casual.",Joyería,Pulseras,Pulseras de cuero,Pulsera trenzada,1910.81,No,70,Lumina Joyas
ROP-000585,Bufanda de lana con flecos,"Bufanda cálida tejida en lana suave, ideal para el invierno.",Ropa,Accesorios,Bufandas,Bufanda de lana,6.02,Yes,0,Hilo & Forma
ALI-000528,Pan integral 100% centeno,"Pan de miga suave elaborado con harina integral, fuente de fibra.",Alimentación,Panadería,Pan de molde,Pan integral,5.74,Yes,5,Cesta Rústica
ALI-000225,Refresco de cola light,"Bebida refrescante carbonatada, ideal para acompañar comidas o disfrutar fría.",Alimentación,Bebidas,Refrescos,Refresco de cola,19.13,Yes,0,Nutrivida
ALI-000129,Refresco de cola original,"Bebida refrescante carbonatada, ideal para acompañar comidas o disfrutar fría.",Alimentación,Bebidas,Refrescos,Refresco de cola,23.88,Yes,25,La Espiga Dorada
ALI-000201,Lasaña congelada familiar,"Plato preparado listo en minutos, ideal para el día a día.",Alimentación,Congelados,Platos preparados,Lasaña congelada,10.87,Yes,0,Delicia Natural
ALI-000585,Lasaña congelada de verduras,"Plato preparado listo en minutos, ideal para el día a día.",Alimentación,Congelados,Platos preparados,Lasaña congelada,15.76,Yes,0,La Espiga Dorada
ALI-000505,Refresco de cola zero cafeína,"Bebida refrescante carbonatada, ideal para acompañar comidas o disfrutar fría.",Alimentación,Bebidas,Refrescos,Refresco de cola,28.96,Yes,0,Grano de Oro
ROP-000153,Pantalón vaquero regular fit,Pantalón vaquero de algodón resistente con corte cómodo.,Ropa,Hombre,Pantalones,Pantalón vaquero,126.52,Yes,20,TelaViva
ROP-000333,Pantalón vaquero regular fit,Pantalón vaquero de algodón resistente con corte cómodo.,Ropa,Hombre,Pantalones,Pantalón vaquero,13.45,Yes,15,TelaViva
ROP-000234,Camiseta infantil estampada dinosaurios,Camiseta infantil de algodón suave con estampado divertido.,Ropa,Niños,Camisetas,Camiseta estampada,110.79,Yes,0,Alta Fibra
ROP-000633,Vestido largo de lino,"Vestido de corte fluido, tejido ligero y caída favorecedora.",Ropa,Mujer,Vestidos,Vestido largo,166.36,Yes,0,Vestir Norte
ROP-000460,Camiseta básica algodón manga corta verde oliva,"Camiseta de algodón 100% suave y transpirable, ideal para el día a día.",Ropa,Hombre,Camisetas,Camiseta manga corta,117.48,Yes,50,TrazoBlue
ROP-000595,Sudadera sin capucha básica blanca,"Sudadera básica sin capucha, cómoda y versátil para combinar con cualquier look.",Ropa,Mujer,Sudaderas,Sudadera sin capucha,77.02,No,0,Estilo Urbano
ALI-000673,Tomates pera,"Verdura fresca de cultivo controlado, ideal para ensaladas y cocinar.",Alimentación,Frutas y verduras,Verduras frescas,Tomates,2.43,Yes,40,Punto Sabor
ELE-000149,Depiladora eléctrica recargable,"Depiladora eficaz de uso doméstico, ligera y fácil de manejar.",Electrodomésticos,Cuidado personal,Depiladoras,Depiladora eléctrica,1120.25,Yes,0,NordLine
ROP-000686,Sudadera con capucha estampada,"Sudadera cómoda con capucha y bolsillo canguro, ideal para el día a día.",Ropa,Mujer,Sudaderas,Sudadera con capucha,12.14,Yes,0,Prenda Libre
ROP-000624,Bufanda de lana unisex,"Bufanda cálida tejida en lana suave, ideal para el invierno.",Ropa,Accesorios,Bufandas,Bufanda de lana,169.28,Yes,25,Modaline
ELE-000157,Frigorífico combi con dispensador de agua,Frigorífico de gran capacidad con tecnología de enfriamiento eficiente.,Electrodomésticos,Cocina,Frigoríficos,Frigorífico combi,341.85,Yes,60,CocinaSmart
ELE-000343,Cafetera de cápsulas compacta,Cafetera práctica que prepara café de calidad en segundos.,Electrodomésticos,Pequeño electrodoméstico,Cafeteras,Cafetera de cápsulas,1458.21,Yes,0,NordLine
ALI-000319,Tomates cherry,"Verdura fresca de cultivo controlado, ideal para ensaladas y cocinar.",Alimentación,Frutas y verduras,Verduras frescas,Tomates,14.61,Yes,50,Punto Sabor
ALI-000001,Refresco de cola original,"Bebida refrescante carbonatada, ideal para acompañar comidas o disfrutar fría.",Alimentación,Bebidas,Refrescos,Refresco de cola,8.61,Yes,60,Cesta Rústica
ALI-000653,Pan integral con semillas,"Pan de miga suave elaborado con harina integral, fuente de fibra.",Alimentación,Panadería,Pan de molde,Pan integral,2.17,Yes,25,Punto Sabor
JOY-000133,Collar con colgante de plata 925,"Collar de plata con acabado brillante, diseño delicado y atemporal.",Joyería,Collares,Collares de plata,Collar con colgante,1013.97,Yes,5,Lumina Joyas
ROP-000560,Sujetador sin aros con encaje,"Sujetador sin aros, cómodo y flexible, ideal para el uso diario.",Ropa,Mujer,Lencería,Sujetador sin aros,162.33,Yes,0,UrbanCotto
ROP-000200,Gorro de punto con pompón,Gorro tejido que abriga sin renunciar al estilo.,Ropa,Accesorios,Gorros,Gorro de punto,177.02,Yes,0,Alta Fibra
ALI-000550,Refresco de cola sabor lima,"Bebida refrescante carbonatada, ideal para acompañar comidas o disfrutar fría.",Alimentación,Bebidas,Refrescos,Refresco de cola,14.39,No,0,Sabores del Sur
ROP-000160,Sudadera sin capucha con logo bordado,"Sudadera básica sin capucha, cómoda y versátil para combinar con cualquier look.",Ropa,Mujer,Sudaderas,Sudadera sin capucha,15.35,Yes,0,Costura 21
ALI-000476,Queso curado añejo,"Queso elaborado con leche seleccionada, curación tradicional y sabor intenso.",Alimentación,Lácteos,Quesos,Queso curado,8.95,Yes,40,La Tahona Azul
ALI-000488,Refresco de cola sin azúcar,"Bebida refrescante carbonatada, ideal para acompañar comidas o disfrutar fría.",Alimentación,Bebidas,Refrescos,Refresco de cola,15.51,Yes,20,Cesta Rústica
ELE-000198,Cafetera de cápsulas de diseño retro,Cafetera práctica que prepara café de calidad en segundos.,Electrodomésticos,Pequeño electrodoméstico,Cafeteras,Cafetera de cápsulas,22.07,Yes,0,NordLine
ELE-000295,Depiladora eléctrica con cabezales intercambiables,"Depiladora eficaz de uso doméstico, ligera y fácil de manejar.",Electrodomésticos,Cuidado personal,Depiladoras,Depiladora eléctrica,272.21,Yes,0,Aire Puro
ELE-000043,Cafetera de cápsulas de diseño retro,Cafetera práctica que prepara café de calidad en segundos.,Electrodomésticos,Pequeño electrodoméstico,Cafeteras,Cafetera de cápsulas,1062.85,Yes,0,CasaFácil
ROP-000318,Sujetador sin aros negro,"Sujetador sin aros, cómodo y flexible, ideal para el uso diario.",Ropa,Mujer,Lencería,Sujetador sin aros,101.94,Yes,0,NordVía
ROP-000255,Zapatillas deportivas para caminar,"Zapatillas ligeras con buena amortiguación, pensadas para uso diario o deporte.",Ropa,Calzado,Zapatillas,Zapatillas deportivas,176.10,Yes,25,Prenda Libre
ALI-000358,Croissant sin gluten,"Bollería horneada con receta tradicional, textura hojaldrada.",Alimentación,Panadería,Bollería,Croissant,7.60,Yes,0,Huerta Real
ALI-000016,Helado de vainilla artesano,"Helado cremoso elaborado con vainilla natural, textura suave.",Alimentación,Congelados,Helados,Helado de vainilla,12.28,Yes,60,Verde Cosecha
ROP-000346,Abrigo de invierno infantil reversible,Abrigo cálido y resistente pensado para los meses más fríos.,Ropa,Niños,Abrigos,Abrigo de invierno,86.47,Yes,60,UrbanCotto
JOY-000138,Pendientes de aro con circonitas,"Pendientes ligeros de plata con acabado brillante, fáciles de combinar.",Joyería,Pendientes,Pendientes de plata,Pendientes de aro,1816.25,Yes,0,Brillo Eterno
ALI-000174,Lasaña congelada familiar,"Plato preparado listo en minutos, ideal para el día a día.",Alimentación,Congelados,Platos preparados,Lasaña congelada,24.76,No,0,Sabores del Sur
ROP-000674,Zapatillas deportivas unisex,"Zapatillas ligeras con buena amortiguación, pensadas para uso diario o deporte.",Ropa,Calzado,Zapatillas,Zapatillas deportivas,38.99,Yes,0,Hilo & Forma
ELE-000250,Horno eléctrico con grill,Horno con distribución uniforme del calor y múltiples funciones de cocinado.,Electrodomésticos,Cocina,Hornos,Horno eléctrico,164.12,Yes,10,Impulso Hogar
ELE-000049,Ventilador de torre con mando a distancia,Ventilador de diseño compacto con distintas velocidades de ventilación.,Electrodomésticos,Climatización,Ventiladores,Ventilador de torre,1482.80,Yes,20,Impulso Hogar
ELE-000070,Secador iónico silencioso,Secador con tecnología iónica que reduce el encrespamiento del cabello.,Electrodomésticos,Cuidado personal,Secadores de pelo,Secador iónico,181.73,Yes,15,NordLine
ALI-000553,Queso curado de cabra,"Queso elaborado con leche seleccionada, curación tradicional y sabor intenso.",Alimentación,Lácteos,Quesos,Queso curado,20.19,Yes,0,Cesta Rústica
ELE-000251,Ventilador de torre silencioso,Ventilador de diseño compacto con distintas velocidades de ventilación.,Electrodomésticos,Climatización,Ventiladores,Ventilador de torre,889.02,Yes,0,HogarTech
ALI-000418,Tomates de huerta,"Verdura fresca de cultivo controlado, ideal para ensaladas y cocinar.",Alimentación,Frutas y verduras,Verduras frescas,Tomates,12.84,Yes,60,Cesta Rústica
ALI-000148,Pan integral multicereales,"Pan de miga suave elaborado con harina integral, fuente de fibra.",Alimentación,Panadería,Pan de molde,Pan integral,14.79,Yes,40,La Tahona Azul
ROP-000321,Sujetador con aros negro,Sujetador con aros que proporciona sujeción y buen levantamiento.,Ropa,Mujer,Lencería,Sujetador con aros,38.82,Yes,0,SolTejido
ELE-000324,Frigorífico combi 185cm,Frigorífico de gran capacidad con tecnología de enfriamiento eficiente.,Electrodomésticos,Cocina,Frigoríficos,Frigorífico combi,1080.87,Yes,0,HogarTech
ELE-000134,Cafetera de cápsulas compacta,Cafetera práctica que prepara café de calidad en segundos.,Electrodomésticos,Pequeño electrodoméstico,Cafeteras,Cafetera de cápsulas,1104.36,No,20,Impulso Hogar
ROP-000077,Sudadera sin capucha con logo bordado,"Sudadera básica sin capucha, cómoda y versátil para combinar con cualquier look.",Ropa,Mujer,Sudaderas,Sudadera sin capucha,193.28,Yes,0,Estilo Urbano
ALI-000340,Lasaña congelada familiar,"Plato preparado listo en minutos, ideal para el día a día.",Alimentación,Congelados,Platos preparados,Lasaña congelada,17.40,Yes,0,Cesta Rústica
ELE-000098,Horno eléctrico con grill,Horno con distribución uniforme del calor y múltiples funciones de cocinado.,Electrodomésticos,Cocina,Hornos,Horno eléctrico,1432.02,Yes,0,Aire Puro
ROP-000586,Sudadera sin capucha con logo bordado,"Sudadera básica sin capucha, cómoda y versátil para combinar con cualquier look.",Ropa,Mujer,Sudaderas,Sudadera sin capucha,144.36,No,0,SolTejido
ELE-000280,Batidora de mano 600W,"Batidora versátil pensada para triturar, batir y emulsionar.",Electrodomésticos,Pequeño electrodoméstico,Batidoras,Batidora de mano,685.01,No,0,Impulso Hogar
ALI-000637,Helado de vainilla bajo en azúcar,"Helado cremoso elaborado con vainilla natural, textura suave.",Alimentación,Congelados,Helados,Helado de vainilla,21.64,Yes,0,Nutrivida
ROP-000535,Pantalón vaquero desgastado,Pantalón vaquero de algodón resistente con corte cómodo.,Ropa,Hombre,Pantalones,Pantalón vaquero,20.95,Yes,0,SolTejido
ALI-000383,Pan integral con semillas,"Pan de miga suave elaborado con harina integral, fuente de fibra.",Alimentación,Panadería,Pan de molde,Pan integral,15.42,Yes,0,Campo Fresco
ALI-000641,Croissant relleno de chocolate,"Bollería horneada con receta tradicional, textura hojaldrada.",Alimentación,Panadería,Bollería,Croissant,24.82,Yes,0,Nutrivida
ALI-000414,Refresco de cola zero cafeína,"Bebida refrescante carbonatada, ideal para acompañar comidas o disfrutar fría.",Alimentación,Bebidas,Refrescos,Refresco de cola,17.97,Yes,60,Campo Fresco
ALI-000314,Helado de vainilla artesano,"Helado cremoso elaborado con vainilla natural, textura suave.",Alimentación,Congelados,Helados,Helado de vainilla,29.03,Yes,70,Delicia Natural
ALI-000209,Helado de vainilla tarrina 1L,"Helado cremoso elaborado con vainilla natural, textura suave.",Alimentación,Congelados,Helados,Helado de vainilla,2.91,Yes,0,Punto Sabor
ROP-000484,Sudadera sin capucha de algodón,"Sudadera básica sin capucha, cómoda y versátil para combinar con cualquier look.",Ropa,Mujer,Sudaderas,Sudadera sin capucha,144.89,No,15,Modaline
ALI-000031,Yogur natural griego,Yogur cremoso elaborado con leche fresca y fermentos activos.,Alimentación,Lácteos,Yogures,Yogur natural,4.40,No,0,La Tahona Azul
JOY-000080,Pendientes de perla blanca,"Pendientes elegantes con perla natural, acabado delicado y atemporal.",Joyería,Pendientes,Pendientes de perla,Pendientes de perla,636.48,No,50,Reflejo Fino
ALI-000113,Zumo de naranja con pulpa,"Zumo elaborado a partir de naranjas seleccionadas, sin azúcares añadidos.",Alimentación,Bebidas,Zumos,Zumo de naranja,13.89,Yes,0,Cesta Rústica
ROP-000476,Pantalón vaquero regular fit,Pantalón vaquero de algodón resistente con corte cómodo.,Ropa,Hombre,Pantalones,Pantalón vaquero,97.60,Yes,0,Vestir Norte
ROP-000230,Sujetador sin aros negro,"Sujetador sin aros, cómodo y flexible, ideal para el uso diario.",Ropa,Mujer,Lencería,Sujetador sin aros,96.04,Yes,0,Modaline
JOY-000197,Pendientes de tachuela hipoalergénicos,"Pendientes pequeños y discretos, ideales para el uso diario.",Joyería,Pendientes,Pendientes de diamante,Pendientes de tachuela,651.52,Yes,0,Orfebre Real
ROP-000429,Vestido largo liso negro,"Vestido de corte fluido, tejido ligero y caída favorecedora.",Ropa,Mujer,Vestidos,Vestido largo,75.92,Yes,0,NordVía
ROP-000590,Sudadera sin capucha de algodón,"Sudadera básica sin capucha, cómoda y versátil para combinar con cualquier look.",Ropa,Mujer,Sudaderas,Sudadera sin capucha,20.98,Yes,50,Vestir Norte
ROP-000115,Sujetador sin aros con encaje,"Sujetador sin aros, cómodo y flexible, ideal para el uso diario.",Ropa,Mujer,Lencería,Sujetador sin aros,36.27,Yes,0,Estilo Urbano
ALI-000179,Tomates ecológicos,"Verdura fresca de cultivo controlado, ideal para ensaladas y cocinar.",Alimentación,Frutas y verduras,Verduras frescas,Tomates,22.40,Yes,0,Verde Cosecha
ALI-000177,Croissant de mantequilla,"Bollería horneada con receta tradicional, textura hojaldrada.",Alimentación,Panadería,Bollería,Croissant,1.84,Yes,10,La Espiga Dorada
ALI-000430,Croissant de mantequilla,"Bollería horneada con receta tradicional, textura hojaldrada.",Alimentación,Panadería,Bollería,Croissant,18.62,Yes,0,Cesta Rústica
ELE-000273,Secador iónico silencioso,Secador con tecnología iónica que reduce el encrespamiento del cabello.,Electrodomésticos,Cuidado personal,Secadores de pelo,Secador iónico,461.54,Yes,60,NordLine
ELE-000220,Depiladora eléctrica resistente al agua,"Depiladora eficaz de uso doméstico, ligera y fácil de manejar.",Electrodomésticos,Cuidado personal,Depiladoras,Depiladora eléctrica,654.37,Yes,0,Confort Total
ROP-000479,Bufanda de lana con flecos,"Bufanda cálida tejida en lana suave, ideal para el invierno.",Ropa,Accesorios,Bufandas,Bufanda de lana,65.31,No,0,Vestir Norte
ELE-000233,Robot aspirador con mopa,Robot inteligente que limpia y friega de forma autónoma.,Electrodomésticos,Limpieza,Robots aspiradores,Robot aspirador,570.09,Yes,0,CocinaSmart
ELE-000034,Cafetera de cápsulas compacta,Cafetera práctica que prepara café de calidad en segundos.,Electrodomésticos,Pequeño electrodoméstico,Cafeteras,Cafetera de cápsulas,268.47,Yes,0,Impulso Hogar
ALI-000677,Lasaña congelada individual,"Plato preparado listo en minutos, ideal para el día a día.",Alimentación,Congelados,Platos preparados,Lasaña congelada,13.81,Yes,0,Sabores del Sur
ELE-000351,Ventilador de torre con mando a distancia,Ventilador de diseño compacto con distintas velocidades de ventilación.,Electrodomésticos,Climatización,Ventiladores,Ventilador de torre,658.58,Yes,0,Aire Puro
ROP-000168,Vestido largo con cinturón,"Vestido de corte fluido, tejido ligero y caída favorecedora.",Ropa,Mujer,Vestidos,Vestido largo,192.32,Yes,0,Estilo Urbano
ALI-000611,Lasaña congelada individual,"Plato preparado listo en minutos, ideal para el día a día.",Alimentación,Congelados,Platos preparados,Lasaña congelada,3.48,Yes,0,Punto Sabor
ALI-000063,Queso curado de cabra,"Queso elaborado con leche seleccionada, curación tradicional y sabor intenso.",Alimentación,Lácteos,Quesos,Queso curado,10.18,No,25,Sabores del Sur
ROP-000410,Sujetador con aros con encaje,Sujetador con aros que proporciona sujeción y buen levantamiento.,Ropa,Mujer,Lencería,Sujetador con aros,143.43,Yes,20,TrazoBlue
ROP-000081,Gorro de punto unisex,Gorro tejido que abriga sin renunciar al estilo.,Ropa,Accesorios,Gorros,Gorro de punto,132.69,No,0,NordVía
JOY-000064,Cadena fina de oro 45cm,"Cadena de oro de acabado fino, ideal para uso diario o combinar con colgantes.",Joyería,Collares,Collares de oro,Cadena fina,1907.05,Yes,0,Joyas del Valle
ROP-000012,Sudadera con capucha de algodón orgánico,"Sudadera cómoda con capucha y bolsillo canguro, ideal para el día a día.",Ropa,Mujer,Sudaderas,Sudadera con capucha,52.52,Yes,0,UrbanCotto
ELE-000008,Aire acondicionado Split 1x1 inverter,Equipo de climatización eficiente con control de temperatura preciso.,Electrodomésticos,Climatización,Aire acondicionado,Split 1x1,838.30,Yes,50,Impulso Hogar
ALI-000160,Manzanas de temporada,"Fruta fresca de temporada, seleccionada por tamaño y calidad.",Alimentación,Frutas y verduras,Frutas frescas,Manzanas,4.72,Yes,0,Verde Cosecha
ROP-000609,Sujetador con aros blanco,Sujetador con aros que proporciona sujeción y buen levantamiento.,Ropa,Mujer,Lencería,Sujetador con aros,166.79,Yes,0,Alta Fibra
ALI-000132,Zumo de naranja pack 6 unidades,"Zumo elaborado a partir de naranjas seleccionadas, sin azúcares añadidos.",Alimentación,Bebidas,Zumos,Zumo de naranja,1.26,Yes,0,Delicia Natural
ALI-000010,Yogur natural pack 4 unidades,Yogur cremoso elaborado con leche fresca y fermentos activos.,Alimentación,Lácteos,Yogures,Yogur natural,11.42,Yes,0,La Espiga Dorada
ROP-000319,Sujetador con aros blanco,Sujetador con aros que proporciona sujeción y buen levantamiento.,Ropa,Mujer,Lencería,Sujetador con aros,70.78,Yes,40,Vestir Norte
ALI-000182,Zumo de naranja pack 6 unidades,"Zumo elaborado a partir de naranjas seleccionadas, sin azúcares añadidos.",Alimentación,Bebidas,Zumos,Zumo de naranja,11.08,Yes,0,Punto Sabor
ROP-000677,Zapatillas deportivas unisex,"Zapatillas ligeras con buena amortiguación, pensadas para uso diario o deporte.",Ropa,Calzado,Zapatillas,Zapatillas deportivas,51.83,Yes,0,TelaViva
ROP-000699,Camiseta infantil estampada pack 2 unidades,Camiseta infantil de algodón suave con estampado divertido.,Ropa,Niños,Camisetas,Camiseta estampada,152.74,Yes,0,Estilo Urbano
ELE-000046,Frigorífico combi clase energética A++,Frigorífico de gran capacidad con tecnología de enfriamiento eficiente.,Electrodomésticos,Cocina,Frigoríficos,Frigorífico combi,1483.06,Yes,15,CasaFácil
ALI-000332,Croissant relleno de chocolate,"Bollería horneada con receta tradicional, textura hojaldrada.",Alimentación,Panadería,Bollería,Croissant,29.92,Yes,0,Huerta Real
ALI-000663,Pan integral 100% centeno,"Pan de miga suave elaborado con harina integral, fuente de fibra.",Alimentación,Panadería,Pan de molde,Pan integral,2.00,No,0,Verde Cosecha
ELE-000373,Depiladora eléctrica compacta,"Depiladora eficaz de uso doméstico, ligera y fácil de manejar.",Electrodomésticos,Cuidado personal,Depiladoras,Depiladora eléctrica,477.80,Yes,0,TecnoCasa
ALI-000282,Zumo de naranja pack 6 unidades,"Zumo elaborado a partir de naranjas seleccionadas, sin azúcares añadidos.",Alimentación,Bebidas,Zumos,Zumo de naranja,4.08,Yes,0,Campo Fresco
ROP-000368,Sudadera con capucha oversize,"Sudadera cómoda con capucha y bolsillo canguro, ideal para el día a día.",Ropa,Mujer,Sudaderas,Sudadera con capucha,117.85,Yes,50,Vestir Norte
ALI-000483,Zumo de naranja pack 6 unidades,"Zumo elaborado a partir de naranjas seleccionadas, sin azúcares añadidos.",Alimentación,Bebidas,Zumos,Zumo de naranja,23.60,Yes,0,La Tahona Azul
ELE-000165,Cafetera de cápsulas multibebida,Cafetera práctica que prepara café de calidad en segundos.,Electrodomésticos,Pequeño electrodoméstico,Cafeteras,Cafetera de cápsulas,217.85,Yes,0,HogarTech
ROP-000403,Pantalón vaquero desgastado,Pantalón vaquero de algodón resistente con corte cómodo.,Ropa,Hombre,Pantalones,Pantalón vaquero,138.66,Yes,0,Costura 21
ROP-000287,Sujetador sin aros deportivo,"Sujetador sin aros, cómodo y flexible, ideal para el uso diario.",Ropa,Mujer,Lencería,Sujetador sin aros,184.02,No,0,SolTejido
ALI-000087,Croissant mini pack,"Bollería horneada con receta tradicional, textura hojaldrada.",Alimentación,Panadería,Bollería,Croissant,28.41,Yes,70,Verde Cosecha
ROP-000019,Camiseta infantil estampada pack 2 unidades,Camiseta infantil de algodón suave con estampado divertido.,Ropa,Niños,Camisetas,Camiseta estampada,86.86,Yes,0,Prenda Libre
ALI-000235,Pan integral 100% centeno,"Pan de miga suave elaborado con harina integral, fuente de fibra.",Alimentación,Panadería,Pan de molde,Pan integral,17.69,Yes,0,Sabor Norte
ELE-000142,Horno eléctrico empotrable,Horno con distribución uniforme del calor y múltiples funciones de cocinado.,Electrodomésticos,Cocina,Hornos,Horno eléctrico,530.86,Yes,60,Confort Total
JOY-000079,Pendientes de aro grandes,"Pendientes ligeros de plata con acabado brillante, fáciles de combinar.",Joyería,Pendientes,Pendientes de plata,Pendientes de aro,593.20,Yes,0,Esencia de Oro
ALI-000445,Manzanas Royal Gala,"Fruta fresca de temporada, seleccionada por tamaño y calidad.",Alimentación,Frutas y verduras,Frutas frescas,Manzanas,13.77,Yes,50,Huerta Real
ELE-000340,Robot aspirador autovaciado,Robot inteligente que limpia y friega de forma autónoma.,Electrodomésticos,Limpieza,Robots aspiradores,Robot aspirador,201.11,Yes,0,Impulso Hogar
ALI-000318,Helado de vainilla artesano,"Helado cremoso elaborado con vainilla natural, textura suave.",Alimentación,Congelados,Helados,Helado de vainilla,21.96,Yes,0,Cesta Rústica
ALI-000370,Helado de vainilla bajo en azúcar,"Helado cremoso elaborado con vainilla natural, textura suave.",Alimentación,Congelados,Helados,Helado de vainilla,26.27,Yes,60,Huerta Real
ROP-000204,Gorro de punto de lana merino,Gorro tejido que abriga sin renunciar al estilo.,Ropa,Accesorios,Gorros,Gorro de punto,158.52,Yes,0,SolTejido
ELE-000342,Secador iónico profesional,Secador con tecnología iónica que reduce el encrespamiento del cabello.,Electrodomésticos,Cuidado personal,Secadores de pelo,Secador iónico,846.60,No,0,Aire Puro
ROP-000364,Vestido largo estampado floral,"Vestido de corte fluido, tejido ligero y caída favorecedora.",Ropa,Mujer,Vestidos,Vestido largo,58.81,Yes,0,TrazoBlue
ROP-000447,Blusa manga larga con lazo,"Blusa ligera de tacto suave, versátil para looks casuales o de oficina.",Ropa,Mujer,Camisas,Blusa manga larga,85.33,Yes,0,Modaline
ELE-000395,Aire acondicionado Split 1x1 3000 frigorías,Equipo de climatización eficiente con control de temperatura preciso.,Electrodomésticos,Climatización,Aire acondicionado,Split 1x1,480.12,No,0,Impulso Hogar
ROP-000630,Camiseta básica algodón manga corta verde oliva,"Camiseta de algodón 100% suave y transpirable, ideal para el día a día.",Ropa,Hombre,Camisetas,Camiseta manga corta,5.83,Yes,0,TelaViva
ALI-000008,Lasaña congelada familiar,"Plato preparado listo en minutos, ideal para el día a día.",Alimentación,Congelados,Platos preparados,Lasaña congelada,17.53,Yes,0,Grano de Oro
ALI-000017,Yogur natural sin azúcar,Yogur cremoso elaborado con leche fresca y fermentos activos.,Alimentación,Lácteos,Yogures,Yogur natural,25.90,Yes,0,Huerta Real
ROP-000622,Blusa manga larga oversize,"Blusa ligera de tacto suave, versátil para looks casuales o de oficina.",Ropa,Mujer,Camisas,Blusa manga larga,13.15,Yes,70,TelaViva
ROP-000379,Sujetador con aros de raso,Sujetador con aros que proporciona sujeción y buen levantamiento.,Ropa,Mujer,Lencería,Sujetador con aros,181.84,Yes,50,Hilo & Forma
ALI-000521,Lasaña congelada de carne,"Plato preparado listo en minutos, ideal para el día a día.",Alimentación,Congelados,Platos preparados,Lasaña congelada,16.12,Yes,15,Nutrivida
ALI-000262,Yogur natural desnatado,Yogur cremoso elaborado con leche fresca y fermentos activos.,Alimentación,Lácteos,Yogures,Yogur natural,5.88,Yes,50,Punto Sabor
ALI-000490,Tomates ecológicos,"Verdura fresca de cultivo controlado, ideal para ensaladas y cocinar.",Alimentación,Frutas y verduras,Verduras frescas,Tomates,9.99,Yes,25,Campo Fresco
JOY-000039,Pendientes de perla blanca,"Pendientes elegantes con perla natural, acabado delicado y atemporal.",Joyería,Pendientes,Pendientes de perla,Pendientes de perla,878.68,Yes,0,Joyas del Valle
ALI-000520,Zumo de naranja 1L,"Zumo elaborado a partir de naranjas seleccionadas, sin azúcares añadidos.",Alimentación,Bebidas,Zumos,Zumo de naranja,5.80,Yes,0,Delicia Natural
ELE-000335,Aspiradora sin cable ligera,"Aspiradora inalámbrica de fácil manejo, ideal para limpiezas rápidas.",Electrodomésticos,Limpieza,Aspiradoras,Aspiradora sin cable,172.06,Yes,15,CasaFácil
ALI-000093,Yogur natural griego,Yogur cremoso elaborado con leche fresca y fermentos activos.,Alimentación,Lácteos,Yogures,Yogur natural,8.17,Yes,0,Huerta Real
ALI-000216,Yogur natural sin azúcar,Yogur cremoso elaborado con leche fresca y fermentos activos.,Alimentación,Lácteos,Yogures,Yogur natural,17.48,Yes,40,Grano de Oro
JOY-000074,Cadena fina de oro eslabón cubano,"Cadena de oro de acabado fino, ideal para uso diario o combinar con colgantes.",Joyería,Collares,Collares de oro,Cadena fina,1026.48,Yes,0,Joyas del Valle
JOY-000195,Reloj de pulsera clásico acero inoxidable,Reloj de diseño clásico con maquinaria de precisión y acabado elegante.,Joyería,Relojes,Relojes analógicos,Reloj de pulsera clásico,940.70,Yes,0,Aurea Diseño
ROP-000632,Vestido largo fiesta,"Vestido de corte fluido, tejido ligero y caída favorecedora.",Ropa,Mujer,Vestidos,Vestido largo,179.05,Yes,0,UrbanCotto
ROP-000068,Blusa manga larga estampada,"Blusa ligera de tacto suave, versátil para looks casuales o de oficina.",Ropa,Mujer,Camisas,Blusa manga larga,36.85,Yes,0,Hilo & Forma
ROP-000468,Sudadera con capucha estampada,"Sudadera cómoda con capucha y bolsillo canguro, ideal para el día a día.",Ropa,Mujer,Sudaderas,Sudadera con capucha,130.64,Yes,5,TrazoBlue
ALI-000620,Pan integral sin corteza,"Pan de miga suave elaborado con harina integral, fuente de fibra.",Alimentación,Panadería,Pan de molde,Pan integral,11.05,Yes,0,Grano de Oro
JOY-000182,Reloj de pulsera clásico unisex,Reloj de diseño clásico con maquinaria de precisión y acabado elegante.,Joyería,Relojes,Relojes analógicos,Reloj de pulsera clásico,1460.62,Yes,0,Plata del Norte
ALI-000501,Croissant de mantequilla,"Bollería horneada con receta tradicional, textura hojaldrada.",Alimentación,Panadería,Bollería,Croissant,17.25,Yes,20,Verde Cosecha
ROP-000332,Abrigo de invierno infantil acolchado,Abrigo cálido y resistente pensado para los meses más fríos.,Ropa,Niños,Abrigos,Abrigo de invierno,130.75,Yes,0,UrbanCotto
ALI-000215,Tomates cherry,"Verdura fresca de cultivo controlado, ideal para ensaladas y cocinar.",Alimentación,Frutas y verduras,Verduras frescas,Tomates,12.21,Yes,0,Sabor Norte
JOY-000091,Pendientes de perla con montura de plata,"Pendientes elegantes con perla natural, acabado delicado y atemporal.",Joyería,Pendientes,Pendientes de perla,Pendientes de perla,1265.36,Yes,0,Metal Noble
ALI-000167,Helado de vainilla con trozos de chocolate,"Helado cremoso elaborado con vainilla natural, textura suave.",Alimentación,Congelados,Helados,Helado de vainilla,22.79,Yes,15,Punto Sabor
ELE-000045,Frigorífico combi clase energética A++,Frigorífico de gran capacidad con tecnología de enfriamiento eficiente.,Electrodomésticos,Cocina,Frigoríficos,Frigorífico combi,758.12,Yes,0,Aire Puro
ROP-000648,Abrigo de invierno infantil impermeable,Abrigo cálido y resistente pensado para los meses más fríos.,Ropa,Niños,Abrigos,Abrigo de invierno,17.25,Yes,0,Costura 21
ROP-000345,Blusa manga larga lisa blanca,"Blusa ligera de tacto suave, versátil para looks casuales o de oficina.",Ropa,Mujer,Camisas,Blusa manga larga,68.82,Yes,70,Alta Fibra
ELE-000119,Aspiradora sin cable recargable,"Aspiradora inalámbrica de fácil manejo, ideal para limpiezas rápidas.",Electrodomésticos,Limpieza,Aspiradoras,Aspiradora sin cable,588.26,No,25,Confort Total
ALI-000519,Croissant integral,"Bollería horneada con receta tradicional, textura hojaldrada.",Alimentación,Panadería,Bollería,Croissant,16.56,Yes,60,Nutrivida
ALI-000180,Refresco de cola light,"Bebida refrescante carbonatada, ideal para acompañar comidas o disfrutar fría.",Alimentación,Bebidas,Refrescos,Refresco de cola,12.54,No,0,Verde Cosecha
ALI-000096,Refresco de cola original,"Bebida refrescante carbonatada, ideal para acompañar comidas o disfrutar fría.",Alimentación,Bebidas,Refrescos,Refresco de cola,28.51,Yes,0,Huerta Real
ALI-000128,Manzanas de temporada,"Fruta fresca de temporada, seleccionada por tamaño y calidad.",Alimentación,Frutas y verduras,Frutas frescas,Manzanas,16.56,Yes,15,Sabor Norte
ROP-000135,Bufanda de lana con flecos,"Bufanda cálida tejida en lana suave, ideal para el invierno.",Ropa,Accesorios,Bufandas,Bufanda de lana,105.93,No,0,UrbanCotto
ROP-000652,Gorro de punto con pompón,Gorro tejido que abriga sin renunciar al estilo.,Ropa,Accesorios,Gorros,Gorro de punto,195.03,No,0,NordVía
ROP-000194,Camiseta infantil estampada algodón orgánico,Camiseta infantil de algodón suave con estampado divertido.,Ropa,Niños,Camisetas,Camiseta estampada,154.81,No,0,UrbanCotto
ELE-000262,Robot aspirador compacto,Robot inteligente que limpia y friega de forma autónoma.,Electrodomésticos,Limpieza,Robots aspiradores,Robot aspirador,210.90,Yes,30,Impulso Hogar
ROP-000449,Pantalón vaquero recto,Pantalón vaquero de algodón resistente con corte cómodo.,Ropa,Hombre,Pantalones,Pantalón vaquero,109.99,Yes,0,UrbanCotto
ALI-000204,Helado de vainilla bajo en azúcar,"Helado cremoso elaborado con vainilla natural, textura suave.",Alimentación,Congelados,Helados,Helado de vainilla,18.47,Yes,5,Huerta Real
ROP-000399,Gorro de punto con pompón,Gorro tejido que abriga sin renunciar al estilo.,Ropa,Accesorios,Gorros,Gorro de punto,67.34,No,0,TrazoBlue
ALI-000450,Pan integral multicereales,"Pan de miga suave elaborado con harina integral, fuente de fibra.",Alimentación,Panadería,Pan de molde,Pan integral,29.78,No,0,Huerta Real
ALI-000458,Yogur natural sin azúcar,Yogur cremoso elaborado con leche fresca y fermentos activos.,Alimentación,Lácteos,Yogures,Yogur natural,27.92,Yes,0,Sabor Norte
ALI-000051,Pan integral 100% centeno,"Pan de miga suave elaborado con harina integral, fuente de fibra.",Alimentación,Panadería,Pan de molde,Pan integral,26.75,Yes,0,Sabor Norte
ELE-000385,Aspiradora sin cable ligera,"Aspiradora inalámbrica de fácil manejo, ideal para limpiezas rápidas.",Electrodomésticos,Limpieza,Aspiradoras,Aspiradora sin cable,1392.14,Yes,0,CasaFácil
ROP-000213,Sujetador con aros de raso,Sujetador con aros que proporciona sujeción y buen levantamiento.,Ropa,Mujer,Lencería,Sujetador con aros,85.74,Yes,0,Vestir Norte
ROP-000276,Camiseta básica algodón manga corta azul marino,"Camiseta de algodón 100% suave y transpirable, ideal para el día a día.",Ropa,Hombre,Camisetas,Camiseta manga corta,21.09,Yes,25,TelaViva
ROP-000175,Bota de invierno de cordones,"Bota resistente al agua con suela antideslizante, pensada para el frío.",Ropa,Calzado,Botas,Bota de invierno,156.93,Yes,0,TrazoBlue
ROP-000062,Pantalón vaquero recto,Pantalón vaquero de algodón resistente con corte cómodo.,Ropa,Hombre,Pantalones,Pantalón vaquero,87.67,Yes,30,TelaViva
ELE-000038,Cafetera de cápsulas compacta,Cafetera práctica que prepara café de calidad en segundos.,Electrodomésticos,Pequeño electrodoméstico,Cafeteras,Cafetera de cápsulas,1226.33,Yes,0,Impulso Hogar
JOY-000069,Collar con colgante de plata 925,"Collar de plata con acabado brillante, diseño delicado y atemporal.",Joyería,Collares,Collares de plata,Collar con colgante,893.19,Yes,0,Gema Pura
ROP-000228,Sujetador con aros negro,Sujetador con aros que proporciona sujeción y buen levantamiento.,Ropa,Mujer,Lencería,Sujetador con aros,136.96,Yes,50,Estilo Urbano
JOY-000048,Pendientes de aro pequeños,"Pendientes ligeros de plata con acabado brillante, fáciles de combinar.",Joyería,Pendientes,Pendientes de plata,Pendientes de aro,1824.98,Yes,0,Aurea Diseño
ROP-000419,Zapatillas deportivas para caminar,"Zapatillas ligeras con buena amortiguación, pensadas para uso diario o deporte.",Ropa,Calzado,Zapatillas,Zapatillas deportivas,38.50,Yes,0,Costura 21
ALI-000127,Lasaña congelada individual,"Plato preparado listo en minutos, ideal para el día a día.",Alimentación,Congelados,Platos preparados,Lasaña congelada,20.78,No,70,Sabor Norte
ALI-000451,Pan integral sin corteza,"Pan de miga suave elaborado con harina integral, fuente de fibra.",Alimentación,Panadería,Pan de molde,Pan integral,21.49,Yes,40,La Espiga Dorada
JOY-000192,Pulsera de eslabones gruesa,Pulsera de plata con eslabones resistentes y acabado pulido.,Joyería,Pulseras,Pulseras de plata,Pulsera de eslabones,1899.83,Yes,0,Orfebre Real
ALI-000141,Yogur natural sin azúcar,Yogur cremoso elaborado con leche fresca y fermentos activos.,Alimentación,Lácteos,Yogures,Yogur natural,29.21,Yes,0,Huerta Real
ALI-000028,Tomates ecológicos,"Verdura fresca de cultivo controlado, ideal para ensaladas y cocinar.",Alimentación,Frutas y verduras,Verduras frescas,Tomates,7.81,Yes,0,Sabor Norte
ROP-000242,Pantalón vaquero negro,Pantalón vaquero de algodón resistente con corte cómodo.,Ropa,Hombre,Pantalones,Pantalón vaquero,141.42,Yes,30,TrazoBlue
ROP-000091,Blusa manga larga lisa blanca,"Blusa ligera de tacto suave, versátil para looks casuales o de oficina.",Ropa,Mujer,Camisas,Blusa manga larga,144.41,Yes,20,TrazoBlue
ROP-000458,Sujetador con aros con encaje,Sujetador con aros que proporciona sujeción y buen levantamiento.,Ropa,Mujer,Lencería,Sujetador con aros,134.37,Yes,0,Vestir Norte
ROP-000517,Vestido largo liso negro,"Vestido de corte fluido, tejido ligero y caída favorecedora.",Ropa,Mujer,Vestidos,Vestido largo,137.00,No,0,TelaViva
ALI-000278,Lasaña congelada individual,"Plato preparado listo en minutos, ideal para el día a día.",Alimentación,Congelados,Platos preparados,Lasaña congelada,29.89,Yes,50,Campo Fresco
ALI-000435,Lasaña congelada familiar,"Plato preparado listo en minutos, ideal para el día a día.",Alimentación,Congelados,Platos preparados,Lasaña congelada,3.00,Yes,0,Verde Cosecha
ALI-000168,Refresco de cola original,"Bebida refrescante carbonatada, ideal para acompañar comidas o disfrutar fría.",Alimentación,Bebidas,Refrescos,Refresco de cola,23.76,Yes,0,Delicia Natural
ROP-000367,Bufanda de lana a cuadros,"Bufanda cálida tejida en lana suave, ideal para el invierno.",Ropa,Accesorios,Bufandas,Bufanda de lana,9.30,Yes,60,NordVía
ALI-000207,Refresco de cola zero cafeína,"Bebida refrescante carbonatada, ideal para acompañar comidas o disfrutar fría.",Alimentación,Bebidas,Refrescos,Refresco de cola,11.60,Yes,0,Campo Fresco
ALI-000214,Yogur natural desnatado,Yogur cremoso elaborado con leche fresca y fermentos activos.,Alimentación,Lácteos,Yogures,Yogur natural,4.31,Yes,0,La Espiga Dorada
ROP-000504,Sudadera sin capucha cuello redondo,"Sudadera básica sin capucha, cómoda y versátil para combinar con cualquier look.",Ropa,Mujer,Sudaderas,Sudadera sin capucha,54.46,Yes,0,UrbanCotto
ALI-000236,Croissant relleno de chocolate,"Bollería horneada con receta tradicional, textura hojaldrada.",Alimentación,Panadería,Bollería,Croissant,21.41,Yes,0,Verde Cosecha
ALI-000323,Zumo de naranja pack 6 unidades,"Zumo elaborado a partir de naranjas seleccionadas, sin azúcares añadidos.",Alimentación,Bebidas,Zumos,Zumo de naranja,8.57,Yes,40,Cesta Rústica
JOY-000044,Pulsera de eslabones plata 925,Pulsera de plata con eslabones resistentes y acabado pulido.,Joyería,Pulseras,Pulseras de plata,Pulsera de eslabones,507.90,Yes,0,Lumina Joyas
JOY-000170,Anillo de compromiso solitario,"Anillo elaborado en oro de alta calidad, acabado pulido y elegante.",Joyería,Anillos,Anillos de oro,Anillo de compromiso,1543.78,Yes,0,Reflejo Fino
ALI-000071,Lasaña congelada familiar,"Plato preparado listo en minutos, ideal para el día a día.",Alimentación,Congelados,Platos preparados,Lasaña congelada,6.16,Yes,0,La Espiga Dorada
ALI-000357,Zumo de naranja sin pulpa,"Zumo elaborado a partir de naranjas seleccionadas, sin azúcares añadidos.",Alimentación,Bebidas,Zumos,Zumo de naranja,6.06,No,5,Delicia Natural
ALI-000554,Tomates ecológicos,"Verdura fresca de cultivo controlado, ideal para ensaladas y cocinar.",Alimentación,Frutas y verduras,Verduras frescas,Tomates,7.21,Yes,0,Verde Cosecha
ELE-000021,Secador iónico ligero,Secador con tecnología iónica que reduce el encrespamiento del cabello.,Electrodomésticos,Cuidado personal,Secadores de pelo,Secador iónico,1006.65,Yes,20,TecnoCasa
ROP-000386,Bufanda de lana de punto grueso,"Bufanda cálida tejida en lana suave, ideal para el invierno.",Ropa,Accesorios,Bufandas,Bufanda de lana,65.08,Yes,0,Modaline
ALI-000041,Tomates pera,"Verdura fresca de cultivo controlado, ideal para ensaladas y cocinar.",Alimentación,Frutas y verduras,Verduras frescas,Tomates,9.75,Yes,0,Cesta Rústica
ROP-000165,Blusa manga larga lisa blanca,"Blusa ligera de tacto suave, versátil para looks casuales o de oficina.",Ropa,Mujer,Camisas,Blusa manga larga,72.62,Yes,0,UrbanCotto
ALI-000617,Refresco de cola sabor lima,"Bebida refrescante carbonatada, ideal para acompañar comidas o disfrutar fría.",Alimentación,Bebidas,Refrescos,Refresco de cola,7.32,No,0,Punto Sabor
ELE-000213,Aire acondicionado Split 1x1 wifi,Equipo de climatización eficiente con control de temperatura preciso.,Electrodomésticos,Climatización,Aire acondicionado,Split 1x1,1340.74,Yes,0,CasaFácil
ALI-000027,Manzanas Royal Gala,"Fruta fresca de temporada, seleccionada por tamaño y calidad.",Alimentación,Frutas y verduras,Frutas frescas,Manzanas,29.86,Yes,0,Sabores del Sur
ALI-000104,Pan integral multicereales,"Pan de miga suave elaborado con harina integral, fuente de fibra.",Alimentación,Panadería,Pan de molde,Pan integral,22.15,No,0,La Espiga Dorada
JOY-000150,Pendientes de tachuela para uso diario,"Pendientes pequeños y discretos, ideales para el uso diario.",Joyería,Pendientes,Pendientes de diamante,Pendientes de tachuela,1256.07,Yes,0,Plata del Norte
JOY-000122,Pendientes largos bohemios,"Pendientes de diseño llamativo, perfectos para ocasiones especiales.",Joyería,Pendientes,Pendientes colgantes,Pendientes largos,528.79,Yes,0,Metal Noble
ALI-000212,Lasaña congelada de carne,"Plato preparado listo en minutos, ideal para el día a día.",Alimentación,Congelados,Platos preparados,Lasaña congelada,12.16,Yes,0,Campo Fresco
ROP-000370,Sujetador con aros con encaje,Sujetador con aros que proporciona sujeción y buen levantamiento.,Ropa,Mujer,Lencería,Sujetador con aros,158.91,Yes,0,TrazoBlue
ROP-000092,Bufanda de lana gris,"Bufanda cálida tejida en lana suave, ideal para el invierno.",Ropa,Accesorios,Bufandas,Bufanda de lana,126.94,Yes,70,Vestir Norte
ROP-000647,Sudadera sin capucha básica blanca,"Sudadera básica sin capucha, cómoda y versátil para combinar con cualquier look.",Ropa,Mujer,Sudaderas,Sudadera sin capucha,87.64,Yes,0,Hilo & Forma
JOY-000059,Anillo de compromiso solitario,"Anillo elaborado en oro de alta calidad, acabado pulido y elegante.",Joyería,Anillos,Anillos de oro,Anillo de compromiso,180.22,Yes,0,Brillo Eterno
ELE-000044,Aspiradora sin cable ligera,"Aspiradora inalámbrica de fácil manejo, ideal para limpiezas rápidas.",Electrodomésticos,Limpieza,Aspiradoras,Aspiradora sin cable,1112.11,Yes,0,Vitalux
ROP-000189,Sujetador con aros de raso,Sujetador con aros que proporciona sujeción y buen levantamiento.,Ropa,Mujer,Lencería,Sujetador con aros,111.55,Yes,0,Hilo & Forma
ROP-000033,Sujetador con aros con encaje,Sujetador con aros que proporciona sujeción y buen levantamiento.,Ropa,Mujer,Lencería,Sujetador con aros,124.73,Yes,0,Estilo Urbano
ROP-000490,Sujetador sin aros blanco,"Sujetador sin aros, cómodo y flexible, ideal para el uso diario.",Ropa,Mujer,Lencería,Sujetador sin aros,38.83,Yes,0,Costura 21
ELE-000379,Frigorífico combi No Frost,Frigorífico de gran capacidad con tecnología de enfriamiento eficiente.,Electrodomésticos,Cocina,Frigoríficos,Frigorífico combi,223.82,No,60,TecnoCasa
ROP-000543,Sujetador con aros con encaje,Sujetador con aros que proporciona sujeción y buen levantamiento.,Ropa,Mujer,Lencería,Sujetador con aros,29.39,Yes,0,NordVía
ELE-000241,Aspiradora sin cable recargable,"Aspiradora inalámbrica de fácil manejo, ideal para limpiezas rápidas.",Electrodomésticos,Limpieza,Aspiradoras,Aspiradora sin cable,1467.33,Yes,0,CocinaSmart
ROP-000337,Zapatillas deportivas con memory foam,"Zapatillas ligeras con buena amortiguación, pensadas para uso diario o deporte.",Ropa,Calzado,Zapatillas,Zapatillas deportivas,19.34,Yes,0,Alta Fibra
ROP-000089,Bota de invierno alta,"Bota resistente al agua con suela antideslizante, pensada para el frío.",Ropa,Calzado,Botas,Bota de invierno,6.78,Yes,0,Costura 21
ALI-000206,Pan integral sin corteza,"Pan de miga suave elaborado con harina integral, fuente de fibra.",Alimentación,Panadería,Pan de molde,Pan integral,19.89,Yes,5,Verde Cosecha
ALI-000682,Lasaña congelada de verduras,"Plato preparado listo en minutos, ideal para el día a día.",Alimentación,Congelados,Platos preparados,Lasaña congelada,20.48,No,30,Delicia Natural
ROP-000598,Sujetador con aros blanco,Sujetador con aros que proporciona sujeción y buen levantamiento.,Ropa,Mujer,Lencería,Sujetador con aros,157.84,Yes,25,TrazoBlue
ROP-000433,Bufanda de lana a cuadros,"Bufanda cálida tejida en lana suave, ideal para el invierno.",Ropa,Accesorios,Bufandas,Bufanda de lana,26.07,Yes,0,TelaViva
ALI-000546,Tomates de huerta,"Verdura fresca de cultivo controlado, ideal para ensaladas y cocinar.",Alimentación,Frutas y verduras,Verduras frescas,Tomates,19.99,Yes,0,Delicia Natural
ELE-000197,Frigorífico combi clase energética A++,Frigorífico de gran capacidad con tecnología de enfriamiento eficiente.,Electrodomésticos,Cocina,Frigoríficos,Frigorífico combi,1392.33,Yes,20,TecnoCasa
ROP-000620,Camiseta infantil estampada unicornios,Camiseta infantil de algodón suave con estampado divertido.,Ropa,Niños,Camisetas,Camiseta estampada,115.81,Yes,60,Costura 21
ELE-000361,Batidora de mano 600W,"Batidora versátil pensada para triturar, batir y emulsionar.",Electrodomésticos,Pequeño electrodoméstico,Batidoras,Batidora de mano,1005.73,Yes,0,HogarTech
ROP-000621,Zapatillas deportivas para caminar,"Zapatillas ligeras con buena amortiguación, pensadas para uso diario o deporte.",Ropa,Calzado,Zapatillas,Zapatillas deportivas,110.39,Yes,0,Modaline
JOY-000004,Pendientes de tachuela diminutos,"Pendientes pequeños y discretos, ideales para el uso diario.",Joyería,Pendientes,Pendientes de diamante,Pendientes de tachuela,574.01,Yes,0,Orfebre Real
ROP-000177,Zapatillas deportivas para caminar,"Zapatillas ligeras con buena amortiguación, pensadas para uso diario o deporte.",Ropa,Calzado,Zapatillas,Zapatillas deportivas,10.09,Yes,15,Prenda Libre
JOY-000152,Anillo ajustable trenzado,"Anillo de plata de talla ajustable, cómodo para uso diario.",Joyería,Anillos,Anillos de plata,Anillo ajustable,1780.19,Yes,0,Esencia de Oro
ALI-000155,Zumo de naranja 1L,"Zumo elaborado a partir de naranjas seleccionadas, sin azúcares añadidos.",Alimentación,Bebidas,Zumos,Zumo de naranja,1.56,Yes,0,La Tahona Azul
ALI-000438,Pan integral bajo en sal,"Pan de miga suave elaborado con harina integral, fuente de fibra.",Alimentación,Panadería,Pan de molde,Pan integral,14.94,Yes,0,La Espiga Dorada
ELE-000039,Aspiradora sin cable con batería de larga duración,"Aspiradora inalámbrica de fácil manejo, ideal para limpiezas rápidas.",Electrodomésticos,Limpieza,Aspiradoras,Aspiradora sin cable,466.27,Yes,10,CocinaSmart
ALI-000231,Tomates rama,"Verdura fresca de cultivo controlado, ideal para ensaladas y cocinar.",Alimentación,Frutas y verduras,Verduras frescas,Tomates,7.81,Yes,0,Huerta Real
ALI-000009,Manzanas Royal Gala,"Fruta fresca de temporada, seleccionada por tamaño y calidad.",Alimentación,Frutas y verduras,Frutas frescas,Manzanas,25.73,No,0,Sabor Norte
ELE-000234,Aspiradora sin cable con filtro HEPA,"Aspiradora inalámbrica de fácil manejo, ideal para limpiezas rápidas.",Electrodomésticos,Limpieza,Aspiradoras,Aspiradora sin cable,1308.31,Yes,0,CasaFácil
ALI-000400,Helado de vainilla artesano,"Helado cremoso elaborado con vainilla natural, textura suave.",Alimentación,Congelados,Helados,Helado de vainilla,23.28,Yes,0,Sabor Norte
ELE-000217,Aire acondicionado Split 1x1 3000 frigorías,Equipo de climatización eficiente con control de temperatura preciso.,Electrodomésticos,Climatización,Aire acondicionado,Split 1x1,444.53,No,10,Impulso Hogar
ALI-000639,Tomates de huerta,"Verdura fresca de cultivo controlado, ideal para ensaladas y cocinar.",Alimentación,Frutas y verduras,Verduras frescas,Tomates,21.21,Yes,0,Grano de Oro
JOY-000124,Pulsera trenzada doble vuelta,"Pulsera artesanal trenzada a mano, resistente y de estilo casual.",Joyería,Pulseras,Pulseras de cuero,Pulsera trenzada,1561.31,Yes,70,Aurea Diseño
JOY-000052,Cadena fina de oro delicada,"Cadena de oro de acabado fino, ideal para uso diario o combinar con colgantes.",Joyería,Collares,Collares de oro,Cadena fina,47.51,Yes,0,Reflejo Fino
ALI-000589,Yogur natural pack 4 unidades,Yogur cremoso elaborado con leche fresca y fermentos activos.,Alimentación,Lácteos,Yogures,Yogur natural,9.36,Yes,0,La Tahona Azul
ALI-000412,Manzanas de temporada,"Fruta fresca de temporada, seleccionada por tamaño y calidad.",Alimentación,Frutas y verduras,Frutas frescas,Manzanas,5.74,Yes,0,Grano de Oro
ALI-000022,Tomates de huerta,"Verdura fresca de cultivo controlado, ideal para ensaladas y cocinar.",Alimentación,Frutas y verduras,Verduras frescas,Tomates,5.01,Yes,0,Campo Fresco
ROP-000291,Camiseta infantil estampada dinosaurios,Camiseta infantil de algodón suave con estampado divertido.,Ropa,Niños,Camisetas,Camiseta estampada,91.96,Yes,0,Prenda Libre
ALI-000443,Yogur natural con bífidus,Yogur cremoso elaborado con leche fresca y fermentos activos.,Alimentación,Lácteos,Yogures,Yogur natural,3.84,Yes,30,La Tahona Azul
ROP-000272,Sujetador con aros negro,Sujetador con aros que proporciona sujeción y buen levantamiento.,Ropa,Mujer,Lencería,Sujetador con aros,93.54,No,0,TelaViva
ROP-000140,Sudadera sin capucha oversize,"Sudadera básica sin capucha, cómoda y versátil para combinar con cualquier look.",Ropa,Mujer,Sudaderas,Sudadera sin capucha,38.72,Yes,70,TelaViva
ROP-000058,Blusa manga larga de seda sintética,"Blusa ligera de tacto suave, versátil para looks casuales o de oficina.",Ropa,Mujer,Camisas,Blusa manga larga,11.35,Yes,15,Estilo Urbano
ELE-000181,Depiladora eléctrica recargable,"Depiladora eficaz de uso doméstico, ligera y fácil de manejar.",Electrodomésticos,Cuidado personal,Depiladoras,Depiladora eléctrica,293.56,No,0,CocinaSmart
ROP-000315,Sudadera sin capucha básica blanca,"Sudadera básica sin capucha, cómoda y versátil para combinar con cualquier look.",Ropa,Mujer,Sudaderas,Sudadera sin capucha,132.50,Yes,5,TelaViva
ALI-000541,Helado de vainilla sin lactosa,"Helado cremoso elaborado con vainilla natural, textura suave.",Alimentación,Congelados,Helados,Helado de vainilla,13.81,Yes,0,La Espiga Dorada
ALI-000465,Refresco de cola sabor lima,"Bebida refrescante carbonatada, ideal para acompañar comidas o disfrutar fría.",Alimentación,Bebidas,Refrescos,Refresco de cola,26.49,Yes,15,Grano de Oro
ALI-000348,Manzanas ecológicas,"Fruta fresca de temporada, seleccionada por tamaño y calidad.",Alimentación,Frutas y verduras,Frutas frescas,Manzanas,3.18,Yes,50,Nutrivida
ELE-000199,Horno eléctrico de sobremesa,Horno con distribución uniforme del calor y múltiples funciones de cocinado.,Electrodomésticos,Cocina,Hornos,Horno eléctrico,1420.71,No,0,NordLine
ROP-000445,Camiseta básica algodón manga corta blanca,"Camiseta de algodón 100% suave y transpirable, ideal para el día a día.",Ropa,Hombre,Camisetas,Camiseta manga corta,13.80,Yes,0,SolTejido
ELE-000048,Secador iónico profesional,Secador con tecnología iónica que reduce el encrespamiento del cabello.,Electrodomésticos,Cuidado personal,Secadores de pelo,Secador iónico,1273.46,Yes,0,Vitalux
JOY-000145,Pendientes de perla clásicos,"Pendientes elegantes con perla natural, acabado delicado y atemporal.",Joyería,Pendientes,Pendientes de perla,Pendientes de perla,819.00,Yes,60,Esencia de Oro
JOY-000141,Cadena fina de oro 18k,"Cadena de oro de acabado fino, ideal para uso diario o combinar con colgantes.",Joyería,Collares,Collares de oro,Cadena fina,671.55,Yes,10,Brillo Eterno
ROP-000485,Sudadera sin capucha oversize,"Sudadera básica sin capucha, cómoda y versátil para combinar con cualquier look.",Ropa,Mujer,Sudaderas,Sudadera sin capucha,17.94,Yes,60,Estilo Urbano
ALI-000156,Lasaña congelada de verduras,"Plato preparado listo en minutos, ideal para el día a día.",Alimentación,Congelados,Platos preparados,Lasaña congelada,3.17,No,10,Cesta Rústica
ELE-000116,Robot aspirador con mopa,Robot inteligente que limpia y friega de forma autónoma.,Electrodomésticos,Limpieza,Robots aspiradores,Robot aspirador,1300.05,Yes,0,Domus Pro
ROP-000557,Bufanda de lana gris,"Bufanda cálida tejida en lana suave, ideal para el invierno.",Ropa,Accesorios,Bufandas,Bufanda de lana,99.16,Yes,0,Prenda Libre
ROP-000651,Sujetador con aros blanco,Sujetador con aros que proporciona sujeción y buen levantamiento.,Ropa,Mujer,Lencería,Sujetador con aros,156.27,Yes,50,NordVía
ALI-000463,Tomates ecológicos,"Verdura fresca de cultivo controlado, ideal para ensaladas y cocinar.",Alimentación,Frutas y verduras,Verduras frescas,Tomates,0.74,Yes,0,Huerta Real
ALI-000477,Croissant de mantequilla,"Bollería horneada con receta tradicional, textura hojaldrada.",Alimentación,Panadería,Bollería,Croissant,16.33,Yes,0,Punto Sabor
ELE-000065,Robot aspirador autovaciado,Robot inteligente que limpia y friega de forma autónoma.,Electrodomésticos,Limpieza,Robots aspiradores,Robot aspirador,378.68,Yes,5,Vitalux
ROP-000415,Sudadera con capucha gris jaspeada,"Sudadera cómoda con capucha y bolsillo canguro, ideal para el día a día.",Ropa,Mujer,Sudaderas,Sudadera con capucha,157.56,No,0,NordVía
ALI-000442,Queso curado mezcla,"Queso elaborado con leche seleccionada, curación tradicional y sabor intenso.",Alimentación,Lácteos,Quesos,Queso curado,16.36,Yes,0,Campo Fresco
ROP-000001,Abrigo de invierno infantil reversible,Abrigo cálido y resistente pensado para los meses más fríos.,Ropa,Niños,Abrigos,Abrigo de invierno,133.59,No,50,SolTejido
ELE-000076,Batidora de mano multivelocidad,"Batidora versátil pensada para triturar, batir y emulsionar.",Electrodomésticos,Pequeño electrodoméstico,Batidoras,Batidora de mano,1305.18,Yes,0,NordLine
ELE-000314,Cafetera de cápsulas compacta,Cafetera práctica que prepara café de calidad en segundos.,Electrodomésticos,Pequeño electrodoméstico,Cafeteras,Cafetera de cápsulas,416.03,Yes,30,Confort Total
ROP-000070,Camiseta infantil estampada rayas,Camiseta infantil de algodón suave con estampado divertido.,Ropa,Niños,Camisetas,Camiseta estampada,8.87,Yes,70,Modaline
ALI-000196,Croissant mini pack,"Bollería horneada con receta tradicional, textura hojaldrada.",Alimentación,Panadería,Bollería,Croissant,12.71,Yes,0,Campo Fresco
ELE-000056,Aire acondicionado Split 1x1 wifi,Equipo de climatización eficiente con control de temperatura preciso.,Electrodomésticos,Climatización,Aire acondicionado,Split 1x1,645.59,Yes,0,Domus Pro
ROP-000629,Bota de invierno antideslizante,"Bota resistente al agua con suela antideslizante, pensada para el frío.",Ropa,Calzado,Botas,Bota de invierno,8.10,Yes,0,Modaline
JOY-000186,Collar con colgante corazón,"Collar de plata con acabado brillante, diseño delicado y atemporal.",Joyería,Collares,Collares de plata,Collar con colgante,1186.39,No,5,Joyas del Valle
ELE-000017,Batidora de mano multivelocidad,"Batidora versátil pensada para triturar, batir y emulsionar.",Electrodomésticos,Pequeño electrodoméstico,Batidoras,Batidora de mano,1111.19,Yes,50,HogarTech
ALI-000588,Helado de vainilla sin lactosa,"Helado cremoso elaborado con vainilla natural, textura suave.",Alimentación,Congelados,Helados,Helado de vainilla,21.93,Yes,0,Grano de Oro
ALI-000090,Manzanas Royal Gala,"Fruta fresca de temporada, seleccionada por tamaño y calidad.",Alimentación,Frutas y verduras,Frutas frescas,Manzanas,14.83,Yes,0,Sabores del Sur
ROP-000421,Sudadera sin capucha con logo bordado,"Sudadera básica sin capucha, cómoda y versátil para combinar con cualquier look.",Ropa,Mujer,Sudaderas,Sudadera sin capucha,90.73,No,0,TrazoBlue
ROP-000167,Camiseta infantil estampada rayas,Camiseta infantil de algodón suave con estampado divertido.,Ropa,Niños,Camisetas,Camiseta estampada,34.58,No,0,Alta Fibra
ALI-000526,Tomates cherry,"Verdura fresca de cultivo controlado, ideal para ensaladas y cocinar.",Alimentación,Frutas y verduras,Verduras frescas,Tomates,14.97,Yes,0,La Espiga Dorada
ROP-000118,Pantalón vaquero slim fit,Pantalón vaquero de algodón resistente con corte cómodo.,Ropa,Hombre,Pantalones,Pantalón vaquero,193.60,Yes,0,Prenda Libre
ROP-000555,Gorro de punto térmico,Gorro tejido que abriga sin renunciar al estilo.,Ropa,Accesorios,Gorros,Gorro de punto,177.22,Yes,0,TrazoBlue
ROP-000541,Bota de invierno alta,"Bota resistente al agua con suela antideslizante, pensada para el frío.",Ropa,Calzado,Botas,Bota de invierno,83.99,Yes,50,Hilo & Forma
ALI-000116,Lasaña congelada de carne,"Plato preparado listo en minutos, ideal para el día a día.",Alimentación,Congelados,Platos preparados,Lasaña congelada,9.24,Yes,0,Campo Fresco
ROP-000100,Bufanda de lana unisex,"Bufanda cálida tejida en lana suave, ideal para el invierno.",Ropa,Accesorios,Bufandas,Bufanda de lana,110.92,Yes,25,NordVía
ELE-000108,Robot aspirador con mopa,Robot inteligente que limpia y friega de forma autónoma.,Electrodomésticos,Limpieza,Robots aspiradores,Robot aspirador,1095.60,Yes,60,Electra Norte
JOY-000012,Pendientes de aro grandes,"Pendientes ligeros de plata con acabado brillante, fáciles de combinar.",Joyería,Pendientes,Pendientes de plata,Pendientes de aro,1181.82,Yes,0,Joyas del Valle
ROP-000451,Camiseta básica algodón manga corta azul marino,"Camiseta de algodón 100% suave y transpirable, ideal para el día a día.",Ropa,Hombre,Camisetas,Camiseta manga corta,116.22,Yes,0,Vestir Norte
ELE-000016,Robot aspirador compacto,Robot inteligente que limpia y friega de forma autónoma.,Electrodomésticos,Limpieza,Robots aspiradores,Robot aspirador,798.27,No,50,Vitalux
ALI-000078,Croissant mini pack,"Bollería horneada con receta tradicional, textura hojaldrada.",Alimentación,Panadería,Bollería,Croissant,7.70,Yes,0,Sabores del Sur
ROP-000053,Bufanda de lana a cuadros,"Bufanda cálida tejida en lana suave, ideal para el invierno.",Ropa,Accesorios,Bufandas,Bufanda de lana,44.54,Yes,0,Alta Fibra
ALI-000069,Zumo de naranja 1L,"Zumo elaborado a partir de naranjas seleccionadas, sin azúcares añadidos.",Alimentación,Bebidas,Zumos,Zumo de naranja,28.49,No,0,Sabor Norte
ALI-000650,Pan integral sin corteza,"Pan de miga suave elaborado con harina integral, fuente de fibra.",Alimentación,Panadería,Pan de molde,Pan integral,16.50,Yes,30,La Tahona Azul
ROP-000426,Bufanda de lana unisex,"Bufanda cálida tejida en lana suave, ideal para el invierno.",Ropa,Accesorios,Bufandas,Bufanda de lana,172.07,No,30,Alta Fibra
ALI-000579,Queso curado añejo,"Queso elaborado con leche seleccionada, curación tradicional y sabor intenso.",Alimentación,Lácteos,Quesos,Queso curado,19.60,Yes,0,La Espiga Dorada
ROP-000308,Bota de invierno de cordones,"Bota resistente al agua con suela antideslizante, pensada para el frío.",Ropa,Calzado,Botas,Bota de invierno,44.61,Yes,20,Prenda Libre
JOY-000087,Collar con colgante corazón,"Collar de plata con acabado brillante, diseño delicado y atemporal.",Joyería,Collares,Collares de plata,Collar con colgante,1669.38,Yes,0,Orfebre Real
ALI-000066,Refresco de cola zero cafeína,"Bebida refrescante carbonatada, ideal para acompañar comidas o disfrutar fría.",Alimentación,Bebidas,Refrescos,Refresco de cola,10.70,Yes,0,Sabores del Sur
ROP-000196,Bufanda de lana de punto grueso,"Bufanda cálida tejida en lana suave, ideal para el invierno.",Ropa,Accesorios,Bufandas,Bufanda de lana,154.88,Yes,0,Hilo & Forma
ALI-000034,Refresco de cola original,"Bebida refrescante carbonatada, ideal para acompañar comidas o disfrutar fría.",Alimentación,Bebidas,Refrescos,Refresco de cola,21.98,Yes,0,Sabores del Sur
ELE-000249,Horno eléctrico de sobremesa,Horno con distribución uniforme del calor y múltiples funciones de cocinado.,Electrodomésticos,Cocina,Hornos,Horno eléctrico,760.32,Yes,0,CocinaSmart
ALI-000124,Helado de vainilla tarrina 1L,"Helado cremoso elaborado con vainilla natural, textura suave.",Alimentación,Congelados,Helados,Helado de vainilla,28.82,Yes,20,Verde Cosecha
ALI-000099,Lasaña congelada de carne,"Plato preparado listo en minutos, ideal para el día a día.",Alimentación,Congelados,Platos preparados,Lasaña congelada,1.26,Yes,40,Verde Cosecha
ELE-000162,Secador iónico 2000W,Secador con tecnología iónica que reduce el encrespamiento del cabello.,Electrodomésticos,Cuidado personal,Secadores de pelo,Secador iónico,605.13,Yes,0,Domus Pro
ROP-000442,Sujetador con aros negro,Sujetador con aros que proporciona sujeción y buen levantamiento.,Ropa,Mujer,Lencería,Sujetador con aros,136.63,Yes,70,SolTejido
ROP-000556,Blusa manga larga con lazo,"Blusa ligera de tacto suave, versátil para looks casuales o de oficina.",Ropa,Mujer,Camisas,Blusa manga larga,160.95,Yes,0,TelaViva
ROP-000142,Vestido largo estampado floral,"Vestido de corte fluido, tejido ligero y caída favorecedora.",Ropa,Mujer,Vestidos,Vestido largo,72.85,Yes,0,Modaline
ROP-000576,Sudadera sin capucha oversize,"Sudadera básica sin capucha, cómoda y versátil para combinar con cualquier look.",Ropa,Mujer,Sudaderas,Sudadera sin capucha,6.54,Yes,0,Modaline
ROP-000356,Blusa manga larga con lazo,"Blusa ligera de tacto suave, versátil para looks casuales o de oficina.",Ropa,Mujer,Camisas,Blusa manga larga,125.73,Yes,0,TelaViva
ELE-000137,Secador iónico profesional,Secador con tecnología iónica que reduce el encrespamiento del cabello.,Electrodomésticos,Cuidado personal,Secadores de pelo,Secador iónico,182.79,Yes,0,Electra Norte
ALI-000523,Manzanas ecológicas,"Fruta fresca de temporada, seleccionada por tamaño y calidad.",Alimentación,Frutas y verduras,Frutas frescas,Manzanas,10.97,Yes,15,Sabores del Sur
ALI-000531,Refresco de cola sabor lima,"Bebida refrescante carbonatada, ideal para acompañar comidas o disfrutar fría.",Alimentación,Bebidas,Refrescos,Refresco de cola,10.02,No,40,Delicia Natural
ALI-000408,Lasaña congelada individual,"Plato preparado listo en minutos, ideal para el día a día.",Alimentación,Congelados,Platos preparados,Lasaña congelada,14.78,Yes,0,Delicia Natural
JOY-000153,Pendientes de aro minimalistas,"Pendientes ligeros de plata con acabado brillante, fáciles de combinar.",Joyería,Pendientes,Pendientes de plata,Pendientes de aro,1607.60,No,0,Aurea Diseño
JOY-000062,Pendientes de aro grandes,"Pendientes ligeros de plata con acabado brillante, fáciles de combinar.",Joyería,Pendientes,Pendientes de plata,Pendientes de aro,930.82,Yes,0,Reflejo Fino
ELE-000195,Batidora de mano multivelocidad,"Batidora versátil pensada para triturar, batir y emulsionar.",Electrodomésticos,Pequeño electrodoméstico,Batidoras,Batidora de mano,403.08,No,0,Electra Norte
ROP-000530,Bota de invierno con forro polar,"Bota resistente al agua con suela antideslizante, pensada para el frío.",Ropa,Calzado,Botas,Bota de invierno,138.82,Yes,0,Prenda Libre
ROP-000260,Blusa manga larga oversize,"Blusa ligera de tacto suave, versátil para looks casuales o de oficina.",Ropa,Mujer,Camisas,Blusa manga larga,134.19,Yes,0,Alta Fibra
ALI-000658,Queso curado de oveja,"Queso elaborado con leche seleccionada, curación tradicional y sabor intenso.",Alimentación,Lácteos,Quesos,Queso curado,7.91,Yes,50,Cesta Rústica
ALI-000378,Pan integral sin corteza,"Pan de miga suave elaborado con harina integral, fuente de fibra.",Alimentación,Panadería,Pan de molde,Pan integral,7.29,Yes,0,Grano de Oro
ALI-000440,Manzanas de temporada,"Fruta fresca de temporada, seleccionada por tamaño y calidad.",Alimentación,Frutas y verduras,Frutas frescas,Manzanas,15.41,Yes,40,La Tahona Azul
ROP-000214,Sudadera con capucha negra,"Sudadera cómoda con capucha y bolsillo canguro, ideal para el día a día.",Ropa,Mujer,Sudaderas,Sudadera con capucha,129.92,Yes,0,UrbanCotto
ROP-000040,Bufanda de lana unisex,"Bufanda cálida tejida en lana suave, ideal para el invierno.",Ropa,Accesorios,Bufandas,Bufanda de lana,135.58,Yes,0,Modaline
ALI-000643,Yogur natural con bífidus,Yogur cremoso elaborado con leche fresca y fermentos activos.,Alimentación,Lácteos,Yogures,Yogur natural,4.47,Yes,0,La Tahona Azul
ALI-000140,Yogur natural desnatado,Yogur cremoso elaborado con leche fresca y fermentos activos.,Alimentación,Lácteos,Yogures,Yogur natural,6.50,Yes,50,Huerta Real
ALI-000288,Refresco de cola zero cafeína,"Bebida refrescante carbonatada, ideal para acompañar comidas o disfrutar fría.",Alimentación,Bebidas,Refrescos,Refresco de cola,9.47,Yes,20,La Espiga Dorada
ALI-000045,Helado de vainilla bajo en azúcar,"Helado cremoso elaborado con vainilla natural, textura suave.",Alimentación,Congelados,Helados,Helado de vainilla,28.07,Yes,20,Grano de Oro
ROP-000634,Sujetador con aros negro,Sujetador con aros que proporciona sujeción y buen levantamiento.,Ropa,Mujer,Lencería,Sujetador con aros,95.23,No,0,NordVía
ALI-000534,Lasaña congelada de verduras,"Plato preparado listo en minutos, ideal para el día a día.",Alimentación,Congelados,Platos preparados,Lasaña congelada,22.00,No,40,La Espiga Dorada
ALI-000672,Zumo de naranja pack 6 unidades,"Zumo elaborado a partir de naranjas seleccionadas, sin azúcares añadidos.",Alimentación,Bebidas,Zumos,Zumo de naranja,28.47,Yes,60,Sabor Norte
ALI-000503,Zumo de naranja 1L,"Zumo elaborado a partir de naranjas seleccionadas, sin azúcares añadidos.",Alimentación,Bebidas,Zumos,Zumo de naranja,7.39,No,0,Delicia Natural
ROP-000375,Pantalón vaquero recto,Pantalón vaquero de algodón resistente con corte cómodo.,Ropa,Hombre,Pantalones,Pantalón vaquero,92.44,No,0,Modaline
ALI-000181,Zumo de naranja sin pulpa,"Zumo elaborado a partir de naranjas seleccionadas, sin azúcares añadidos.",Alimentación,Bebidas,Zumos,Zumo de naranja,13.62,Yes,0,Nutrivida
ELE-000033,Aspiradora sin cable 2 en 1,"Aspiradora inalámbrica de fácil manejo, ideal para limpiezas rápidas.",Electrodomésticos,Limpieza,Aspiradoras,Aspiradora sin cable,61.36,Yes,10,CocinaSmart
ALI-000613,Refresco de cola light,"Bebida refrescante carbonatada, ideal para acompañar comidas o disfrutar fría.",Alimentación,Bebidas,Refrescos,Refresco de cola,18.47,Yes,20,Campo Fresco
JOY-000037,Cadena fina de oro delicada,"Cadena de oro de acabado fino, ideal para uso diario o combinar con colgantes.",Joyería,Collares,Collares de oro,Cadena fina,1109.47,Yes,15,Orfebre Real
ELE-000179,Secador iónico con difusor,Secador con tecnología iónica que reduce el encrespamiento del cabello.,Electrodomésticos,Cuidado personal,Secadores de pelo,Secador iónico,385.51,No,0,CocinaSmart
ROP-000148,Blusa manga larga con lazo,"Blusa ligera de tacto suave, versátil para looks casuales o de oficina.",Ropa,Mujer,Camisas,Blusa manga larga,82.71,Yes,15,NordVía
ELE-000203,Robot aspirador navegación láser,Robot inteligente que limpia y friega de forma autónoma.,Electrodomésticos,Limpieza,Robots aspiradores,Robot aspirador,958.77,Yes,20,Impulso Hogar
ROP-000658,Camiseta infantil estampada rayas,Camiseta infantil de algodón suave con estampado divertido.,Ropa,Niños,Camisetas,Camiseta estampada,42.53,Yes,0,SolTejido
ALI-000276,Zumo de naranja 1L,"Zumo elaborado a partir de naranjas seleccionadas, sin azúcares añadidos.",Alimentación,Bebidas,Zumos,Zumo de naranja,19.66,Yes,0,Grano de Oro
ROP-000540,Blusa manga larga oversize,"Blusa ligera de tacto suave, versátil para looks casuales o de oficina.",Ropa,Mujer,Camisas,Blusa manga larga,6.14,Yes,0,UrbanCotto
ELE-000014,Aire acondicionado Split 1x1 bajo consumo,Equipo de climatización eficiente con control de temperatura preciso.,Electrodomésticos,Climatización,Aire acondicionado,Split 1x1,1409.95,Yes,0,CasaFácil
ALI-000583,Tomates de huerta,"Verdura fresca de cultivo controlado, ideal para ensaladas y cocinar.",Alimentación,Frutas y verduras,Verduras frescas,Tomates,8.84,Yes,0,Verde Cosecha
ROP-000198,Bota de invierno alta,"Bota resistente al agua con suela antideslizante, pensada para el frío.",Ropa,Calzado,Botas,Bota de invierno,162.45,Yes,0,Estilo Urbano
ELE-000155,Frigorífico combi acero inoxidable,Frigorífico de gran capacidad con tecnología de enfriamiento eficiente.,Electrodomésticos,Cocina,Frigoríficos,Frigorífico combi,581.06,Yes,0,Domus Pro
ALI-000566,Lasaña congelada individual,"Plato preparado listo en minutos, ideal para el día a día.",Alimentación,Congelados,Platos preparados,Lasaña congelada,18.74,Yes,0,La Espiga Dorada
ROP-000462,Camiseta infantil estampada unicornios,Camiseta infantil de algodón suave con estampado divertido.,Ropa,Niños,Camisetas,Camiseta estampada,95.18,Yes,25,Modaline
ROP-000554,Bota de invierno con forro polar,"Bota resistente al agua con suela antideslizante, pensada para el frío.",Ropa,Calzado,Botas,Bota de invierno,47.84,No,0,Estilo Urbano
ELE-000277,Depiladora eléctrica resistente al agua,"Depiladora eficaz de uso doméstico, ligera y fácil de manejar.",Electrodomésticos,Cuidado personal,Depiladoras,Depiladora eléctrica,1089.63,Yes,0,NordLine
ALI-000122,Croissant sin gluten,"Bollería horneada con receta tradicional, textura hojaldrada.",Alimentación,Panadería,Bollería,Croissant,23.83,Yes,0,Verde Cosecha
ELE-000131,Ventilador de torre silencioso,Ventilador de diseño compacto con distintas velocidades de ventilación.,Electrodomésticos,Climatización,Ventiladores,Ventilador de torre,551.42,Yes,0,CasaFácil
ALI-000574,Zumo de naranja sin pulpa,"Zumo elaborado a partir de naranjas seleccionadas, sin azúcares añadidos.",Alimentación,Bebidas,Zumos,Zumo de naranja,11.37,Yes,0,Delicia Natural
ELE-000054,Robot aspirador wifi,Robot inteligente que limpia y friega de forma autónoma.,Electrodomésticos,Limpieza,Robots aspiradores,Robot aspirador,388.47,Yes,0,CasaFácil
ROP-000510,Blusa manga larga lisa blanca,"Blusa ligera de tacto suave, versátil para looks casuales o de oficina.",Ropa,Mujer,Camisas,Blusa manga larga,148.69,Yes,60,Modaline
ELE-000170,Cafetera de cápsulas compacta,Cafetera práctica que prepara café de calidad en segundos.,Electrodomésticos,Pequeño electrodoméstico,Cafeteras,Cafetera de cápsulas,1248.16,Yes,0,Impulso Hogar
ALI-000095,Refresco de cola light,"Bebida refrescante carbonatada, ideal para acompañar comidas o disfrutar fría.",Alimentación,Bebidas,Refrescos,Refresco de cola,22.60,Yes,20,Huerta Real
JOY-000010,Pulsera de eslabones con dije,Pulsera de plata con eslabones resistentes y acabado pulido.,Joyería,Pulseras,Pulseras de plata,Pulsera de eslabones,145.74,Yes,0,Metal Noble
ROP-000283,Camiseta básica algodón manga corta azul marino,"Camiseta de algodón 100% suave y transpirable, ideal para el día a día.",Ropa,Hombre,Camisetas,Camiseta manga corta,15.24,Yes,0,NordVía
JOY-000120,Pulsera de eslabones gruesa,Pulsera de plata con eslabones resistentes y acabado pulido.,Joyería,Pulseras,Pulseras de plata,Pulsera de eslabones,588.95,Yes,40,Orfebre Real
ALI-000329,Pan integral multicereales,"Pan de miga suave elaborado con harina integral, fuente de fibra.",Alimentación,Panadería,Pan de molde,Pan integral,28.08,No,0,Punto Sabor
ROP-000665,Camiseta básica algodón manga corta gris jaspeado,"Camiseta de algodón 100% suave y transpirable, ideal para el día a día.",Ropa,Hombre,Camisetas,Camiseta manga corta,43.10,Yes,10,Modaline
ALI-000153,Pan integral con semillas,"Pan de miga suave elaborado con harina integral, fuente de fibra.",Alimentación,Panadería,Pan de molde,Pan integral,23.55,Yes,0,Nutrivida
ALI-000219,Croissant sin gluten,"Bollería horneada con receta tradicional, textura hojaldrada.",Alimentación,Panadería,Bollería,Croissant,12.18,Yes,0,Sabor Norte
ROP-000511,Sujetador sin aros deportivo,"Sujetador sin aros, cómodo y flexible, ideal para el uso diario.",Ropa,Mujer,Lencería,Sujetador sin aros,41.84,Yes,0,UrbanCotto
ROP-000478,Sudadera con capucha estampada,"Sudadera cómoda con capucha y bolsillo canguro, ideal para el día a día.",Ropa,Mujer,Sudaderas,Sudadera con capucha,169.09,Yes,20,UrbanCotto
ROP-000480,Sujetador con aros negro,Sujetador con aros que proporciona sujeción y buen levantamiento.,Ropa,Mujer,Lencería,Sujetador con aros,174.06,No,0,Estilo Urbano
ELE-000359,Depiladora eléctrica con cabezales intercambiables,"Depiladora eficaz de uso doméstico, ligera y fácil de manejar.",Electrodomésticos,Cuidado personal,Depiladoras,Depiladora eléctrica,159.48,Yes,50,HogarTech
ALI-000409,Manzanas de temporada,"Fruta fresca de temporada, seleccionada por tamaño y calidad.",Alimentación,Frutas y verduras,Frutas frescas,Manzanas,18.69,Yes,0,Verde Cosecha
ALI-000668,Tomates pera,"Verdura fresca de cultivo controlado, ideal para ensaladas y cocinar.",Alimentación,Frutas y verduras,Verduras frescas,Tomates,20.23,Yes,70,Sabor Norte
ROP-000084,Camiseta infantil estampada algodón orgánico,Camiseta infantil de algodón suave con estampado divertido.,Ropa,Niños,Camisetas,Camiseta estampada,194.06,Yes,0,TrazoBlue
ROP-000176,Sujetador con aros de raso,Sujetador con aros que proporciona sujeción y buen levantamiento.,Ropa,Mujer,Lencería,Sujetador con aros,57.04,Yes,0,SolTejido
ALI-000660,Lasaña congelada individual,"Plato preparado listo en minutos, ideal para el día a día.",Alimentación,Congelados,Platos preparados,Lasaña congelada,29.51,Yes,60,La Espiga Dorada
ROP-000691,Bufanda de lana unisex,"Bufanda cálida tejida en lana suave, ideal para el invierno.",Ropa,Accesorios,Bufandas,Bufanda de lana,40.02,Yes,0,UrbanCotto
JOY-000196,Pulsera de eslabones gruesa,Pulsera de plata con eslabones resistentes y acabado pulido.,Joyería,Pulseras,Pulseras de plata,Pulsera de eslabones,288.23,Yes,0,Reflejo Fino
ROP-000693,Sujetador con aros con encaje,Sujetador con aros que proporciona sujeción y buen levantamiento.,Ropa,Mujer,Lencería,Sujetador con aros,24.19,Yes,0,Alta Fibra
ELE-000196,Secador iónico ligero,Secador con tecnología iónica que reduce el encrespamiento del cabello.,Electrodomésticos,Cuidado personal,Secadores de pelo,Secador iónico,273.24,Yes,0,NordLine
ALI-000428,Manzanas ecológicas,"Fruta fresca de temporada, seleccionada por tamaño y calidad.",Alimentación,Frutas y verduras,Frutas frescas,Manzanas,16.78,Yes,0,La Espiga Dorada
ELE-000100,Horno eléctrico con grill,Horno con distribución uniforme del calor y múltiples funciones de cocinado.,Electrodomésticos,Cocina,Hornos,Horno eléctrico,1002.34,Yes,0,Electra Norte
ALI-000040,Tomates ecológicos,"Verdura fresca de cultivo controlado, ideal para ensaladas y cocinar.",Alimentación,Frutas y verduras,Verduras frescas,Tomates,6.10,Yes,0,La Espiga Dorada
ALI-000562,Queso curado semicurado,"Queso elaborado con leche seleccionada, curación tradicional y sabor intenso.",Alimentación,Lácteos,Quesos,Queso curado,15.92,Yes,0,Verde Cosecha
ROP-000236,Pantalón vaquero regular fit,Pantalón vaquero de algodón resistente con corte cómodo.,Ropa,Hombre,Pantalones,Pantalón vaquero,14.89,Yes,5,TelaViva
ROP-000643,Camiseta básica algodón manga corta gris jaspeado,"Camiseta de algodón 100% suave y transpirable, ideal para el día a día.",Ropa,Hombre,Camisetas,Camiseta manga corta,136.25,Yes,30,Prenda Libre
ROP-000425,Gorro de punto reversible,Gorro tejido que abriga sin renunciar al estilo.,Ropa,Accesorios,Gorros,Gorro de punto,195.35,Yes,0,Prenda Libre
ELE-000058,Secador iónico ligero,Secador con tecnología iónica que reduce el encrespamiento del cabello.,Electrodomésticos,Cuidado personal,Secadores de pelo,Secador iónico,246.14,Yes,0,Electra Norte
ALI-000114,Manzanas Royal Gala,"Fruta fresca de temporada, seleccionada por tamaño y calidad.",Alimentación,Frutas y verduras,Frutas frescas,Manzanas,22.41,No,20,Sabor Norte
ELE-000093,Robot aspirador navegación láser,Robot inteligente que limpia y friega de forma autónoma.,Electrodomésticos,Limpieza,Robots aspiradores,Robot aspirador,1084.38,Yes,10,Vitalux
ALI-000012,Croissant integral,"Bollería horneada con receta tradicional, textura hojaldrada.",Alimentación,Panadería,Bollería,Croissant,20.80,Yes,0,Punto Sabor
JOY-000024,Cadena fina de oro 45cm,"Cadena de oro de acabado fino, ideal para uso diario o combinar con colgantes.",Joyería,Collares,Collares de oro,Cadena fina,1605.18,Yes,0,Plata del Norte
ROP-000106,Vestido largo liso negro,"Vestido de corte fluido, tejido ligero y caída favorecedora.",Ropa,Mujer,Vestidos,Vestido largo,89.66,Yes,70,Prenda Libre
ELE-000337,Ventilador de torre con mando a distancia,Ventilador de diseño compacto con distintas velocidades de ventilación.,Electrodomésticos,Climatización,Ventiladores,Ventilador de torre,404.34,Yes,0,HogarTech
ALI-000631,Lasaña congelada de carne,"Plato preparado listo en minutos, ideal para el día a día.",Alimentación,Congelados,Platos preparados,Lasaña congelada,7.07,Yes,0,La Tahona Azul
ROP-000222,Camiseta infantil estampada unicornios,Camiseta infantil de algodón suave con estampado divertido.,Ropa,Niños,Camisetas,Camiseta estampada,123.11,Yes,0,SolTejido
ELE-000151,Ventilador de torre bajo consumo,Ventilador de diseño compacto con distintas velocidades de ventilación.,Electrodomésticos,Climatización,Ventiladores,Ventilador de torre,620.10,Yes,5,NordLine
ROP-000025,Bufanda de lana con flecos,"Bufanda cálida tejida en lana suave, ideal para el invierno.",Ropa,Accesorios,Bufandas,Bufanda de lana,84.69,Yes,5,Estilo Urbano
ALI-000684,Croissant sin gluten,"Bollería horneada con receta tradicional, textura hojaldrada.",Alimentación,Panadería,Bollería,Croissant,28.44,Yes,30,La Tahona Azul
ALI-000628,Manzanas de temporada,"Fruta fresca de temporada, seleccionada por tamaño y calidad.",Alimentación,Frutas y verduras,Frutas frescas,Manzanas,20.08,Yes,0,Grano de Oro
JOY-000101,Pulsera trenzada de cuero marrón,"Pulsera artesanal trenzada a mano, resistente y de estilo casual.",Joyería,Pulseras,Pulseras de cuero,Pulsera trenzada,1108.81,Yes,0,Aurea Diseño
ROP-000637,Bota de invierno de cordones,"Bota resistente al agua con suela antideslizante, pensada para el frío.",Ropa,Calzado,Botas,Bota de invierno,59.75,No,20,UrbanCotto
ALI-000622,Croissant mini pack,"Bollería horneada con receta tradicional, textura hojaldrada.",Alimentación,Panadería,Bollería,Croissant,19.64,Yes,0,Sabores del Sur
ROP-000481,Blusa manga larga con lazo,"Blusa ligera de tacto suave, versátil para looks casuales o de oficina.",Ropa,Mujer,Camisas,Blusa manga larga,22.60,Yes,0,Costura 21
ALI-000539,Refresco de cola original,"Bebida refrescante carbonatada, ideal para acompañar comidas o disfrutar fría.",Alimentación,Bebidas,Refrescos,Refresco de cola,11.89,Yes,40,Huerta Real
ALI-000469,Croissant integral,"Bollería horneada con receta tradicional, textura hojaldrada.",Alimentación,Panadería,Bollería,Croissant,9.78,Yes,0,Sabores del Sur
JOY-000176,Pulsera de eslabones ajustable,Pulsera de plata con eslabones resistentes y acabado pulido.,Joyería,Pulseras,Pulseras de plata,Pulsera de eslabones,355.80,Yes,0,Reflejo Fino
ROP-000154,Zapatillas deportivas unisex,"Zapatillas ligeras con buena amortiguación, pensadas para uso diario o deporte.",Ropa,Calzado,Zapatillas,Zapatillas deportivas,152.76,No,0,TrazoBlue
ROP-000271,Sudadera con capucha estampada,"Sudadera cómoda con capucha y bolsillo canguro, ideal para el día a día.",Ropa,Mujer,Sudaderas,Sudadera con capucha,65.94,Yes,0,SolTejido
ROP-000358,Camiseta infantil estampada dinosaurios,Camiseta infantil de algodón suave con estampado divertido.,Ropa,Niños,Camisetas,Camiseta estampada,98.31,No,0,Prenda Libre
ALI-000667,Zumo de naranja con pulpa,"Zumo elaborado a partir de naranjas seleccionadas, sin azúcares añadidos.",Alimentación,Bebidas,Zumos,Zumo de naranja,6.94,Yes,0,Delicia Natural
ELE-000088,Robot aspirador navegación láser,Robot inteligente que limpia y friega de forma autónoma.,Electrodomésticos,Limpieza,Robots aspiradores,Robot aspirador,308.71,Yes,0,CasaFácil
ALI-000324,Croissant integral,"Bollería horneada con receta tradicional, textura hojaldrada.",Alimentación,Panadería,Bollería,Croissant,9.07,Yes,30,La Espiga Dorada
ALI-000352,Yogur natural sin azúcar,Yogur cremoso elaborado con leche fresca y fermentos activos.,Alimentación,Lácteos,Yogures,Yogur natural,12.56,Yes,40,Delicia Natural
ELE-000311,Depiladora eléctrica silenciosa,"Depiladora eficaz de uso doméstico, ligera y fácil de manejar.",Electrodomésticos,Cuidado personal,Depiladoras,Depiladora eléctrica,27.42,Yes,0,Electra Norte
ALI-000394,Manzanas ecológicas,"Fruta fresca de temporada, seleccionada por tamaño y calidad.",Alimentación,Frutas y verduras,Frutas frescas,Manzanas,22.69,Yes,0,La Espiga Dorada
ALI-000321,Helado de vainilla artesano,"Helado cremoso elaborado con vainilla natural, textura suave.",Alimentación,Congelados,Helados,Helado de vainilla,28.74,Yes,0,Campo Fresco
ALI-000664,Lasaña congelada individual,"Plato preparado listo en minutos, ideal para el día a día.",Alimentación,Congelados,Platos preparados,Lasaña congelada,16.73,Yes,60,Verde Cosecha
ROP-000625,Camiseta básica algodón manga corta negra,"Camiseta de algodón 100% suave y transpirable, ideal para el día a día.",Ropa,Hombre,Camisetas,Camiseta manga corta,109.15,Yes,0,Hilo & Forma
ROP-000663,Bota de invierno de cordones,"Bota resistente al agua con suela antideslizante, pensada para el frío.",Ropa,Calzado,Botas,Bota de invierno,71.87,Yes,0,SolTejido
ROP-000507,Vestido largo de lino,"Vestido de corte fluido, tejido ligero y caída favorecedora.",Ropa,Mujer,Vestidos,Vestido largo,108.43,Yes,0,Hilo & Forma
ALI-000211,Croissant de mantequilla,"Bollería horneada con receta tradicional, textura hojaldrada.",Alimentación,Panadería,Bollería,Croissant,20.51,Yes,0,Delicia Natural
ELE-000360,Secador iónico 2000W,Secador con tecnología iónica que reduce el encrespamiento del cabello.,Electrodomésticos,Cuidado personal,Secadores de pelo,Secador iónico,486.37,Yes,0,Confort Total
ROP-000387,Zapatillas deportivas con memory foam,"Zapatillas ligeras con buena amortiguación, pensadas para uso diario o deporte.",Ropa,Calzado,Zapatillas,Zapatillas deportivas,198.56,Yes,0,Hilo & Forma
ALI-000656,Manzanas ecológicas,"Fruta fresca de temporada, seleccionada por tamaño y calidad.",Alimentación,Frutas y verduras,Frutas frescas,Manzanas,7.51,Yes,25,Sabores del Sur
ALI-000626,Zumo de naranja exprimido,"Zumo elaborado a partir de naranjas seleccionadas, sin azúcares añadidos.",Alimentación,Bebidas,Zumos,Zumo de naranja,26.12,Yes,70,Cesta Rústica
ELE-000231,Aire acondicionado Split 1x1 3000 frigorías,Equipo de climatización eficiente con control de temperatura preciso.,Electrodomésticos,Climatización,Aire acondicionado,Split 1x1,233.33,No,40,Domus Pro
JOY-000132,Collar con colgante minimalista,"Collar de plata con acabado brillante, diseño delicado y atemporal.",Joyería,Collares,Collares de plata,Collar con colgante,271.07,Yes,0,Metal Noble
ALI-000437,Helado de vainilla sin lactosa,"Helado cremoso elaborado con vainilla natural, textura suave.",Alimentación,Congelados,Helados,Helado de vainilla,11.82,Yes,0,Verde Cosecha
ALI-000475,Refresco de cola original,"Bebida refrescante carbonatada, ideal para acompañar comidas o disfrutar fría.",Alimentación,Bebidas,Refrescos,Refresco de cola,2.49,Yes,0,Verde Cosecha
ALI-000223,Pan integral multicereales,"Pan de miga suave elaborado con harina integral, fuente de fibra.",Alimentación,Panadería,Pan de molde,Pan integral,22.76,Yes,0,Nutrivida
ALI-000397,Zumo de naranja exprimido,"Zumo elaborado a partir de naranjas seleccionadas, sin azúcares añadidos.",Alimentación,Bebidas,Zumos,Zumo de naranja,13.39,Yes,0,Sabor Norte
ROP-000577,Abrigo de invierno infantil de lana,Abrigo cálido y resistente pensado para los meses más fríos.,Ropa,Niños,Abrigos,Abrigo de invierno,130.56,No,0,TelaViva
ROP-000404,Gorro de punto reversible,Gorro tejido que abriga sin renunciar al estilo.,Ropa,Accesorios,Gorros,Gorro de punto,7.52,Yes,0,TrazoBlue
ROP-000584,Camiseta infantil estampada rayas,Camiseta infantil de algodón suave con estampado divertido.,Ropa,Niños,Camisetas,Camiseta estampada,14.31,Yes,0,NordVía
ROP-000208,Camiseta básica algodón manga corta blanca,"Camiseta de algodón 100% suave y transpirable, ideal para el día a día.",Ropa,Hombre,Camisetas,Camiseta manga corta,147.30,Yes,50,SolTejido
ELE-000306,Secador iónico con difusor,Secador con tecnología iónica que reduce el encrespamiento del cabello.,Electrodomésticos,Cuidado personal,Secadores de pelo,Secador iónico,157.31,Yes,0,Confort Total
ALI-000624,Pan integral bajo en sal,"Pan de miga suave elaborado con harina integral, fuente de fibra.",Alimentación,Panadería,Pan de molde,Pan integral,23.49,Yes,15,Sabores del Sur
ROP-000185,Camiseta infantil estampada pack 2 unidades,Camiseta infantil de algodón suave con estampado divertido.,Ropa,Niños,Camisetas,Camiseta estampada,196.85,Yes,0,Vestir Norte
ALI-000135,Helado de vainilla artesano,"Helado cremoso elaborado con vainilla natural, textura suave.",Alimentación,Congelados,Helados,Helado de vainilla,24.52,No,0,Punto Sabor
ELE-000328,Cafetera de cápsulas compacta,Cafetera práctica que prepara café de calidad en segundos.,Electrodomésticos,Pequeño electrodoméstico,Cafeteras,Cafetera de cápsulas,758.00,No,0,Domus Pro
JOY-000026,Pendientes largos con borla,"Pendientes de diseño llamativo, perfectos para ocasiones especiales.",Joyería,Pendientes,Pendientes colgantes,Pendientes largos,1206.96,Yes,0,Orfebre Real
ROP-000316,Zapatillas deportivas para caminar,"Zapatillas ligeras con buena amortiguación, pensadas para uso diario o deporte.",Ropa,Calzado,Zapatillas,Zapatillas deportivas,38.59,Yes,0,UrbanCotto
ROP-000264,Sujetador con aros de raso,Sujetador con aros que proporciona sujeción y buen levantamiento.,Ropa,Mujer,Lencería,Sujetador con aros,126.53,Yes,0,Vestir Norte
ROP-000344,Sujetador sin aros blanco,"Sujetador sin aros, cómodo y flexible, ideal para el uso diario.",Ropa,Mujer,Lencería,Sujetador sin aros,97.33,Yes,0,SolTejido
ELE-000318,Cafetera de cápsulas programable,Cafetera práctica que prepara café de calidad en segundos.,Electrodomésticos,Pequeño electrodoméstico,Cafeteras,Cafetera de cápsulas,1326.63,Yes,30,CocinaSmart
ALI-000014,Helado de vainilla con trozos de chocolate,"Helado cremoso elaborado con vainilla natural, textura suave.",Alimentación,Congelados,Helados,Helado de vainilla,19.84,Yes,50,Campo Fresco
ROP-000299,Vestido largo con cinturón,"Vestido de corte fluido, tejido ligero y caída favorecedora.",Ropa,Mujer,Vestidos,Vestido largo,124.01,Yes,0,Alta Fibra
ALI-000374,Lasaña congelada individual,"Plato preparado listo en minutos, ideal para el día a día.",Alimentación,Congelados,Platos preparados,Lasaña congelada,16.24,Yes,0,Nutrivida
JOY-000071,Pendientes de tachuela de oro blanco,"Pendientes pequeños y discretos, ideales para el uso diario.",Joyería,Pendientes,Pendientes de diamante,Pendientes de tachuela,59.14,Yes,0,Plata del Norte
ELE-000333,Secador iónico con difusor,Secador con tecnología iónica que reduce el encrespamiento del cabello.,Electrodomésticos,Cuidado personal,Secadores de pelo,Secador iónico,1135.46,Yes,0,Aire Puro
ALI-000633,Yogur natural desnatado,Yogur cremoso elaborado con leche fresca y fermentos activos.,Alimentación,Lácteos,Yogures,Yogur natural,4.00,Yes,0,Grano de Oro
ELE-000062,Horno eléctrico empotrable,Horno con distribución uniforme del calor y múltiples funciones de cocinado.,Electrodomésticos,Cocina,Hornos,Horno eléctrico,475.56,No,0,Domus Pro
ELE-000161,Ventilador de torre silencioso,Ventilador de diseño compacto con distintas velocidades de ventilación.,Electrodomésticos,Climatización,Ventiladores,Ventilador de torre,203.29,Yes,0,CocinaSmart
ELE-000216,Robot aspirador wifi,Robot inteligente que limpia y friega de forma autónoma.,Electrodomésticos,Limpieza,Robots aspiradores,Robot aspirador,1370.01,Yes,0,HogarTech
ALI-000699,Pan integral multicereales,"Pan de miga suave elaborado con harina integral, fuente de fibra.",Alimentación,Panadería,Pan de molde,Pan integral,15.56,Yes,0,La Tahona Azul
ELE-000310,Depiladora eléctrica recargable,"Depiladora eficaz de uso doméstico, ligera y fácil de manejar.",Electrodomésticos,Cuidado personal,Depiladoras,Depiladora eléctrica,1464.36,No,0,NordLine
ROP-000390,Pantalón vaquero slim fit,Pantalón vaquero de algodón resistente con corte cómodo.,Ropa,Hombre,Pantalones,Pantalón vaquero,152.44,Yes,0,SolTejido
ROP-000662,Sudadera con capucha oversize,"Sudadera cómoda con capucha y bolsillo canguro, ideal para el día a día.",Ropa,Mujer,Sudaderas,Sudadera con capucha,118.81,Yes,0,Costura 21
ALI-000614,Zumo de naranja 1L,"Zumo elaborado a partir de naranjas seleccionadas, sin azúcares añadidos.",Alimentación,Bebidas,Zumos,Zumo de naranja,5.23,Yes,50,Delicia Natural
ELE-000136,Aire acondicionado Split 1x1 3000 frigorías,Equipo de climatización eficiente con control de temperatura preciso.,Electrodomésticos,Climatización,Aire acondicionado,Split 1x1,580.83,No,0,CocinaSmart
ROP-000354,Gorro de punto de lana merino,Gorro tejido que abriga sin renunciar al estilo.,Ropa,Accesorios,Gorros,Gorro de punto,159.92,Yes,0,SolTejido
ROP-000290,Camiseta infantil estampada dinosaurios,Camiseta infantil de algodón suave con estampado divertido.,Ropa,Niños,Camisetas,Camiseta estampada,6.65,Yes,0,Prenda Libre
JOY-000003,Pulsera de eslabones con dije,Pulsera de plata con eslabones resistentes y acabado pulido.,Joyería,Pulseras,Pulseras de plata,Pulsera de eslabones,777.78,Yes,0,Metal Noble
ELE-000190,Batidora de mano con vaso medidor,"Batidora versátil pensada para triturar, batir y emulsionar.",Electrodomésticos,Pequeño electrodoméstico,Batidoras,Batidora de mano,1398.37,Yes,0,Electra Norte
ALI-000362,Helado de vainilla con trozos de chocolate,"Helado cremoso elaborado con vainilla natural, textura suave.",Alimentación,Congelados,Helados,Helado de vainilla,9.40,Yes,0,Campo Fresco
ROP-000309,Bufanda de lana unisex,"Bufanda cálida tejida en lana suave, ideal para el invierno.",Ropa,Accesorios,Bufandas,Bufanda de lana,127.97,Yes,0,NordVía
ALI-000555,Tomates ecológicos,"Verdura fresca de cultivo controlado, ideal para ensaladas y cocinar.",Alimentación,Frutas y verduras,Verduras frescas,Tomates,20.77,No,0,La Tahona Azul
ELE-000221,Robot aspirador wifi,Robot inteligente que limpia y friega de forma autónoma.,Electrodomésticos,Limpieza,Robots aspiradores,Robot aspirador,1037.00,Yes,0,Impulso Hogar
ALI-000516,Helado de vainilla bajo en azúcar,"Helado cremoso elaborado con vainilla natural, textura suave.",Alimentación,Congelados,Helados,Helado de vainilla,7.75,Yes,0,Verde Cosecha
JOY-000139,Anillo de compromiso clásico,"Anillo elaborado en oro de alta calidad, acabado pulido y elegante.",Joyería,Anillos,Anillos de oro,Anillo de compromiso,1903.40,Yes,50,Metal Noble
ROP-000694,Zapatillas deportivas unisex,"Zapatillas ligeras con buena amortiguación, pensadas para uso diario o deporte.",Ropa,Calzado,Zapatillas,Zapatillas deportivas,136.65,Yes,25,Alta Fibra
ALI-000399,Yogur natural desnatado,Yogur cremoso elaborado con leche fresca y fermentos activos.,Alimentación,Lácteos,Yogures,Yogur natural,11.00,No,0,Campo Fresco
ROP-000207,Vestido largo de lino,"Vestido de corte fluido, tejido ligero y caída favorecedora.",Ropa,Mujer,Vestidos,Vestido largo,107.78,Yes,70,Modaline
JOY-000073,Pendientes de perla cultivada,"Pendientes elegantes con perla natural, acabado delicado y atemporal.",Joyería,Pendientes,Pendientes de perla,Pendientes de perla,1861.31,No,0,Brillo Eterno
ROP-000181,Abrigo de invierno infantil de lana,Abrigo cálido y resistente pensado para los meses más fríos.,Ropa,Niños,Abrigos,Abrigo de invierno,100.54,Yes,0,SolTejido
ROP-000492,Zapatillas deportivas running,"Zapatillas ligeras con buena amortiguación, pensadas para uso diario o deporte.",Ropa,Calzado,Zapatillas,Zapatillas deportivas,185.01,Yes,0,UrbanCotto
ALI-000020,Zumo de naranja exprimido,"Zumo elaborado a partir de naranjas seleccionadas, sin azúcares añadidos.",Alimentación,Bebidas,Zumos,Zumo de naranja,13.33,Yes,25,Delicia Natural
ELE-000052,Aspiradora sin cable con batería de larga duración,"Aspiradora inalámbrica de fácil manejo, ideal para limpiezas rápidas.",Electrodomésticos,Limpieza,Aspiradoras,Aspiradora sin cable,832.29,Yes,0,CasaFácil
JOY-000190,Reloj de pulsera clásico esfera dorada,Reloj de diseño clásico con maquinaria de precisión y acabado elegante.,Joyería,Relojes,Relojes analógicos,Reloj de pulsera clásico,526.11,Yes,0,Brillo Eterno
ROP-000298,Blusa manga larga con lazo,"Blusa ligera de tacto suave, versátil para looks casuales o de oficina.",Ropa,Mujer,Camisas,Blusa manga larga,55.36,Yes,0,UrbanCotto
ELE-000240,Secador iónico ligero,Secador con tecnología iónica que reduce el encrespamiento del cabello.,Electrodomésticos,Cuidado personal,Secadores de pelo,Secador iónico,472.93,Yes,25,Electra Norte
ROP-000508,Camiseta básica algodón manga corta negra,"Camiseta de algodón 100% suave y transpirable, ideal para el día a día.",Ropa,Hombre,Camisetas,Camiseta manga corta,174.98,Yes,40,TelaViva
ROP-000411,Abrigo de invierno infantil con capucha,Abrigo cálido y resistente pensado para los meses más fríos.,Ropa,Niños,Abrigos,Abrigo de invierno,49.18,Yes,0,Hilo & Forma
JOY-000112,Pulsera trenzada negra,"Pulsera artesanal trenzada a mano, resistente y de estilo casual.",Joyería,Pulseras,Pulseras de cuero,Pulsera trenzada,1902.16,No,5,Lumina Joyas
JOY-000128,Pendientes de tachuela diminutos,"Pendientes pequeños y discretos, ideales para el uso diario.",Joyería,Pendientes,Pendientes de diamante,Pendientes de tachuela,1604.56,No,0,Brillo Eterno
ELE-000187,Horno eléctrico de sobremesa,Horno con distribución uniforme del calor y múltiples funciones de cocinado.,Electrodomésticos,Cocina,Hornos,Horno eléctrico,1484.67,Yes,5,Domus Pro
ELE-000159,Batidora de mano inoxidable,"Batidora versátil pensada para triturar, batir y emulsionar.",Electrodomésticos,Pequeño electrodoméstico,Batidoras,Batidora de mano,543.76,Yes,15,TecnoCasa
ROP-000206,Blusa manga larga estampada,"Blusa ligera de tacto suave, versátil para looks casuales o de oficina.",Ropa,Mujer,Camisas,Blusa manga larga,169.45,Yes,0,Vestir Norte
ELE-000257,Batidora de mano con accesorios,"Batidora versátil pensada para triturar, batir y emulsionar.",Electrodomésticos,Pequeño electrodoméstico,Batidoras,Batidora de mano,231.08,No,0,HogarTech
ROP-000280,Camiseta infantil estampada dinosaurios,Camiseta infantil de algodón suave con estampado divertido.,Ropa,Niños,Camisetas,Camiseta estampada,196.89,No,0,Modaline
ALI-000403,Zumo de naranja con pulpa,"Zumo elaborado a partir de naranjas seleccionadas, sin azúcares añadidos.",Alimentación,Bebidas,Zumos,Zumo de naranja,4.41,Yes,0,Sabor Norte
ALI-000150,Croissant de mantequilla,"Bollería horneada con receta tradicional, textura hojaldrada.",Alimentación,Panadería,Bollería,Croissant,22.47,Yes,40,Grano de Oro
JOY-000006,Anillo de compromiso solitario,"Anillo elaborado en oro de alta calidad, acabado pulido y elegante.",Joyería,Anillos,Anillos de oro,Anillo de compromiso,941.14,Yes,0,Plata del Norte
ALI-000105,Tomates ecológicos,"Verdura fresca de cultivo controlado, ideal para ensaladas y cocinar.",Alimentación,Frutas y verduras,Verduras frescas,Tomates,13.35,Yes,0,Nutrivida
ROP-000400,Abrigo de invierno infantil acolchado,Abrigo cálido y resistente pensado para los meses más fríos.,Ropa,Niños,Abrigos,Abrigo de invierno,75.43,Yes,5,Costura 21
ELE-000077,Robot aspirador con mopa,Robot inteligente que limpia y friega de forma autónoma.,Electrodomésticos,Limpieza,Robots aspiradores,Robot aspirador,115.11,Yes,0,TecnoCasa
ELE-000081,Horno eléctrico de sobremesa,Horno con distribución uniforme del calor y múltiples funciones de cocinado.,Electrodomésticos,Cocina,Hornos,Horno eléctrico,1228.93,No,0,Aire Puro
JOY-000184,Anillo de compromiso solitario,"Anillo elaborado en oro de alta calidad, acabado pulido y elegante.",Joyería,Anillos,Anillos de oro,Anillo de compromiso,1125.51,Yes,0,Brillo Eterno
ROP-000491,Bufanda de lana a cuadros,"Bufanda cálida tejida en lana suave, ideal para el invierno.",Ropa,Accesorios,Bufandas,Bufanda de lana,85.83,Yes,70,NordVía
ROP-000500,Zapatillas deportivas unisex,"Zapatillas ligeras con buena amortiguación, pensadas para uso diario o deporte.",Ropa,Calzado,Zapatillas,Zapatillas deportivas,138.43,Yes,0,SolTejido
ELE-000247,Cafetera de cápsulas compacta,Cafetera práctica que prepara café de calidad en segundos.,Electrodomésticos,Pequeño electrodoméstico,Cafeteras,Cafetera de cápsulas,418.37,No,0,Vitalux
ROP-000617,Bota de invierno antideslizante,"Bota resistente al agua con suela antideslizante, pensada para el frío.",Ropa,Calzado,Botas,Bota de invierno,80.08,Yes,0,Estilo Urbano
ELE-000239,Frigorífico combi acero inoxidable,Frigorífico de gran capacidad con tecnología de enfriamiento eficiente.,Electrodomésticos,Cocina,Frigoríficos,Frigorífico combi,1026.26,No,0,CocinaSmart
ALI-000125,Lasaña congelada de carne,"Plato preparado listo en minutos, ideal para el día a día.",Alimentación,Congelados,Platos preparados,Lasaña congelada,7.58,Yes,0,La Espiga Dorada
ROP-000613,Abrigo de invierno infantil con capucha,Abrigo cálido y resistente pensado para los meses más fríos.,Ropa,Niños,Abrigos,Abrigo de invierno,154.82,Yes,15,Costura 21
JOY-000057,Anillo ajustable doble banda,"Anillo de plata de talla ajustable, cómodo para uso diario.",Joyería,Anillos,Anillos de plata,Anillo ajustable,1149.48,Yes,0,Metal Noble
ELE-000031,Ventilador de torre con mando a distancia,Ventilador de diseño compacto con distintas velocidades de ventilación.,Electrodomésticos,Climatización,Ventiladores,Ventilador de torre,1041.71,Yes,0,CocinaSmart
ELE-000201,Frigorífico combi 185cm,Frigorífico de gran capacidad con tecnología de enfriamiento eficiente.,Electrodomésticos,Cocina,Frigoríficos,Frigorífico combi,1101.11,Yes,0,Vitalux
ALI-000390,Queso curado de cabra,"Queso elaborado con leche seleccionada, curación tradicional y sabor intenso.",Alimentación,Lácteos,Quesos,Queso curado,15.25,Yes,70,Sabor Norte
ALI-000188,Manzanas ecológicas,"Fruta fresca de temporada, seleccionada por tamaño y calidad.",Alimentación,Frutas y verduras,Frutas frescas,Manzanas,0.97,Yes,0,Grano de Oro
ALI-000569,Manzanas Fuji,"Fruta fresca de temporada, seleccionada por tamaño y calidad.",Alimentación,Frutas y verduras,Frutas frescas,Manzanas,29.24,Yes,25,Delicia Natural
ELE-000042,Aspiradora sin cable ligera,"Aspiradora inalámbrica de fácil manejo, ideal para limpiezas rápidas.",Electrodomésticos,Limpieza,Aspiradoras,Aspiradora sin cable,920.63,Yes,0,HogarTech
ALI-000545,Helado de vainilla artesano,"Helado cremoso elaborado con vainilla natural, textura suave.",Alimentación,Congelados,Helados,Helado de vainilla,2.08,Yes,40,La Espiga Dorada
JOY-000189,Pendientes de aro grandes,"Pendientes ligeros de plata con acabado brillante, fáciles de combinar.",Joyería,Pendientes,Pendientes de plata,Pendientes de aro,637.93,Yes,0,Esencia de Oro
ELE-000087,Depiladora eléctrica recargable,"Depiladora eficaz de uso doméstico, ligera y fácil de manejar.",Electrodomésticos,Cuidado personal,Depiladoras,Depiladora eléctrica,653.32,No,10,Aire Puro
ROP-000235,Sudadera sin capucha oversize,"Sudadera básica sin capucha, cómoda y versátil para combinar con cualquier look.",Ropa,Mujer,Sudaderas,Sudadera sin capucha,52.74,Yes,0,SolTejido
ELE-000067,Depiladora eléctrica silenciosa,"Depiladora eficaz de uso doméstico, ligera y fácil de manejar.",Electrodomésticos,Cuidado personal,Depiladoras,Depiladora eléctrica,1265.44,Yes,40,Impulso Hogar
ELE-000055,Cafetera de cápsulas multibebida,Cafetera práctica que prepara café de calidad en segundos.,Electrodomésticos,Pequeño electrodoméstico,Cafeteras,Cafetera de cápsulas,138.42,No,0,Domus Pro
ALI-000375,Tomates ecológicos,"Verdura fresca de cultivo controlado, ideal para ensaladas y cocinar.",Alimentación,Frutas y verduras,Verduras frescas,Tomates,3.41,No,0,Nutrivida
ALI-000525,Zumo de naranja pack 6 unidades,"Zumo elaborado a partir de naranjas seleccionadas, sin azúcares añadidos.",Alimentación,Bebidas,Zumos,Zumo de naranja,4.69,No,50,Verde Cosecha
ROP-000655,Sujetador sin aros deportivo,"Sujetador sin aros, cómodo y flexible, ideal para el uso diario.",Ropa,Mujer,Lencería,Sujetador sin aros,23.69,Yes,0,Vestir Norte
ALI-000508,Tomates pera,"Verdura fresca de cultivo controlado, ideal para ensaladas y cocinar.",Alimentación,Frutas y verduras,Verduras frescas,Tomates,9.32,Yes,0,Punto Sabor
ROP-000371,Bufanda de lana gris,"Bufanda cálida tejida en lana suave, ideal para el invierno.",Ropa,Accesorios,Bufandas,Bufanda de lana,73.86,Yes,0,TrazoBlue
ROP-000461,Bufanda de lana con flecos,"Bufanda cálida tejida en lana suave, ideal para el invierno.",Ropa,Accesorios,Bufandas,Bufanda de lana,171.29,No,5,SolTejido
ELE-000323,Cafetera de cápsulas compacta,Cafetera práctica que prepara café de calidad en segundos.,Electrodomésticos,Pequeño electrodoméstico,Cafeteras,Cafetera de cápsulas,992.29,Yes,10,Vitalux
ALI-000115,Manzanas de temporada,"Fruta fresca de temporada, seleccionada por tamaño y calidad.",Alimentación,Frutas y verduras,Frutas frescas,Manzanas,21.88,No,0,Delicia Natural
ELE-000259,Aspiradora sin cable ligera,"Aspiradora inalámbrica de fácil manejo, ideal para limpiezas rápidas.",Electrodomésticos,Limpieza,Aspiradoras,Aspiradora sin cable,557.73,Yes,0,CasaFácil
ROP-000402,Sudadera con capucha negra,"Sudadera cómoda con capucha y bolsillo canguro, ideal para el día a día.",Ropa,Mujer,Sudaderas,Sudadera con capucha,121.76,Yes,0,NordVía
ELE-000307,Cafetera de cápsulas programable,Cafetera práctica que prepara café de calidad en segundos.,Electrodomésticos,Pequeño electrodoméstico,Cafeteras,Cafetera de cápsulas,746.73,Yes,0,NordLine
ROP-000434,Sudadera con capucha negra,"Sudadera cómoda con capucha y bolsillo canguro, ideal para el día a día.",Ropa,Mujer,Sudaderas,Sudadera con capucha,24.42,Yes,0,UrbanCotto
ALI-000556,Manzanas de temporada,"Fruta fresca de temporada, seleccionada por tamaño y calidad.",Alimentación,Frutas y verduras,Frutas frescas,Manzanas,2.83,No,60,Delicia Natural
ALI-000138,Yogur natural sin azúcar,Yogur cremoso elaborado con leche fresca y fermentos activos.,Alimentación,Lácteos,Yogures,Yogur natural,7.95,Yes,60,Grano de Oro
ROP-000340,Pantalón vaquero recto,Pantalón vaquero de algodón resistente con corte cómodo.,Ropa,Hombre,Pantalones,Pantalón vaquero,139.98,Yes,0,UrbanCotto
ALI-000675,Refresco de cola sin azúcar,"Bebida refrescante carbonatada, ideal para acompañar comidas o disfrutar fría.",Alimentación,Bebidas,Refrescos,Refresco de cola,14.05,Yes,0,Huerta Real
ALI-000203,Lasaña congelada familiar,"Plato preparado listo en minutos, ideal para el día a día.",Alimentación,Congelados,Platos preparados,Lasaña congelada,24.31,Yes,70,Campo Fresco
ELE-000227,Cafetera de cápsulas programable,Cafetera práctica que prepara café de calidad en segundos.,Electrodomésticos,Pequeño electrodoméstico,Cafeteras,Cafetera de cápsulas,833.02,Yes,0,CocinaSmart
ALI-000068,Croissant de mantequilla,"Bollería horneada con receta tradicional, textura hojaldrada.",Alimentación,Panadería,Bollería,Croissant,27.80,Yes,20,La Tahona Azul
ROP-000684,Pantalón vaquero negro,Pantalón vaquero de algodón resistente con corte cómodo.,Ropa,Hombre,Pantalones,Pantalón vaquero,95.53,Yes,0,Estilo Urbano
ALI-000415,Queso curado añejo,"Queso elaborado con leche seleccionada, curación tradicional y sabor intenso.",Alimentación,Lácteos,Quesos,Queso curado,6.68,Yes,10,Cesta Rústica
ALI-000468,Yogur natural griego,Yogur cremoso elaborado con leche fresca y fermentos activos.,Alimentación,Lácteos,Yogures,Yogur natural,26.95,Yes,0,Sabor Norte
JOY-000161,Pulsera trenzada con cierre magnético,"Pulsera artesanal trenzada a mano, resistente y de estilo casual.",Joyería,Pulseras,Pulseras de cuero,Pulsera trenzada,213.62,Yes,0,Esencia de Oro
ROP-000610,Vestido largo fiesta,"Vestido de corte fluido, tejido ligero y caída favorecedora.",Ropa,Mujer,Vestidos,Vestido largo,67.48,Yes,0,SolTejido
ROP-000467,Camiseta básica algodón manga corta negra,"Camiseta de algodón 100% suave y transpirable, ideal para el día a día.",Ropa,Hombre,Camisetas,Camiseta manga corta,58.18,Yes,25,TrazoBlue
ELE-000024,Frigorífico combi No Frost,Frigorífico de gran capacidad con tecnología de enfriamiento eficiente.,Electrodomésticos,Cocina,Frigoríficos,Frigorífico combi,1047.84,Yes,0,Impulso Hogar
ELE-000176,Robot aspirador con mopa,Robot inteligente que limpia y friega de forma autónoma.,Electrodomésticos,Limpieza,Robots aspiradores,Robot aspirador,315.47,No,0,CasaFácil
ELE-000326,Cafetera de cápsulas compacta,Cafetera práctica que prepara café de calidad en segundos.,Electrodomésticos,Pequeño electrodoméstico,Cafeteras,Cafetera de cápsulas,431.51,Yes,10,Electra Norte
ALI-000404,Tomates de huerta,"Verdura fresca de cultivo controlado, ideal para ensaladas y cocinar.",Alimentación,Frutas y verduras,Verduras frescas,Tomates,3.55,Yes,0,Sabores del Sur
ALI-000245,Yogur natural desnatado,Yogur cremoso elaborado con leche fresca y fermentos activos.,Alimentación,Lácteos,Yogures,Yogur natural,23.45,Yes,0,Delicia Natural
JOY-000067,Cadena fina de oro con cruz,"Cadena de oro de acabado fino, ideal para uso diario o combinar con colgantes.",Joyería,Collares,Collares de oro,Cadena fina,1111.28,Yes,25,Orfebre Real
ALI-000570,Croissant sin gluten,"Bollería horneada con receta tradicional, textura hojaldrada.",Alimentación,Panadería,Bollería,Croissant,3.13,Yes,40,Punto Sabor
ELE-000363,Batidora de mano multivelocidad,"Batidora versátil pensada para triturar, batir y emulsionar.",Electrodomésticos,Pequeño electrodoméstico,Batidoras,Batidora de mano,742.69,Yes,0,HogarTech
ELE-000066,Aire acondicionado Split 1x1 3000 frigorías,Equipo de climatización eficiente con control de temperatura preciso.,Electrodomésticos,Climatización,Aire acondicionado,Split 1x1,694.10,Yes,0,CasaFácil
ALI-000423,Yogur natural con bífidus,Yogur cremoso elaborado con leche fresca y fermentos activos.,Alimentación,Lácteos,Yogures,Yogur natural,15.26,Yes,0,Cesta Rústica
JOY-000159,Pendientes de aro con circonitas,"Pendientes ligeros de plata con acabado brillante, fáciles de combinar.",Joyería,Pendientes,Pendientes de plata,Pendientes de aro,1461.35,Yes,25,Esencia de Oro
ELE-000206,Aire acondicionado Split 1x1 wifi,Equipo de climatización eficiente con control de temperatura preciso.,Electrodomésticos,Climatización,Aire acondicionado,Split 1x1,1227.09,Yes,0,Confort Total
ROP-000653,Sujetador sin aros negro,"Sujetador sin aros, cómodo y flexible, ideal para el uso diario.",Ropa,Mujer,Lencería,Sujetador sin aros,17.09,Yes,0,TrazoBlue
JOY-000065,Pendientes de aro de plata 925,"Pendientes ligeros de plata con acabado brillante, fáciles de combinar.",Joyería,Pendientes,Pendientes de plata,Pendientes de aro,263.17,Yes,0,Reflejo Fino
ALI-000030,Manzanas Golden,"Fruta fresca de temporada, seleccionada por tamaño y calidad.",Alimentación,Frutas y verduras,Frutas frescas,Manzanas,25.86,Yes,0,Huerta Real
ROP-000078,Camiseta básica algodón manga corta negra,"Camiseta de algodón 100% suave y transpirable, ideal para el día a día.",Ropa,Hombre,Camisetas,Camiseta manga corta,50.75,Yes,10,Hilo & Forma
ROP-000292,Zapatillas deportivas running,"Zapatillas ligeras con buena amortiguación, pensadas para uso diario o deporte.",Ropa,Calzado,Zapatillas,Zapatillas deportivas,125.78,Yes,0,UrbanCotto
ALI-000360,Yogur natural griego,Yogur cremoso elaborado con leche fresca y fermentos activos.,Alimentación,Lácteos,Yogures,Yogur natural,6.91,No,0,La Tahona Azul
ROP-000288,Bufanda de lana gris,"Bufanda cálida tejida en lana suave, ideal para el invierno.",Ropa,Accesorios,Bufandas,Bufanda de lana,132.60,Yes,20,Costura 21
ROP-000376,Vestido largo estampado floral,"Vestido de corte fluido, tejido ligero y caída favorecedora.",Ropa,Mujer,Vestidos,Vestido largo,186.56,Yes,30,Vestir Norte
ROP-000671,Zapatillas deportivas con memory foam,"Zapatillas ligeras con buena amortiguación, pensadas para uso diario o deporte.",Ropa,Calzado,Zapatillas,Zapatillas deportivas,166.09,Yes,0,TrazoBlue
ROP-000294,Sujetador sin aros con encaje,"Sujetador sin aros, cómodo y flexible, ideal para el uso diario.",Ropa,Mujer,Lencería,Sujetador sin aros,78.31,Yes,0,TrazoBlue
ROP-000075,Vestido largo liso negro,"Vestido de corte fluido, tejido ligero y caída favorecedora.",Ropa,Mujer,Vestidos,Vestido largo,49.50,Yes,0,Modaline
ELE-000243,Aspiradora sin cable con filtro HEPA,"Aspiradora inalámbrica de fácil manejo, ideal para limpiezas rápidas.",Electrodomésticos,Limpieza,Aspiradoras,Aspiradora sin cable,483.52,Yes,15,Domus Pro
ROP-000372,Abrigo de invierno infantil reversible,Abrigo cálido y resistente pensado para los meses más fríos.,Ropa,Niños,Abrigos,Abrigo de invierno,40.54,Yes,15,Costura 21
ALI-000644,Queso curado semicurado,"Queso elaborado con leche seleccionada, curación tradicional y sabor intenso.",Alimentación,Lácteos,Quesos,Queso curado,25.25,Yes,0,Sabores del Sur
JOY-000060,Pendientes de perla clásicos,"Pendientes elegantes con perla natural, acabado delicado y atemporal.",Joyería,Pendientes,Pendientes de perla,Pendientes de perla,86.83,Yes,0,Metal Noble
ROP-000503,Zapatillas deportivas con memory foam,"Zapatillas ligeras con buena amortiguación, pensadas para uso diario o deporte.",Ropa,Calzado,Zapatillas,Zapatillas deportivas,199.36,No,70,Modaline
ELE-000146,Horno eléctrico empotrable,Horno con distribución uniforme del calor y múltiples funciones de cocinado.,Electrodomésticos,Cocina,Hornos,Horno eléctrico,444.49,No,0,Electra Norte
ROP-000005,Camiseta infantil estampada rayas,Camiseta infantil de algodón suave con estampado divertido.,Ropa,Niños,Camisetas,Camiseta estampada,56.35,Yes,0,Hilo & Forma
ELE-000172,Depiladora eléctrica resistente al agua,"Depiladora eficaz de uso doméstico, ligera y fácil de manejar.",Electrodomésticos,Cuidado personal,Depiladoras,Depiladora eléctrica,296.55,Yes,0,Electra Norte
ROP-000567,Abrigo de invierno infantil impermeable,Abrigo cálido y resistente pensado para los meses más fríos.,Ropa,Niños,Abrigos,Abrigo de invierno,164.74,Yes,0,Modaline
ROP-000277,Bufanda de lana a cuadros,"Bufanda cálida tejida en lana suave, ideal para el invierno.",Ropa,Accesorios,Bufandas,Bufanda de lana,59.79,No,0,SolTejido
ROP-000132,Pantalón vaquero desgastado,Pantalón vaquero de algodón resistente con corte cómodo.,Ropa,Hombre,Pantalones,Pantalón vaquero,154.02,Yes,70,Vestir Norte
ROP-000359,Sudadera sin capucha básica blanca,"Sudadera básica sin capucha, cómoda y versátil para combinar con cualquier look.",Ropa,Mujer,Sudaderas,Sudadera sin capucha,153.37,Yes,60,Hilo & Forma
ROP-000342,Bufanda de lana con flecos,"Bufanda cálida tejida en lana suave, ideal para el invierno.",Ropa,Accesorios,Bufandas,Bufanda de lana,158.96,Yes,0,TrazoBlue
ROP-000046,Gorro de punto térmico,Gorro tejido que abriga sin renunciar al estilo.,Ropa,Accesorios,Gorros,Gorro de punto,152.71,No,0,Alta Fibra
ALI-000532,Yogur natural pack 4 unidades,Yogur cremoso elaborado con leche fresca y fermentos activos.,Alimentación,Lácteos,Yogures,Yogur natural,21.36,Yes,70,La Espiga Dorada
ALI-000025,Yogur natural sin azúcar,Yogur cremoso elaborado con leche fresca y fermentos activos.,Alimentación,Lácteos,Yogures,Yogur natural,23.09,Yes,0,La Tahona Azul
ROP-000497,Bufanda de lana unisex,"Bufanda cálida tejida en lana suave, ideal para el invierno.",Ropa,Accesorios,Bufandas,Bufanda de lana,30.39,No,0,Vestir Norte
ROP-000642,Sujetador sin aros negro,"Sujetador sin aros, cómodo y flexible, ideal para el uso diario.",Ropa,Mujer,Lencería,Sujetador sin aros,137.16,Yes,50,Hilo & Forma
JOY-000019,Pendientes de aro grandes,"Pendientes ligeros de plata con acabado brillante, fáciles de combinar.",Joyería,Pendientes,Pendientes de plata,Pendientes de aro,1486.89,Yes,0,Aurea Diseño
ROP-000495,Gorro de punto con pompón,Gorro tejido que abriga sin renunciar al estilo.,Ropa,Accesorios,Gorros,Gorro de punto,145.12,Yes,50,UrbanCotto
ALI-000434,Croissant sin gluten,"Bollería horneada con receta tradicional, textura hojaldrada.",Alimentación,Panadería,Bollería,Croissant,10.76,Yes,0,Sabor Norte
ALI-000058,Zumo de naranja sin pulpa,"Zumo elaborado a partir de naranjas seleccionadas, sin azúcares añadidos.",Alimentación,Bebidas,Zumos,Zumo de naranja,7.86,Yes,40,Punto Sabor
ALI-000467,Zumo de naranja sin pulpa,"Zumo elaborado a partir de naranjas seleccionadas, sin azúcares añadidos.",Alimentación,Bebidas,Zumos,Zumo de naranja,22.57,No,0,Punto Sabor
ELE-000271,Frigorífico combi 185cm,Frigorífico de gran capacidad con tecnología de enfriamiento eficiente.,Electrodomésticos,Cocina,Frigoríficos,Frigorífico combi,1468.27,Yes,0,CocinaSmart
ELE-000263,Horno eléctrico multifunción,Horno con distribución uniforme del calor y múltiples funciones de cocinado.,Electrodomésticos,Cocina,Hornos,Horno eléctrico,631.53,Yes,5,Impulso Hogar
JOY-000002,Pendientes largos geométricos,"Pendientes de diseño llamativo, perfectos para ocasiones especiales.",Joyería,Pendientes,Pendientes colgantes,Pendientes largos,1338.40,No,0,Brillo Eterno
ALI-000599,Pan integral multicereales,"Pan de miga suave elaborado con harina integral, fuente de fibra.",Alimentación,Panadería,Pan de molde,Pan integral,4.32,Yes,0,Sabor Norte
ROP-000545,Blusa manga larga oversize,"Blusa ligera de tacto suave, versátil para looks casuales o de oficina.",Ropa,Mujer,Camisas,Blusa manga larga,21.79,Yes,0,Alta Fibra
JOY-000032,Reloj de pulsera clásico resistente al agua,Reloj de diseño clásico con maquinaria de precisión y acabado elegante.,Joyería,Relojes,Relojes analógicos,Reloj de pulsera clásico,1613.27,Yes,0,Lumina Joyas
JOY-000005,Cadena fina de oro con cruz,"Cadena de oro de acabado fino, ideal para uso diario o combinar con colgantes.",Joyería,Collares,Collares de oro,Cadena fina,1293.77,No,0,Orfebre Real
ALI-000317,Yogur natural pack 4 unidades,Yogur cremoso elaborado con leche fresca y fermentos activos.,Alimentación,Lácteos,Yogures,Yogur natural,4.97,Yes,0,Sabores del Sur
ALI-000604,Tomates cherry,"Verdura fresca de cultivo controlado, ideal para ensaladas y cocinar.",Alimentación,Frutas y verduras,Verduras frescas,Tomates,26.70,No,0,Sabores del Sur
ROP-000201,Sujetador sin aros blanco,"Sujetador sin aros, cómodo y flexible, ideal para el uso diario.",Ropa,Mujer,Lencería,Sujetador sin aros,41.04,Yes,0,UrbanCotto
ROP-000274,Camiseta básica algodón manga corta verde oliva,"Camiseta de algodón 100% suave y transpirable, ideal para el día a día.",Ropa,Hombre,Camisetas,Camiseta manga corta,64.29,Yes,0,Hilo & Forma
ALI-000625,Yogur natural desnatado,Yogur cremoso elaborado con leche fresca y fermentos activos.,Alimentación,Lácteos,Yogures,Yogur natural,26.68,Yes,0,Sabor Norte
ELE-000387,Horno eléctrico empotrable,Horno con distribución uniforme del calor y múltiples funciones de cocinado.,Electrodomésticos,Cocina,Hornos,Horno eléctrico,652.95,Yes,0,Aire Puro
ROP-000463,Sujetador sin aros deportivo,"Sujetador sin aros, cómodo y flexible, ideal para el uso diario.",Ropa,Mujer,Lencería,Sujetador sin aros,67.14,Yes,0,Vestir Norte
ALI-000325,Yogur natural pack 4 unidades,Yogur cremoso elaborado con leche fresca y fermentos activos.,Alimentación,Lácteos,Yogures,Yogur natural,14.63,Yes,0,Cesta Rústica
ALI-000629,Tomates de huerta,"Verdura fresca de cultivo controlado, ideal para ensaladas y cocinar.",Alimentación,Frutas y verduras,Verduras frescas,Tomates,0.84,No,0,Huerta Real
ALI-000597,Zumo de naranja sin pulpa,"Zumo elaborado a partir de naranjas seleccionadas, sin azúcares añadidos.",Alimentación,Bebidas,Zumos,Zumo de naranja,14.88,Yes,0,Sabor Norte
ROP-000043,Zapatillas deportivas con memory foam,"Zapatillas ligeras con buena amortiguación, pensadas para uso diario o deporte.",Ropa,Calzado,Zapatillas,Zapatillas deportivas,117.11,Yes,0,Vestir Norte
ROP-000455,Gorro de punto térmico,Gorro tejido que abriga sin renunciar al estilo.,Ropa,Accesorios,Gorros,Gorro de punto,126.79,No,70,Alta Fibra
ROP-000060,Sudadera con capucha negra,"Sudadera cómoda con capucha y bolsillo canguro, ideal para el día a día.",Ropa,Mujer,Sudaderas,Sudadera con capucha,118.30,Yes,0,Vestir Norte
ELE-000218,Batidora de mano 600W,"Batidora versátil pensada para triturar, batir y emulsionar.",Electrodomésticos,Pequeño electrodoméstico,Batidoras,Batidora de mano,352.29,No,0,NordLine
ALI-000054,Croissant integral,"Bollería horneada con receta tradicional, textura hojaldrada.",Alimentación,Panadería,Bollería,Croissant,0.60,Yes,0,Huerta Real
ELE-000085,Robot aspirador wifi,Robot inteligente que limpia y friega de forma autónoma.,Electrodomésticos,Limpieza,Robots aspiradores,Robot aspirador,1479.55,No,5,HogarTech
ROP-000369,Gorro de punto de lana merino,Gorro tejido que abriga sin renunciar al estilo.,Ropa,Accesorios,Gorros,Gorro de punto,91.82,Yes,0,Estilo Urbano
ALI-000304,Lasaña congelada familiar,"Plato preparado listo en minutos, ideal para el día a día.",Alimentación,Congelados,Platos preparados,Lasaña congelada,25.49,Yes,30,Huerta Real
ALI-000287,Helado de vainilla sin lactosa,"Helado cremoso elaborado con vainilla natural, textura suave.",Alimentación,Congelados,Helados,Helado de vainilla,13.26,No,0,La Espiga Dorada
ALI-000074,Yogur natural desnatado,Yogur cremoso elaborado con leche fresca y fermentos activos.,Alimentación,Lácteos,Yogures,Yogur natural,6.80,Yes,15,Punto Sabor
ROP-000518,Sudadera con capucha gris jaspeada,"Sudadera cómoda con capucha y bolsillo canguro, ideal para el día a día.",Ropa,Mujer,Sudaderas,Sudadera con capucha,77.84,No,0,Vestir Norte
ALI-000564,Refresco de cola zero cafeína,"Bebida refrescante carbonatada, ideal para acompañar comidas o disfrutar fría.",Alimentación,Bebidas,Refrescos,Refresco de cola,23.68,No,40,Sabor Norte
JOY-000158,Pendientes de perla clásicos,"Pendientes elegantes con perla natural, acabado delicado y atemporal.",Joyería,Pendientes,Pendientes de perla,Pendientes de perla,696.47,Yes,0,Aurea Diseño
ELE-000358,Batidora de mano 600W,"Batidora versátil pensada para triturar, batir y emulsionar.",Electrodomésticos,Pequeño electrodoméstico,Batidoras,Batidora de mano,1182.88,Yes,0,Confort Total
ELE-000382,Robot aspirador autovaciado,Robot inteligente que limpia y friega de forma autónoma.,Electrodomésticos,Limpieza,Robots aspiradores,Robot aspirador,1451.02,Yes,0,CocinaSmart
ALI-000678,Croissant de mantequilla,"Bollería horneada con receta tradicional, textura hojaldrada.",Alimentación,Panadería,Bollería,Croissant,0.67,Yes,0,La Tahona Azul
ELE-000393,Horno eléctrico multifunción,Horno con distribución uniforme del calor y múltiples funciones de cocinado.,Electrodomésticos,Cocina,Hornos,Horno eléctrico,1115.90,Yes,5,NordLine
ALI-000605,Yogur natural pack 4 unidades,Yogur cremoso elaborado con leche fresca y fermentos activos.,Alimentación,Lácteos,Yogures,Yogur natural,5.36,No,5,Campo Fresco
ROP-000002,Pantalón vaquero slim fit,Pantalón vaquero de algodón resistente con corte cómodo.,Ropa,Hombre,Pantalones,Pantalón vaquero,153.49,Yes,0,Alta Fibra
ELE-000005,Horno eléctrico 60cm,Horno con distribución uniforme del calor y múltiples funciones de cocinado.,Electrodomésticos,Cocina,Hornos,Horno eléctrico,1202.74,No,0,Impulso Hogar
ELE-000010,Cafetera de cápsulas multibebida,Cafetera práctica que prepara café de calidad en segundos.,Electrodomésticos,Pequeño electrodoméstico,Cafeteras,Cafetera de cápsulas,796.11,Yes,0,Impulso Hogar
ROP-000307,Sudadera con capucha gris jaspeada,"Sudadera cómoda con capucha y bolsillo canguro, ideal para el día a día.",Ropa,Mujer,Sudaderas,Sudadera con capucha,109.25,No,0,Modaline
ELE-000288,Aspiradora sin cable 2 en 1,"Aspiradora inalámbrica de fácil manejo, ideal para limpiezas rápidas.",Electrodomésticos,Limpieza,Aspiradoras,Aspiradora sin cable,981.44,Yes,0,NordLine
ALI-000152,Refresco de cola light,"Bebida refrescante carbonatada, ideal para acompañar comidas o disfrutar fría.",Alimentación,Bebidas,Refrescos,Refresco de cola,16.02,Yes,40,Sabor Norte
ROP-000615,Vestido largo de lino,"Vestido de corte fluido, tejido ligero y caída favorecedora.",Ropa,Mujer,Vestidos,Vestido largo,85.50,Yes,0,TrazoBlue
ALI-000676,Queso curado de cabra,"Queso elaborado con leche seleccionada, curación tradicional y sabor intenso.",Alimentación,Lácteos,Quesos,Queso curado,16.96,Yes,0,Delicia Natural
ELE-000125,Aspiradora sin cable recargable,"Aspiradora inalámbrica de fácil manejo, ideal para limpiezas rápidas.",Electrodomésticos,Limpieza,Aspiradoras,Aspiradora sin cable,1280.15,Yes,60,TecnoCasa
ALI-000542,Queso curado mezcla,"Queso elaborado con leche seleccionada, curación tradicional y sabor intenso.",Alimentación,Lácteos,Quesos,Queso curado,28.57,Yes,0,Delicia Natural
ALI-000431,Croissant de mantequilla,"Bollería horneada con receta tradicional, textura hojaldrada.",Alimentación,Panadería,Bollería,Croissant,6.84,Yes,10,Cesta Rústica
JOY-000193,Cadena fina de oro eslabón cubano,"Cadena de oro de acabado fino, ideal para uso diario o combinar con colgantes.",Joyería,Collares,Collares de oro,Cadena fina,700.37,Yes,20,Metal Noble
JOY-000098,Pendientes de tachuela hipoalergénicos,"Pendientes pequeños y discretos, ideales para el uso diario.",Joyería,Pendientes,Pendientes de diamante,Pendientes de tachuela,1154.52,Yes,0,Brillo Eterno
ALI-000291,Pan integral bajo en sal,"Pan de miga suave elaborado con harina integral, fuente de fibra.",Alimentación,Panadería,Pan de molde,Pan integral,5.05,Yes,70,Verde Cosecha
JOY-000042,Anillo de compromiso oro blanco,"Anillo elaborado en oro de alta calidad, acabado pulido y elegante.",Joyería,Anillos,Anillos de oro,Anillo de compromiso,369.38,Yes,0,Reflejo Fino
ROP-000645,Camiseta infantil estampada dinosaurios,Camiseta infantil de algodón suave con estampado divertido.,Ropa,Niños,Camisetas,Camiseta estampada,48.79,Yes,0,Hilo & Forma
ROP-000146,Bota de invierno antideslizante,"Bota resistente al agua con suela antideslizante, pensada para el frío.",Ropa,Calzado,Botas,Bota de invierno,103.42,Yes,0,SolTejido
ROP-000051,Abrigo de invierno infantil de lana,Abrigo cálido y resistente pensado para los meses más fríos.,Ropa,Niños,Abrigos,Abrigo de invierno,73.94,No,0,Modaline
ALI-000347,Tomates rama,"Verdura fresca de cultivo controlado, ideal para ensaladas y cocinar.",Alimentación,Frutas y verduras,Verduras frescas,Tomates,10.18,Yes,0,La Espiga Dorada
ELE-000317,Robot aspirador con mopa,Robot inteligente que limpia y friega de forma autónoma.,Electrodomésticos,Limpieza,Robots aspiradores,Robot aspirador,1193.87,Yes,0,CasaFácil
ROP-000488,Pantalón vaquero regular fit,Pantalón vaquero de algodón resistente con corte cómodo.,Ropa,Hombre,Pantalones,Pantalón vaquero,26.61,Yes,15,NordVía
ALI-000538,Yogur natural sin azúcar,Yogur cremoso elaborado con leche fresca y fermentos activos.,Alimentación,Lácteos,Yogures,Yogur natural,6.69,Yes,0,Delicia Natural
ALI-000299,Queso curado mezcla,"Queso elaborado con leche seleccionada, curación tradicional y sabor intenso.",Alimentación,Lácteos,Quesos,Queso curado,25.99,Yes,15,Sabores del Sur
ALI-000213,Lasaña congelada de verduras,"Plato preparado listo en minutos, ideal para el día a día.",Alimentación,Congelados,Platos preparados,Lasaña congelada,23.04,Yes,0,La Espiga Dorada
ALI-000255,Refresco de cola original,"Bebida refrescante carbonatada, ideal para acompañar comidas o disfrutar fría.",Alimentación,Bebidas,Refrescos,Refresco de cola,18.10,Yes,0,Nutrivida
ROP-000178,Camiseta infantil estampada pack 2 unidades,Camiseta infantil de algodón suave con estampado divertido.,Ropa,Niños,Camisetas,Camiseta estampada,143.84,Yes,50,TelaViva
ROP-000202,Abrigo de invierno infantil acolchado,Abrigo cálido y resistente pensado para los meses más fríos.,Ropa,Niños,Abrigos,Abrigo de invierno,117.73,Yes,0,Prenda Libre
ROP-000631,Camiseta infantil estampada algodón orgánico,Camiseta infantil de algodón suave con estampado divertido.,Ropa,Niños,Camisetas,Camiseta estampada,109.94,Yes,0,Vestir Norte
ROP-000589,Camiseta infantil estampada pack 2 unidades,Camiseta infantil de algodón suave con estampado divertido.,Ropa,Niños,Camisetas,Camiseta estampada,165.45,Yes,0,Alta Fibra
ELE-000041,Robot aspirador wifi,Robot inteligente que limpia y friega de forma autónoma.,Electrodomésticos,Limpieza,Robots aspiradores,Robot aspirador,279.49,Yes,50,Aire Puro
JOY-000167,Pendientes de perla gris,"Pendientes elegantes con perla natural, acabado delicado y atemporal.",Joyería,Pendientes,Pendientes de perla,Pendientes de perla,640.77,Yes,0,Gema Pura
ROP-000045,Camiseta infantil estampada rayas,Camiseta infantil de algodón suave con estampado divertido.,Ropa,Niños,Camisetas,Camiseta estampada,163.56,Yes,40,Estilo Urbano
ELE-000347,Batidora de mano multivelocidad,"Batidora versátil pensada para triturar, batir y emulsionar.",Electrodomésticos,Pequeño electrodoméstico,Batidoras,Batidora de mano,320.47,Yes,0,Electra Norte
JOY-000025,Collar con colgante con perla,"Collar de plata con acabado brillante, diseño delicado y atemporal.",Joyería,Collares,Collares de plata,Collar con colgante,263.11,Yes,0,Lumina Joyas
ALI-000600,Croissant mini pack,"Bollería horneada con receta tradicional, textura hojaldrada.",Alimentación,Panadería,Bollería,Croissant,0.64,Yes,5,Sabores del Sur
ALI-000123,Yogur natural desnatado,Yogur cremoso elaborado con leche fresca y fermentos activos.,Alimentación,Lácteos,Yogures,Yogur natural,25.87,No,0,Delicia Natural
JOY-000031,Anillo de compromiso oro blanco,"Anillo elaborado en oro de alta calidad, acabado pulido y elegante.",Joyería,Anillos,Anillos de oro,Anillo de compromiso,1098.70,Yes,5,Aurea Diseño
ROP-000199,Zapatillas deportivas de malla transpirable,"Zapatillas ligeras con buena amortiguación, pensadas para uso diario o deporte.",Ropa,Calzado,Zapatillas,Zapatillas deportivas,97.76,Yes,0,Prenda Libre
ELE-000331,Secador iónico 2000W,Secador con tecnología iónica que reduce el encrespamiento del cabello.,Electrodomésticos,Cuidado personal,Secadores de pelo,Secador iónico,74.77,Yes,0,CocinaSmart
JOY-000077,Anillo ajustable con inicial,"Anillo de plata de talla ajustable, cómodo para uso diario.",Joyería,Anillos,Anillos de plata,Anillo ajustable,1470.56,Yes,0,Gema Pura
ROP-000626,Sudadera sin capucha cuello redondo,"Sudadera básica sin capucha, cómoda y versátil para combinar con cualquier look.",Ropa,Mujer,Sudaderas,Sudadera sin capucha,146.39,No,20,TrazoBlue
ELE-000127,Cafetera de cápsulas multibebida,Cafetera práctica que prepara café de calidad en segundos.,Electrodomésticos,Pequeño electrodoméstico,Cafeteras,Cafetera de cápsulas,1420.40,Yes,60,HogarTech
ALI-000248,Refresco de cola sin azúcar,"Bebida refrescante carbonatada, ideal para acompañar comidas o disfrutar fría.",Alimentación,Bebidas,Refrescos,Refresco de cola,13.75,Yes,10,Delicia Natural
ELE-000236,Aire acondicionado Split 1x1 wifi,Equipo de climatización eficiente con control de temperatura preciso.,Electrodomésticos,Climatización,Aire acondicionado,Split 1x1,1127.20,Yes,0,Confort Total
ALI-000533,Zumo de naranja sin pulpa,"Zumo elaborado a partir de naranjas seleccionadas, sin azúcares añadidos.",Alimentación,Bebidas,Zumos,Zumo de naranja,17.87,Yes,0,Punto Sabor
ELE-000325,Horno eléctrico con grill,Horno con distribución uniforme del calor y múltiples funciones de cocinado.,Electrodomésticos,Cocina,Hornos,Horno eléctrico,118.03,Yes,0,Electra Norte
ALI-000145,Tomates rama,"Verdura fresca de cultivo controlado, ideal para ensaladas y cocinar.",Alimentación,Frutas y verduras,Verduras frescas,Tomates,6.12,Yes,15,Sabores del Sur
ROP-000090,Zapatillas deportivas running,"Zapatillas ligeras con buena amortiguación, pensadas para uso diario o deporte.",Ropa,Calzado,Zapatillas,Zapatillas deportivas,77.86,Yes,0,Estilo Urbano
ROP-000263,Abrigo de invierno infantil acolchado,Abrigo cálido y resistente pensado para los meses más fríos.,Ropa,Niños,Abrigos,Abrigo de invierno,130.24,Yes,0,TrazoBlue
ROP-000365,Sujetador sin aros blanco,"Sujetador sin aros, cómodo y flexible, ideal para el uso diario.",Ropa,Mujer,Lencería,Sujetador sin aros,190.66,Yes,0,Estilo Urbano
ROP-000133,Zapatillas deportivas de malla transpirable,"Zapatillas ligeras con buena amortiguación, pensadas para uso diario o deporte.",Ropa,Calzado,Zapatillas,Zapatillas deportivas,46.72,Yes,25,Estilo Urbano
ROP-000687,Sujetador sin aros blanco,"Sujetador sin aros, cómodo y flexible, ideal para el uso diario.",Ropa,Mujer,Lencería,Sujetador sin aros,47.63,Yes,0,Vestir Norte
ROP-000697,Blusa manga larga oversize,"Blusa ligera de tacto suave, versátil para looks casuales o de oficina.",Ropa,Mujer,Camisas,Blusa manga larga,7.32,Yes,15,Prenda Libre
ELE-000167,Secador iónico profesional,Secador con tecnología iónica que reduce el encrespamiento del cabello.,Electrodomésticos,Cuidado personal,Secadores de pelo,Secador iónico,743.82,Yes,15,CocinaSmart
ELE-000362,Secador iónico profesional,Secador con tecnología iónica que reduce el encrespamiento del cabello.,Electrodomésticos,Cuidado personal,Secadores de pelo,Secador iónico,1025.22,No,0,Confort Total
ALI-000144,Tomates cherry,"Verdura fresca de cultivo controlado, ideal para ensaladas y cocinar.",Alimentación,Frutas y verduras,Verduras frescas,Tomates,25.12,No,0,Sabores del Sur
ELE-000178,Frigorífico combi con dispensador de agua,Frigorífico de gran capacidad con tecnología de enfriamiento eficiente.,Electrodomésticos,Cocina,Frigoríficos,Frigorífico combi,972.93,Yes,0,CocinaSmart
ELE-000023,Horno eléctrico empotrable,Horno con distribución uniforme del calor y múltiples funciones de cocinado.,Electrodomésticos,Cocina,Hornos,Horno eléctrico,263.96,Yes,0,Domus Pro
JOY-000114,Pendientes de tachuela de oro blanco,"Pendientes pequeños y discretos, ideales para el uso diario.",Joyería,Pendientes,Pendientes de diamante,Pendientes de tachuela,766.78,Yes,0,Esencia de Oro
ALI-000679,Helado de vainilla tarrina 1L,"Helado cremoso elaborado con vainilla natural, textura suave.",Alimentación,Congelados,Helados,Helado de vainilla,25.52,Yes,0,Cesta Rústica
ROP-000538,Gorro de punto reversible,Gorro tejido que abriga sin renunciar al estilo.,Ropa,Accesorios,Gorros,Gorro de punto,193.51,No,0,Modaline
ALI-000228,Tomates ecológicos,"Verdura fresca de cultivo controlado, ideal para ensaladas y cocinar.",Alimentación,Frutas y verduras,Verduras frescas,Tomates,17.62,No,5,Nutrivida
ROP-000614,Camiseta básica algodón manga corta verde oliva,"Camiseta de algodón 100% suave y transpirable, ideal para el día a día.",Ropa,Hombre,Camisetas,Camiseta manga corta,40.38,Yes,0,Modaline
ROP-000325,Vestido largo fiesta,"Vestido de corte fluido, tejido ligero y caída favorecedora.",Ropa,Mujer,Vestidos,Vestido largo,86.16,Yes,15,Costura 21
ELE-000025,Robot aspirador wifi,Robot inteligente que limpia y friega de forma autónoma.,Electrodomésticos,Limpieza,Robots aspiradores,Robot aspirador,75.91,Yes,15,CocinaSmart
ALI-000363,Manzanas de temporada,"Fruta fresca de temporada, seleccionada por tamaño y calidad.",Alimentación,Frutas y verduras,Frutas frescas,Manzanas,8.62,Yes,0,Delicia Natural
ALI-000496,Queso curado añejo,"Queso elaborado con leche seleccionada, curación tradicional y sabor intenso.",Alimentación,Lácteos,Quesos,Queso curado,7.37,Yes,5,Huerta Real
ROP-000209,Sudadera sin capucha con logo bordado,"Sudadera básica sin capucha, cómoda y versátil para combinar con cualquier look.",Ropa,Mujer,Sudaderas,Sudadera sin capucha,61.00,Yes,0,Hilo & Forma
ROP-000536,Sudadera con capucha de algodón orgánico,"Sudadera cómoda con capucha y bolsillo canguro, ideal para el día a día.",Ropa,Mujer,Sudaderas,Sudadera con capucha,158.30,Yes,0,TrazoBlue
ELE-000001,Cafetera de cápsulas programable,Cafetera práctica que prepara café de calidad en segundos.,Electrodomésticos,Pequeño electrodoméstico,Cafeteras,Cafetera de cápsulas,1282.36,Yes,0,Domus Pro
JOY-000123,Reloj de pulsera clásico acero inoxidable,Reloj de diseño clásico con maquinaria de precisión y acabado elegante.,Joyería,Relojes,Relojes analógicos,Reloj de pulsera clásico,623.94,Yes,0,Orfebre Real
ROP-000241,Bota de invierno con forro polar,"Bota resistente al agua con suela antideslizante, pensada para el frío.",Ropa,Calzado,Botas,Bota de invierno,33.03,No,0,Alta Fibra
ROP-000245,Vestido largo con cinturón,"Vestido de corte fluido, tejido ligero y caída favorecedora.",Ropa,Mujer,Vestidos,Vestido largo,160.37,Yes,0,Hilo & Forma
JOY-000174,Pulsera de eslabones con dije,Pulsera de plata con eslabones resistentes y acabado pulido.,Joyería,Pulseras,Pulseras de plata,Pulsera de eslabones,802.61,No,25,Reflejo Fino
ALI-000424,Refresco de cola sabor lima,"Bebida refrescante carbonatada, ideal para acompañar comidas o disfrutar fría.",Alimentación,Bebidas,Refrescos,Refresco de cola,27.66,Yes,15,Sabores del Sur
ALI-000064,Zumo de naranja pack 6 unidades,"Zumo elaborado a partir de naranjas seleccionadas, sin azúcares añadidos.",Alimentación,Bebidas,Zumos,Zumo de naranja,20.55,Yes,0,Sabores del Sur
ALI-000133,Helado de vainilla bajo en azúcar,"Helado cremoso elaborado con vainilla natural, textura suave.",Alimentación,Congelados,Helados,Helado de vainilla,29.99,Yes,0,Huerta Real
ELE-000327,Depiladora eléctrica compacta,"Depiladora eficaz de uso doméstico, ligera y fácil de manejar.",Electrodomésticos,Cuidado personal,Depiladoras,Depiladora eléctrica,1139.18,Yes,0,Impulso Hogar
ALI-000272,Refresco de cola light,"Bebida refrescante carbonatada, ideal para acompañar comidas o disfrutar fría.",Alimentación,Bebidas,Refrescos,Refresco de cola,15.64,Yes,0,Grano de Oro
ALI-000661,Refresco de cola light,"Bebida refrescante carbonatada, ideal para acompañar comidas o disfrutar fría.",Alimentación,Bebidas,Refrescos,Refresco de cola,13.14,Yes,0,Huerta Real
ALI-000410,Queso curado añejo,"Queso elaborado con leche seleccionada, curación tradicional y sabor intenso.",Alimentación,Lácteos,Quesos,Queso curado,25.33,Yes,50,Grano de Oro
JOY-000104,Pendientes largos de plata oxidada,"Pendientes de diseño llamativo, perfectos para ocasiones especiales.",Joyería,Pendientes,Pendientes colgantes,Pendientes largos,1663.77,Yes,0,Plata del Norte
JOY-000022,Collar con colgante iniciales,"Collar de plata con acabado brillante, diseño delicado y atemporal.",Joyería,Collares,Collares de plata,Collar con colgante,1367.90,No,60,Plata del Norte
ALI-000491,Refresco de cola zero cafeína,"Bebida refrescante carbonatada, ideal para acompañar comidas o disfrutar fría.",Alimentación,Bebidas,Refrescos,Refresco de cola,4.02,Yes,0,Grano de Oro
JOY-000063,Pendientes de perla con montura de plata,"Pendientes elegantes con perla natural, acabado delicado y atemporal.",Joyería,Pendientes,Pendientes de perla,Pendientes de perla,443.51,Yes,25,Gema Pura
ROP-000238,Sudadera con capucha de algodón orgánico,"Sudadera cómoda con capucha y bolsillo canguro, ideal para el día a día.",Ropa,Mujer,Sudaderas,Sudadera con capucha,74.35,Yes,0,SolTejido
ALI-000331,Manzanas ecológicas,"Fruta fresca de temporada, seleccionada por tamaño y calidad.",Alimentación,Frutas y verduras,Frutas frescas,Manzanas,21.83,No,15,Cesta Rústica
ALI-000396,Zumo de naranja 1L,"Zumo elaborado a partir de naranjas seleccionadas, sin azúcares añadidos.",Alimentación,Bebidas,Zumos,Zumo de naranja,4.63,No,60,Cesta Rústica
ROP-000348,Bota de invierno alta,"Bota resistente al agua con suela antideslizante, pensada para el frío.",Ropa,Calzado,Botas,Bota de invierno,21.20,Yes,40,Alta Fibra
ROP-000431,Sujetador con aros de raso,Sujetador con aros que proporciona sujeción y buen levantamiento.,Ropa,Mujer,Lencería,Sujetador con aros,58.23,Yes,0,SolTejido
ROP-000098,Zapatillas deportivas unisex,"Zapatillas ligeras con buena amortiguación, pensadas para uso diario o deporte.",Ropa,Calzado,Zapatillas,Zapatillas deportivas,65.76,Yes,50,Vestir Norte
JOY-000187,Reloj de pulsera clásico acero inoxidable,Reloj de diseño clásico con maquinaria de precisión y acabado elegante.,Joyería,Relojes,Relojes analógicos,Reloj de pulsera clásico,171.74,Yes,0,Reflejo Fino
ROP-000532,Bufanda de lana a cuadros,"Bufanda cálida tejida en lana suave, ideal para el invierno.",Ropa,Accesorios,Bufandas,Bufanda de lana,138.44,Yes,0,TrazoBlue
ELE-000057,Aire acondicionado Split 1x1 wifi,Equipo de climatización eficiente con control de temperatura preciso.,Electrodomésticos,Climatización,Aire acondicionado,Split 1x1,1147.66,Yes,0,HogarTech
ROP-000059,Bota de invierno impermeable,"Bota resistente al agua con suela antideslizante, pensada para el frío.",Ropa,Calzado,Botas,Bota de invierno,106.05,Yes,0,Hilo & Forma
ALI-000187,Lasaña congelada de verduras,"Plato preparado listo en minutos, ideal para el día a día.",Alimentación,Congelados,Platos preparados,Lasaña congelada,20.00,Yes,0,Sabor Norte
ELE-000002,Aire acondicionado Split 1x1 3000 frigorías,Equipo de climatización eficiente con control de temperatura preciso.,Electrodomésticos,Climatización,Aire acondicionado,Split 1x1,759.70,Yes,0,HogarTech
ROP-000267,Camiseta infantil estampada pack 2 unidades,Camiseta infantil de algodón suave con estampado divertido.,Ropa,Niños,Camisetas,Camiseta estampada,11.53,Yes,0,Modaline
ROP-000582,Sujetador con aros de raso,Sujetador con aros que proporciona sujeción y buen levantamiento.,Ropa,Mujer,Lencería,Sujetador con aros,55.44,Yes,0,SolTejido
ELE-000289,Batidora de mano multivelocidad,"Batidora versátil pensada para triturar, batir y emulsionar.",Electrodomésticos,Pequeño electrodoméstico,Batidoras,Batidora de mano,167.56,Yes,0,Electra Norte
JOY-000168,Reloj de pulsera clásico esfera dorada,Reloj de diseño clásico con maquinaria de precisión y acabado elegante.,Joyería,Relojes,Relojes analógicos,Reloj de pulsera clásico,1425.58,Yes,0,Brillo Eterno
ALI-000512,Helado de vainilla con trozos de chocolate,"Helado cremoso elaborado con vainilla natural, textura suave.",Alimentación,Congelados,Helados,Helado de vainilla,1.14,Yes,50,Sabor Norte
ELE-000064,Horno eléctrico 60cm,Horno con distribución uniforme del calor y múltiples funciones de cocinado.,Electrodomésticos,Cocina,Hornos,Horno eléctrico,959.77,Yes,0,Domus Pro
ALI-000666,Tomates ecológicos,"Verdura fresca de cultivo controlado, ideal para ensaladas y cocinar.",Alimentación,Frutas y verduras,Verduras frescas,Tomates,10.81,No,0,Sabor Norte
ALI-000047,Refresco de cola original,"Bebida refrescante carbonatada, ideal para acompañar comidas o disfrutar fría.",Alimentación,Bebidas,Refrescos,Refresco de cola,18.82,Yes,0,Nutrivida
ROP-000138,Bota de invierno de cordones,"Bota resistente al agua con suela antideslizante, pensada para el frío.",Ropa,Calzado,Botas,Bota de invierno,31.99,Yes,0,TrazoBlue
JOY-000081,Pendientes de tachuela de oro blanco,"Pendientes pequeños y discretos, ideales para el uso diario.",Joyería,Pendientes,Pendientes de diamante,Pendientes de tachuela,710.45,Yes,50,Lumina Joyas
ELE-000109,Robot aspirador con mopa,Robot inteligente que limpia y friega de forma autónoma.,Electrodomésticos,Limpieza,Robots aspiradores,Robot aspirador,498.66,Yes,5,Confort Total
JOY-000162,Pendientes de tachuela de oro blanco,"Pendientes pequeños y discretos, ideales para el uso diario.",Joyería,Pendientes,Pendientes de diamante,Pendientes de tachuela,1546.24,Yes,0,Esencia de Oro
ROP-000331,Sujetador con aros blanco,Sujetador con aros que proporciona sujeción y buen levantamiento.,Ropa,Mujer,Lencería,Sujetador con aros,169.54,No,0,Prenda Libre
ROP-000570,Sudadera con capucha negra,"Sudadera cómoda con capucha y bolsillo canguro, ideal para el día a día.",Ropa,Mujer,Sudaderas,Sudadera con capucha,151.88,Yes,15,TrazoBlue
ROP-000549,Blusa manga larga de seda sintética,"Blusa ligera de tacto suave, versátil para looks casuales o de oficina.",Ropa,Mujer,Camisas,Blusa manga larga,117.84,Yes,5,Hilo & Forma
ALI-000284,Pan integral bajo en sal,"Pan de miga suave elaborado con harina integral, fuente de fibra.",Alimentación,Panadería,Pan de molde,Pan integral,2.44,Yes,50,Sabor Norte
ALI-000460,Lasaña congelada de carne,"Plato preparado listo en minutos, ideal para el día a día.",Alimentación,Congelados,Platos preparados,Lasaña congelada,11.13,Yes,0,Punto Sabor
ROP-000568,Blusa manga larga estampada,"Blusa ligera de tacto suave, versátil para looks casuales o de oficina.",Ropa,Mujer,Camisas,Blusa manga larga,167.79,Yes,0,Alta Fibra
ALI-000060,Queso curado de cabra,"Queso elaborado con leche seleccionada, curación tradicional y sabor intenso.",Alimentación,Lácteos,Quesos,Queso curado,27.77,Yes,0,Cesta Rústica
ROP-000604,Zapatillas deportivas con memory foam,"Zapatillas ligeras con buena amortiguación, pensadas para uso diario o deporte.",Ropa,Calzado,Zapatillas,Zapatillas deportivas,110.49,No,25,Modaline
ALI-000387,Manzanas ecológicas,"Fruta fresca de temporada, seleccionada por tamaño y calidad.",Alimentación,Frutas y verduras,Frutas frescas,Manzanas,7.95,Yes,10,La Tahona Azul
ROP-000141,Sujetador sin aros negro,"Sujetador sin aros, cómodo y flexible, ideal para el uso diario.",Ropa,Mujer,Lencería,Sujetador sin aros,130.24,Yes,40,SolTejido
ELE-000073,Secador iónico silencioso,Secador con tecnología iónica que reduce el encrespamiento del cabello.,Electrodomésticos,Cuidado personal,Secadores de pelo,Secador iónico,281.07,Yes,0,Confort Total
ELE-000110,Secador iónico silencioso,Secador con tecnología iónica que reduce el encrespamiento del cabello.,Electrodomésticos,Cuidado personal,Secadores de pelo,Secador iónico,262.27,Yes,25,Impulso Hogar
ELE-000261,Aire acondicionado Split 1x1 inverter,Equipo de climatización eficiente con control de temperatura preciso.,Electrodomésticos,Climatización,Aire acondicionado,Split 1x1,742.62,Yes,0,CasaFácil
ROP-000489,Sujetador sin aros con encaje,"Sujetador sin aros, cómodo y flexible, ideal para el uso diario.",Ropa,Mujer,Lencería,Sujetador sin aros,85.01,No,0,Prenda Libre
ELE-000366,Batidora de mano inoxidable,"Batidora versátil pensada para triturar, batir y emulsionar.",Electrodomésticos,Pequeño electrodoméstico,Batidoras,Batidora de mano,400.86,Yes,0,Electra Norte
ALI-000202,Yogur natural griego,Yogur cremoso elaborado con leche fresca y fermentos activos.,Alimentación,Lácteos,Yogures,Yogur natural,10.83,Yes,0,Sabor Norte
ROP-000700,Sujetador con aros negro,Sujetador con aros que proporciona sujeción y buen levantamiento.,Ropa,Mujer,Lencería,Sujetador con aros,169.93,Yes,40,Modaline
JOY-000134,Anillo de compromiso con circonita,"Anillo elaborado en oro de alta calidad, acabado pulido y elegante.",Joyería,Anillos,Anillos de oro,Anillo de compromiso,1838.76,Yes,0,Esencia de Oro
JOY-000013,Pendientes de tachuela con circonita,"Pendientes pequeños y discretos, ideales para el uso diario.",Joyería,Pendientes,Pendientes de diamante,Pendientes de tachuela,68.75,Yes,0,Orfebre Real
ELE-000353,Robot aspirador autovaciado,Robot inteligente que limpia y friega de forma autónoma.,Electrodomésticos,Limpieza,Robots aspiradores,Robot aspirador,455.13,Yes,0,Vitalux
ALI-000685,Manzanas de temporada,"Fruta fresca de temporada, seleccionada por tamaño y calidad.",Alimentación,Frutas y verduras,Frutas frescas,Manzanas,25.62,Yes,0,Punto Sabor
JOY-000082,Cadena fina de oro eslabón cubano,"Cadena de oro de acabado fino, ideal para uso diario o combinar con colgantes.",Joyería,Collares,Collares de oro,Cadena fina,1574.75,Yes,15,Reflejo Fino
ALI-000007,Queso curado añejo,"Queso elaborado con leche seleccionada, curación tradicional y sabor intenso.",Alimentación,Lácteos,Quesos,Queso curado,4.18,No,0,La Tahona Azul
ALI-000591,Tomates rama,"Verdura fresca de cultivo controlado, ideal para ensaladas y cocinar.",Alimentación,Frutas y verduras,Verduras frescas,Tomates,27.04,Yes,0,Punto Sabor
ROP-000120,Pantalón vaquero slim fit,Pantalón vaquero de algodón resistente con corte cómodo.,Ropa,Hombre,Pantalones,Pantalón vaquero,107.02,Yes,15,NordVía
ALI-000364,Pan integral multicereales,"Pan de miga suave elaborado con harina integral, fuente de fibra.",Alimentación,Panadería,Pan de molde,Pan integral,15.12,No,40,La Tahona Azul
ALI-000322,Lasaña congelada boloñesa,"Plato preparado listo en minutos, ideal para el día a día.",Alimentación,Congelados,Platos preparados,Lasaña congelada,6.61,Yes,0,Cesta Rústica
ROP-000221,Vestido largo liso negro,"Vestido de corte fluido, tejido ligero y caída favorecedora.",Ropa,Mujer,Vestidos,Vestido largo,168.94,Yes,0,Costura 21
ALI-000587,Yogur natural pack 4 unidades,Yogur cremoso elaborado con leche fresca y fermentos activos.,Alimentación,Lácteos,Yogures,Yogur natural,27.25,Yes,70,Delicia Natural
ROP-000251,Sujetador sin aros deportivo,"Sujetador sin aros, cómodo y flexible, ideal para el uso diario.",Ropa,Mujer,Lencería,Sujetador sin aros,65.07,Yes,0,TrazoBlue
ROP-000314,Bota de invierno antideslizante,"Bota resistente al agua con suela antideslizante, pensada para el frío.",Ropa,Calzado,Botas,Bota de invierno,149.51,Yes,0,TrazoBlue
ROP-000128,Sudadera con capucha negra,"Sudadera cómoda con capucha y bolsillo canguro, ideal para el día a día.",Ropa,Mujer,Sudaderas,Sudadera con capucha,126.94,Yes,40,SolTejido
ALI-000462,Refresco de cola original,"Bebida refrescante carbonatada, ideal para acompañar comidas o disfrutar fría.",Alimentación,Bebidas,Refrescos,Refresco de cola,6.80,Yes,0,Huerta Real
ROP-000104,Bufanda de lana de punto grueso,"Bufanda cálida tejida en lana suave, ideal para el invierno.",Ropa,Accesorios,Bufandas,Bufanda de lana,127.69,Yes,60,TrazoBlue
ELE-000174,Ventilador de torre bajo consumo,Ventilador de diseño compacto con distintas velocidades de ventilación.,Electrodomésticos,Climatización,Ventiladores,Ventilador de torre,299.23,No,0,Confort Total
ROP-000397,Pantalón vaquero regular fit,Pantalón vaquero de algodón resistente con corte cómodo.,Ropa,Hombre,Pantalones,Pantalón vaquero,115.29,No,0,TelaViva
ELE-000381,Depiladora eléctrica recargable,"Depiladora eficaz de uso doméstico, ligera y fácil de manejar.",Electrodomésticos,Cuidado personal,Depiladoras,Depiladora eléctrica,343.91,Yes,0,TecnoCasa
ALI-000651,Tomates ecológicos,"Verdura fresca de cultivo controlado, ideal para ensaladas y cocinar.",Alimentación,Frutas y verduras,Verduras frescas,Tomates,17.33,Yes,0,Verde Cosecha
ELE-000320,Aspiradora sin cable con filtro HEPA,"Aspiradora inalámbrica de fácil manejo, ideal para limpiezas rápidas.",Electrodomésticos,Limpieza,Aspiradoras,Aspiradora sin cable,1336.39,No,0,Confort Total
ELE-000302,Robot aspirador con mopa,Robot inteligente que limpia y friega de forma autónoma.,Electrodomésticos,Limpieza,Robots aspiradores,Robot aspirador,1475.45,Yes,15,Confort Total
JOY-000109,Anillo ajustable trenzado,"Anillo de plata de talla ajustable, cómodo para uso diario.",Joyería,Anillos,Anillos de plata,Anillo ajustable,1684.45,Yes,5,Aurea Diseño
ROP-000661,Sujetador con aros negro,Sujetador con aros que proporciona sujeción y buen levantamiento.,Ropa,Mujer,Lencería,Sujetador con aros,29.90,Yes,0,UrbanCotto
ALI-000217,Lasaña congelada de carne,"Plato preparado listo en minutos, ideal para el día a día.",Alimentación,Congelados,Platos preparados,Lasaña congelada,1.12,Yes,70,Sabores del Sur
ROP-000591,Zapatillas deportivas con memory foam,"Zapatillas ligeras con buena amortiguación, pensadas para uso diario o deporte.",Ropa,Calzado,Zapatillas,Zapatillas deportivas,77.01,Yes,0,NordVía
ROP-000044,Vestido largo fiesta,"Vestido de corte fluido, tejido ligero y caída favorecedora.",Ropa,Mujer,Vestidos,Vestido largo,103.12,Yes,0,NordVía
ELE-000182,Secador iónico profesional,Secador con tecnología iónica que reduce el encrespamiento del cabello.,Electrodomésticos,Cuidado personal,Secadores de pelo,Secador iónico,1010.04,Yes,15,NordLine
ALI-000572,Lasaña congelada familiar,"Plato preparado listo en minutos, ideal para el día a día.",Alimentación,Congelados,Platos preparados,Lasaña congelada,4.50,No,5,Sabores del Sur
ELE-000341,Batidora de mano inoxidable,"Batidora versátil pensada para triturar, batir y emulsionar.",Electrodomésticos,Pequeño electrodoméstico,Batidoras,Batidora de mano,1163.51,Yes,0,Aire Puro
ROP-000157,Camiseta infantil estampada unicornios,Camiseta infantil de algodón suave con estampado divertido.,Ropa,Niños,Camisetas,Camiseta estampada,111.55,Yes,0,Alta Fibra
ALI-000446,Refresco de cola sin azúcar,"Bebida refrescante carbonatada, ideal para acompañar comidas o disfrutar fría.",Alimentación,Bebidas,Refrescos,Refresco de cola,24.42,Yes,0,Campo Fresco
ELE-000141,Horno eléctrico 60cm,Horno con distribución uniforme del calor y múltiples funciones de cocinado.,Electrodomésticos,Cocina,Hornos,Horno eléctrico,836.28,Yes,15,TecnoCasa
ROP-000137,Camiseta infantil estampada pack 2 unidades,Camiseta infantil de algodón suave con estampado divertido.,Ropa,Niños,Camisetas,Camiseta estampada,116.28,Yes,0,Estilo Urbano
JOY-000110,Pulsera de eslabones plata 925,Pulsera de plata con eslabones resistentes y acabado pulido.,Joyería,Pulseras,Pulseras de plata,Pulsera de eslabones,282.38,Yes,20,Aurea Diseño
JOY-000191,Pendientes de perla clásicos,"Pendientes elegantes con perla natural, acabado delicado y atemporal.",Joyería,Pendientes,Pendientes de perla,Pendientes de perla,704.23,Yes,0,Joyas del Valle
ELE-000105,Frigorífico combi 185cm,Frigorífico de gran capacidad con tecnología de enfriamiento eficiente.,Electrodomésticos,Cocina,Frigoríficos,Frigorífico combi,1245.27,Yes,20,Confort Total
ALI-000326,Tomates cherry,"Verdura fresca de cultivo controlado, ideal para ensaladas y cocinar.",Alimentación,Frutas y verduras,Verduras frescas,Tomates,3.72,Yes,0,La Espiga Dorada
ALI-000366,Tomates ecológicos,"Verdura fresca de cultivo controlado, ideal para ensaladas y cocinar.",Alimentación,Frutas y verduras,Verduras frescas,Tomates,25.56,Yes,50,Campo Fresco
ALI-000593,Lasaña congelada individual,"Plato preparado listo en minutos, ideal para el día a día.",Alimentación,Congelados,Platos preparados,Lasaña congelada,14.38,No,0,Sabor Norte
ROP-000469,Camiseta básica algodón manga corta blanca,"Camiseta de algodón 100% suave y transpirable, ideal para el día a día.",Ropa,Hombre,Camisetas,Camiseta manga corta,122.31,No,40,Modaline
ALI-000227,Lasaña congelada de carne,"Plato preparado listo en minutos, ideal para el día a día.",Alimentación,Congelados,Platos preparados,Lasaña congelada,26.00,No,0,Punto Sabor
JOY-000046,Pulsera de eslabones gruesa,Pulsera de plata con eslabones resistentes y acabado pulido.,Joyería,Pulseras,Pulseras de plata,Pulsera de eslabones,1787.03,Yes,0,Gema Pura
ALI-000448,Helado de vainilla con trozos de chocolate,"Helado cremoso elaborado con vainilla natural, textura suave.",Alimentación,Congelados,Helados,Helado de vainilla,8.79,Yes,0,La Tahona Azul
JOY-000142,Anillo ajustable minimalista,"Anillo de plata de talla ajustable, cómodo para uso diario.",Joyería,Anillos,Anillos de plata,Anillo ajustable,1731.01,Yes,0,Aurea Diseño
ELE-000208,Cafetera de cápsulas compacta,Cafetera práctica que prepara café de calidad en segundos.,Electrodomésticos,Pequeño electrodoméstico,Cafeteras,Cafetera de cápsulas,126.63,Yes,40,Confort Total
ALI-000253,Pan integral bajo en sal,"Pan de miga suave elaborado con harina integral, fuente de fibra.",Alimentación,Panadería,Pan de molde,Pan integral,18.46,Yes,20,Cesta Rústica
ROP-000544,Camiseta básica algodón manga corta negra,"Camiseta de algodón 100% suave y transpirable, ideal para el día a día.",Ropa,Hombre,Camisetas,Camiseta manga corta,45.80,Yes,0,UrbanCotto
ROP-000076,Bufanda de lana con flecos,"Bufanda cálida tejida en lana suave, ideal para el invierno.",Ropa,Accesorios,Bufandas,Bufanda de lana,82.11,No,30,Prenda Libre
ALI-000270,Yogur natural con bífidus,Yogur cremoso elaborado con leche fresca y fermentos activos.,Alimentación,Lácteos,Yogures,Yogur natural,13.07,Yes,0,Cesta Rústica
ROP-000401,Bufanda de lana de punto grueso,"Bufanda cálida tejida en lana suave, ideal para el invierno.",Ropa,Accesorios,Bufandas,Bufanda de lana,129.59,Yes,0,Estilo Urbano
ROP-000069,Sujetador sin aros negro,"Sujetador sin aros, cómodo y flexible, ideal para el uso diario.",Ropa,Mujer,Lencería,Sujetador sin aros,150.20,Yes,0,TelaViva
ALI-000481,Croissant de mantequilla,"Bollería horneada con receta tradicional, textura hojaldrada.",Alimentación,Panadería,Bollería,Croissant,18.56,Yes,0,Nutrivida
ROP-000306,Gorro de punto de lana merino,Gorro tejido que abriga sin renunciar al estilo.,Ropa,Accesorios,Gorros,Gorro de punto,70.02,Yes,0,Modaline
ELE-000124,Batidora de mano inoxidable,"Batidora versátil pensada para triturar, batir y emulsionar.",Electrodomésticos,Pequeño electrodoméstico,Batidoras,Batidora de mano,77.93,Yes,0,NordLine
ROP-000440,Camiseta básica algodón manga corta blanca,"Camiseta de algodón 100% suave y transpirable, ideal para el día a día.",Ropa,Hombre,Camisetas,Camiseta manga corta,113.55,No,0,TrazoBlue
ALI-000582,Croissant sin gluten,"Bollería horneada con receta tradicional, textura hojaldrada.",Alimentación,Panadería,Bollería,Croissant,0.72,No,30,Sabor Norte
ALI-000048,Tomates rama,"Verdura fresca de cultivo controlado, ideal para ensaladas y cocinar.",Alimentación,Frutas y verduras,Verduras frescas,Tomates,8.32,No,20,La Tahona Azul
ROP-000151,Sudadera con capucha estampada,"Sudadera cómoda con capucha y bolsillo canguro, ideal para el día a día.",Ropa,Mujer,Sudaderas,Sudadera con capucha,26.94,Yes,0,NordVía
ROP-000184,Sudadera sin capucha cuello redondo,"Sudadera básica sin capucha, cómoda y versátil para combinar con cualquier look.",Ropa,Mujer,Sudaderas,Sudadera sin capucha,26.32,Yes,20,Estilo Urbano
ROP-000457,Blusa manga larga lisa blanca,"Blusa ligera de tacto suave, versátil para looks casuales o de oficina.",Ropa,Mujer,Camisas,Blusa manga larga,160.15,Yes,0,Modaline
ROP-000021,Vestido largo estampado floral,"Vestido de corte fluido, tejido ligero y caída favorecedora.",Ropa,Mujer,Vestidos,Vestido largo,133.58,No,0,TelaViva
ROP-000579,Sujetador con aros blanco,Sujetador con aros que proporciona sujeción y buen levantamiento.,Ropa,Mujer,Lencería,Sujetador con aros,21.43,Yes,0,Costura 21
ALI-000342,Tomates cherry,"Verdura fresca de cultivo controlado, ideal para ensaladas y cocinar.",Alimentación,Frutas y verduras,Verduras frescas,Tomates,3.96,No,0,Cesta Rústica
ROP-000498,Sujetador sin aros de algodón,"Sujetador sin aros, cómodo y flexible, ideal para el uso diario.",Ropa,Mujer,Lencería,Sujetador sin aros,137.05,Yes,0,Hilo & Forma
ROP-000580,Sudadera sin capucha básica blanca,"Sudadera básica sin capucha, cómoda y versátil para combinar con cualquier look.",Ropa,Mujer,Sudaderas,Sudadera sin capucha,198.43,Yes,0,Estilo Urbano
ALI-000320,Tomates cherry,"Verdura fresca de cultivo controlado, ideal para ensaladas y cocinar.",Alimentación,Frutas y verduras,Verduras frescas,Tomates,10.95,Yes,25,La Tahona Azul
ALI-000061,Manzanas Royal Gala,"Fruta fresca de temporada, seleccionada por tamaño y calidad.",Alimentación,Frutas y verduras,Frutas frescas,Manzanas,23.73,Yes,50,La Espiga Dorada
ROP-000258,Sudadera sin capucha con logo bordado,"Sudadera básica sin capucha, cómoda y versátil para combinar con cualquier look.",Ropa,Mujer,Sudaderas,Sudadera sin capucha,26.39,Yes,0,Modaline
ELE-000365,Aire acondicionado Split 1x1 bomba de calor,Equipo de climatización eficiente con control de temperatura preciso.,Electrodomésticos,Climatización,Aire acondicionado,Split 1x1,167.99,Yes,0,NordLine
ROP-000225,Camiseta infantil estampada rayas,Camiseta infantil de algodón suave con estampado divertido.,Ropa,Niños,Camisetas,Camiseta estampada,26.89,Yes,10,TrazoBlue
ALI-000646,Helado de vainilla bajo en azúcar,"Helado cremoso elaborado con vainilla natural, textura suave.",Alimentación,Congelados,Helados,Helado de vainilla,15.37,Yes,20,Grano de Oro
ELE-000138,Aspiradora sin cable ligera,"Aspiradora inalámbrica de fácil manejo, ideal para limpiezas rápidas.",Electrodomésticos,Limpieza,Aspiradoras,Aspiradora sin cable,1171.55,Yes,25,Aire Puro
ALI-000598,Queso curado de oveja,"Queso elaborado con leche seleccionada, curación tradicional y sabor intenso.",Alimentación,Lácteos,Quesos,Queso curado,8.57,Yes,0,Nutrivida
ALI-000623,Queso curado de cabra,"Queso elaborado con leche seleccionada, curación tradicional y sabor intenso.",Alimentación,Lácteos,Quesos,Queso curado,12.77,Yes,50,Sabor Norte
ELE-000339,Aire acondicionado Split 1x1 bomba de calor,Equipo de climatización eficiente con control de temperatura preciso.,Electrodomésticos,Climatización,Aire acondicionado,Split 1x1,701.83,Yes,70,CasaFácil
ROP-000385,Blusa manga larga lisa blanca,"Blusa ligera de tacto suave, versátil para looks casuales o de oficina.",Ropa,Mujer,Camisas,Blusa manga larga,171.49,Yes,0,Hilo & Forma
ELE-000132,Aspiradora sin cable recargable,"Aspiradora inalámbrica de fácil manejo, ideal para limpiezas rápidas.",Electrodomésticos,Limpieza,Aspiradoras,Aspiradora sin cable,405.80,Yes,0,TecnoCasa
ALI-000426,Yogur natural sin azúcar,Yogur cremoso elaborado con leche fresca y fermentos activos.,Alimentación,Lácteos,Yogures,Yogur natural,21.80,Yes,0,Nutrivida
ALI-000171,Yogur natural pack 4 unidades,Yogur cremoso elaborado con leche fresca y fermentos activos.,Alimentación,Lácteos,Yogures,Yogur natural,26.18,Yes,0,Cesta Rústica
ELE-000298,Horno eléctrico 60cm,Horno con distribución uniforme del calor y múltiples funciones de cocinado.,Electrodomésticos,Cocina,Hornos,Horno eléctrico,667.35,Yes,60,Confort Total
ROP-000450,Blusa manga larga oversize,"Blusa ligera de tacto suave, versátil para looks casuales o de oficina.",Ropa,Mujer,Camisas,Blusa manga larga,180.77,Yes,70,Estilo Urbano
ROP-000297,Sujetador con aros con encaje,Sujetador con aros que proporciona sujeción y buen levantamiento.,Ropa,Mujer,Lencería,Sujetador con aros,36.58,Yes,40,Costura 21
ROP-000594,Sudadera sin capucha con logo bordado,"Sudadera básica sin capucha, cómoda y versátil para combinar con cualquier look.",Ropa,Mujer,Sudaderas,Sudadera sin capucha,28.02,Yes,0,Estilo Urbano
ALI-000161,Lasaña congelada de carne,"Plato preparado listo en minutos, ideal para el día a día.",Alimentación,Congelados,Platos preparados,Lasaña congelada,27.09,Yes,0,Nutrivida
ROP-000471,Vestido largo fiesta,"Vestido de corte fluido, tejido ligero y caída favorecedora.",Ropa,Mujer,Vestidos,Vestido largo,102.55,Yes,0,Hilo & Forma
ROP-000654,Gorro de punto térmico,Gorro tejido que abriga sin renunciar al estilo.,Ropa,Accesorios,Gorros,Gorro de punto,24.86,Yes,0,NordVía
ALI-000067,Tomates pera,"Verdura fresca de cultivo controlado, ideal para ensaladas y cocinar.",Alimentación,Frutas y verduras,Verduras frescas,Tomates,27.04,Yes,0,Sabores del Sur
ROP-000126,Camiseta infantil estampada dinosaurios,Camiseta infantil de algodón suave con estampado divertido.,Ropa,Niños,Camisetas,Camiseta estampada,18.73,Yes,60,Hilo & Forma
ALI-000524,Manzanas ecológicas,"Fruta fresca de temporada, seleccionada por tamaño y calidad.",Alimentación,Frutas y verduras,Frutas frescas,Manzanas,24.28,Yes,5,Grano de Oro
ROP-000099,Sudadera sin capucha cuello redondo,"Sudadera básica sin capucha, cómoda y versátil para combinar con cualquier look.",Ropa,Mujer,Sudaderas,Sudadera sin capucha,20.64,Yes,0,Modaline
ROP-000679,Abrigo de invierno infantil con capucha,Abrigo cálido y resistente pensado para los meses más fríos.,Ropa,Niños,Abrigos,Abrigo de invierno,108.85,Yes,0,Alta Fibra
ALI-000349,Pan integral bajo en sal,"Pan de miga suave elaborado con harina integral, fuente de fibra.",Alimentación,Panadería,Pan de molde,Pan integral,13.98,Yes,0,Sabores del Sur
JOY-000163,Cadena fina de oro delicada,"Cadena de oro de acabado fino, ideal para uso diario o combinar con colgantes.",Joyería,Collares,Collares de oro,Cadena fina,344.52,Yes,10,Aurea Diseño
ROP-000391,Bufanda de lana unisex,"Bufanda cálida tejida en lana suave, ideal para el invierno.",Ropa,Accesorios,Bufandas,Bufanda de lana,113.38,Yes,15,TrazoBlue
ALI-000432,Helado de vainilla tarrina 1L,"Helado cremoso elaborado con vainilla natural, textura suave.",Alimentación,Congelados,Helados,Helado de vainilla,6.02,Yes,0,La Tahona Azul
ROP-000322,Sujetador con aros push up,Sujetador con aros que proporciona sujeción y buen levantamiento.,Ropa,Mujer,Lencería,Sujetador con aros,140.78,Yes,0,TrazoBlue
ELE-000121,Aire acondicionado Split 1x1 wifi,Equipo de climatización eficiente con control de temperatura preciso.,Electrodomésticos,Climatización,Aire acondicionado,Split 1x1,602.82,Yes,60,HogarTech
ROP-000247,Zapatillas deportivas de malla transpirable,"Zapatillas ligeras con buena amortiguación, pensadas para uso diario o deporte.",Ropa,Calzado,Zapatillas,Zapatillas deportivas,194.91,Yes,0,TrazoBlue
ALI-000311,Pan integral multicereales,"Pan de miga suave elaborado con harina integral, fuente de fibra.",Alimentación,Panadería,Pan de molde,Pan integral,22.31,Yes,0,Verde Cosecha
ROP-000211,Camiseta infantil estampada algodón orgánico,Camiseta infantil de algodón suave con estampado divertido.,Ropa,Niños,Camisetas,Camiseta estampada,162.56,No,0,TelaViva
JOY-000017,Pendientes de perla clásicos,"Pendientes elegantes con perla natural, acabado delicado y atemporal.",Joyería,Pendientes,Pendientes de perla,Pendientes de perla,1847.87,Yes,40,Orfebre Real
ALI-000655,Zumo de naranja 1L,"Zumo elaborado a partir de naranjas seleccionadas, sin azúcares añadidos.",Alimentación,Bebidas,Zumos,Zumo de naranja,18.68,Yes,0,Sabor Norte
ALI-000698,Pan integral 100% centeno,"Pan de miga suave elaborado con harina integral, fuente de fibra.",Alimentación,Panadería,Pan de molde,Pan integral,7.09,Yes,25,Sabores del Sur
ROP-000003,Zapatillas deportivas running,"Zapatillas ligeras con buena amortiguación, pensadas para uso diario o deporte.",Ropa,Calzado,Zapatillas,Zapatillas deportivas,45.32,No,0,Prenda Libre
JOY-000008,Anillo ajustable doble banda,"Anillo de plata de talla ajustable, cómodo para uso diario.",Joyería,Anillos,Anillos de plata,Anillo ajustable,134.90,Yes,0,Gema Pura
ROP-000443,Bota de invierno alta,"Bota resistente al agua con suela antideslizante, pensada para el frío.",Ropa,Calzado,Botas,Bota de invierno,171.60,Yes,0,Estilo Urbano
ROP-000275,Sudadera con capucha de algodón orgánico,"Sudadera cómoda con capucha y bolsillo canguro, ideal para el día a día.",Ropa,Mujer,Sudaderas,Sudadera con capucha,37.97,Yes,70,SolTejido
ROP-000097,Sudadera sin capucha de algodón,"Sudadera básica sin capucha, cómoda y versátil para combinar con cualquier look.",Ropa,Mujer,Sudaderas,Sudadera sin capucha,6.60,Yes,0,Hilo & Forma
ROP-000409,Bufanda de lana de punto grueso,"Bufanda cálida tejida en lana suave, ideal para el invierno.",Ropa,Accesorios,Bufandas,Bufanda de lana,164.32,No,0,TrazoBlue
ALI-000674,Refresco de cola sin azúcar,"Bebida refrescante carbonatada, ideal para acompañar comidas o disfrutar fría.",Alimentación,Bebidas,Refrescos,Refresco de cola,24.95,No,40,La Tahona Azul
ROP-000520,Bota de invierno de cordones,"Bota resistente al agua con suela antideslizante, pensada para el frío.",Ropa,Calzado,Botas,Bota de invierno,133.31,Yes,0,SolTejido
ELE-000210,Robot aspirador autovaciado,Robot inteligente que limpia y friega de forma autónoma.,Electrodomésticos,Limpieza,Robots aspiradores,Robot aspirador,182.85,Yes,5,HogarTech
ROP-000162,Bufanda de lana unisex,"Bufanda cálida tejida en lana suave, ideal para el invierno.",Ropa,Accesorios,Bufandas,Bufanda de lana,196.06,Yes,30,Alta Fibra
ROP-000505,Blusa manga larga con lazo,"Blusa ligera de tacto suave, versátil para looks casuales o de oficina.",Ropa,Mujer,Camisas,Blusa manga larga,193.77,Yes,0,TrazoBlue
JOY-000140,Reloj de pulsera clásico unisex,Reloj de diseño clásico con maquinaria de precisión y acabado elegante.,Joyería,Relojes,Relojes analógicos,Reloj de pulsera clásico,800.72,Yes,0,Orfebre Real
ELE-000293,Secador iónico con difusor,Secador con tecnología iónica que reduce el encrespamiento del cabello.,Electrodomésticos,Cuidado personal,Secadores de pelo,Secador iónico,1260.96,Yes,0,TecnoCasa
ELE-000377,Secador iónico profesional,Secador con tecnología iónica que reduce el encrespamiento del cabello.,Electrodomésticos,Cuidado personal,Secadores de pelo,Secador iónico,43.08,Yes,0,TecnoCasa
ELE-000092,Aspiradora sin cable 2 en 1,"Aspiradora inalámbrica de fácil manejo, ideal para limpiezas rápidas.",Electrodomésticos,Limpieza,Aspiradoras,Aspiradora sin cable,1490.17,Yes,30,CocinaSmart
ALI-000590,Tomates rama,"Verdura fresca de cultivo controlado, ideal para ensaladas y cocinar.",Alimentación,Frutas y verduras,Verduras frescas,Tomates,3.38,Yes,0,Delicia Natural
ROP-000553,Bota de invierno alta,"Bota resistente al agua con suela antideslizante, pensada para el frío.",Ropa,Calzado,Botas,Bota de invierno,36.46,Yes,0,UrbanCotto
ALI-000131,Tomates ecológicos,"Verdura fresca de cultivo controlado, ideal para ensaladas y cocinar.",Alimentación,Frutas y verduras,Verduras frescas,Tomates,2.87,Yes,0,Nutrivida
ALI-000453,Refresco de cola original,"Bebida refrescante carbonatada, ideal para acompañar comidas o disfrutar fría.",Alimentación,Bebidas,Refrescos,Refresco de cola,15.71,Yes,30,Sabores del Sur
ELE-000322,Robot aspirador con mopa,Robot inteligente que limpia y friega de forma autónoma.,Electrodomésticos,Limpieza,Robots aspiradores,Robot aspirador,286.26,Yes,30,NordLine
ELE-000053,Ventilador de torre con mando a distancia,Ventilador de diseño compacto con distintas velocidades de ventilación.,Electrodomésticos,Climatización,Ventiladores,Ventilador de torre,1092.98,Yes,20,CocinaSmart
ALI-000038,Yogur natural desnatado,Yogur cremoso elaborado con leche fresca y fermentos activos.,Alimentación,Lácteos,Yogures,Yogur natural,26.01,No,0,Campo Fresco
ALI-000461,Pan integral con semillas,"Pan de miga suave elaborado con harina integral, fuente de fibra.",Alimentación,Panadería,Pan de molde,Pan integral,18.96,Yes,40,Sabores del Sur
ALI-000454,Yogur natural desnatado,Yogur cremoso elaborado con leche fresca y fermentos activos.,Alimentación,Lácteos,Yogures,Yogur natural,17.67,No,10,Grano de Oro
ALI-000199,Tomates pera,"Verdura fresca de cultivo controlado, ideal para ensaladas y cocinar.",Alimentación,Frutas y verduras,Verduras frescas,Tomates,28.72,Yes,0,Verde Cosecha
JOY-000092,Pendientes largos con borla,"Pendientes de diseño llamativo, perfectos para ocasiones especiales.",Joyería,Pendientes,Pendientes colgantes,Pendientes largos,1450.18,Yes,60,Plata del Norte
ROP-000601,Pantalón vaquero negro,Pantalón vaquero de algodón resistente con corte cómodo.,Ropa,Hombre,Pantalones,Pantalón vaquero,167.72,Yes,0,TelaViva
ROP-000527,Pantalón vaquero slim fit,Pantalón vaquero de algodón resistente con corte cómodo.,Ropa,Hombre,Pantalones,Pantalón vaquero,104.97,Yes,50,Modaline
ROP-000248,Sujetador sin aros con encaje,"Sujetador sin aros, cómodo y flexible, ideal para el uso diario.",Ropa,Mujer,Lencería,Sujetador sin aros,157.94,Yes,60,Vestir Norte
ALI-000547,Croissant sin gluten,"Bollería horneada con receta tradicional, textura hojaldrada.",Alimentación,Panadería,Bollería,Croissant,25.28,Yes,0,La Tahona Azul
ELE-000245,Horno eléctrico 60cm,Horno con distribución uniforme del calor y múltiples funciones de cocinado.,Electrodomésticos,Cocina,Hornos,Horno eléctrico,61.51,Yes,0,Aire Puro
ALI-000266,Lasaña congelada de carne,"Plato preparado listo en minutos, ideal para el día a día.",Alimentación,Congelados,Platos preparados,Lasaña congelada,13.39,Yes,0,Grano de Oro
ROP-000646,Bota de invierno de cordones,"Bota resistente al agua con suela antideslizante, pensada para el frío.",Ropa,Calzado,Botas,Bota de invierno,81.41,Yes,5,UrbanCotto
ROP-000149,Bota de invierno antideslizante,"Bota resistente al agua con suela antideslizante, pensada para el frío.",Ropa,Calzado,Botas,Bota de invierno,100.13,Yes,0,Alta Fibra
ELE-000202,Frigorífico combi con dispensador de agua,Frigorífico de gran capacidad con tecnología de enfriamiento eficiente.,Electrodomésticos,Cocina,Frigoríficos,Frigorífico combi,1468.57,Yes,10,Impulso Hogar
ALI-000039,Queso curado añejo,"Queso elaborado con leche seleccionada, curación tradicional y sabor intenso.",Alimentación,Lácteos,Quesos,Queso curado,27.83,Yes,0,Delicia Natural
ALI-000425,Zumo de naranja con pulpa,"Zumo elaborado a partir de naranjas seleccionadas, sin azúcares añadidos.",Alimentación,Bebidas,Zumos,Zumo de naranja,13.93,Yes,0,Grano de Oro
ROP-000134,Pantalón vaquero negro,Pantalón vaquero de algodón resistente con corte cómodo.,Ropa,Hombre,Pantalones,Pantalón vaquero,192.17,Yes,0,TelaViva
JOY-000116,Pendientes largos bohemios,"Pendientes de diseño llamativo, perfectos para ocasiones especiales.",Joyería,Pendientes,Pendientes colgantes,Pendientes largos,720.68,Yes,0,Esencia de Oro
ALI-000559,Croissant de mantequilla,"Bollería horneada con receta tradicional, textura hojaldrada.",Alimentación,Panadería,Bollería,Croissant,13.34,No,0,Punto Sabor
JOY-000036,Reloj de pulsera clásico correa de piel,Reloj de diseño clásico con maquinaria de precisión y acabado elegante.,Joyería,Relojes,Relojes analógicos,Reloj de pulsera clásico,62.44,Yes,0,Orfebre Real
ROP-000689,Bota de invierno antideslizante,"Bota resistente al agua con suela antideslizante, pensada para el frío.",Ropa,Calzado,Botas,Bota de invierno,49.88,Yes,0,Modaline
ALI-000372,Manzanas Fuji,"Fruta fresca de temporada, seleccionada por tamaño y calidad.",Alimentación,Frutas y verduras,Frutas frescas,Manzanas,3.96,No,0,Cesta Rústica
ROP-000117,Blusa manga larga lisa blanca,"Blusa ligera de tacto suave, versátil para looks casuales o de oficina.",Ropa,Mujer,Camisas,Blusa manga larga,125.85,Yes,0,UrbanCotto
ROP-000539,Abrigo de invierno infantil acolchado,Abrigo cálido y resistente pensado para los meses más fríos.,Ropa,Niños,Abrigos,Abrigo de invierno,196.53,Yes,0,Hilo & Forma
ALI-000094,Zumo de naranja 1L,"Zumo elaborado a partir de naranjas seleccionadas, sin azúcares añadidos.",Alimentación,Bebidas,Zumos,Zumo de naranja,22.68,Yes,0,Delicia Natural
ROP-000676,Sudadera con capucha negra,"Sudadera cómoda con capucha y bolsillo canguro, ideal para el día a día.",Ropa,Mujer,Sudaderas,Sudadera con capucha,132.70,No,0,Vestir Norte
ROP-000328,Vestido largo de lino,"Vestido de corte fluido, tejido ligero y caída favorecedora.",Ropa,Mujer,Vestidos,Vestido largo,86.66,Yes,0,Modaline
ALI-000567,Croissant integral,"Bollería horneada con receta tradicional, textura hojaldrada.",Alimentación,Panadería,Bollería,Croissant,7.51,Yes,30,Cesta Rústica
ALI-000381,Pan integral bajo en sal,"Pan de miga suave elaborado con harina integral, fuente de fibra.",Alimentación,Panadería,Pan de molde,Pan integral,28.74,Yes,10,Punto Sabor
ELE-000194,Cafetera de cápsulas con espumador de leche,Cafetera práctica que prepara café de calidad en segundos.,Electrodomésticos,Pequeño electrodoméstico,Cafeteras,Cafetera de cápsulas,256.80,Yes,60,HogarTech
ELE-000011,Frigorífico combi clase energética A++,Frigorífico de gran capacidad con tecnología de enfriamiento eficiente.,Electrodomésticos,Cocina,Frigoríficos,Frigorífico combi,1292.37,Yes,0,Aire Puro
JOY-000119,Pendientes de tachuela diminutos,"Pendientes pequeños y discretos, ideales para el uso diario.",Joyería,Pendientes,Pendientes de diamante,Pendientes de tachuela,1681.84,No,0,Reflejo Fino
ELE-000299,Aspiradora sin cable recargable,"Aspiradora inalámbrica de fácil manejo, ideal para limpiezas rápidas.",Electrodomésticos,Limpieza,Aspiradoras,Aspiradora sin cable,1267.69,Yes,0,CocinaSmart
JOY-000126,Pendientes de tachuela con circonita,"Pendientes pequeños y discretos, ideales para el uso diario.",Joyería,Pendientes,Pendientes de diamante,Pendientes de tachuela,1825.33,Yes,0,Joyas del Valle
ELE-000158,Frigorífico combi acero inoxidable,Frigorífico de gran capacidad con tecnología de enfriamiento eficiente.,Electrodomésticos,Cocina,Frigoríficos,Frigorífico combi,1275.56,Yes,0,CasaFácil
ALI-000441,Yogur natural desnatado,Yogur cremoso elaborado con leche fresca y fermentos activos.,Alimentación,Lácteos,Yogures,Yogur natural,2.94,Yes,25,La Espiga Dorada
ROP-000269,Sudadera sin capucha con logo bordado,"Sudadera básica sin capucha, cómoda y versátil para combinar con cualquier look.",Ropa,Mujer,Sudaderas,Sudadera sin capucha,95.66,Yes,10,Costura 21
ROP-000475,Blusa manga larga con lazo,"Blusa ligera de tacto suave, versátil para looks casuales o de oficina.",Ropa,Mujer,Camisas,Blusa manga larga,15.91,Yes,10,SolTejido
JOY-000117,Collar con colgante iniciales,"Collar de plata con acabado brillante, diseño delicado y atemporal.",Joyería,Collares,Collares de plata,Collar con colgante,1939.03,Yes,0,Metal Noble
ALI-000101,Lasaña congelada familiar,"Plato preparado listo en minutos, ideal para el día a día.",Alimentación,Congelados,Platos preparados,Lasaña congelada,23.99,Yes,0,Sabor Norte
ELE-000237,Robot aspirador navegación láser,Robot inteligente que limpia y friega de forma autónoma.,Electrodomésticos,Limpieza,Robots aspiradores,Robot aspirador,1176.47,Yes,0,Domus Pro
ELE-000022,Batidora de mano con vaso medidor,"Batidora versátil pensada para triturar, batir y emulsionar.",Electrodomésticos,Pequeño electrodoméstico,Batidoras,Batidora de mano,199.42,Yes,60,Electra Norte
ELE-000294,Cafetera de cápsulas compacta,Cafetera práctica que prepara café de calidad en segundos.,Electrodomésticos,Pequeño electrodoméstico,Cafeteras,Cafetera de cápsulas,68.36,Yes,60,CocinaSmart
ELE-000256,Robot aspirador wifi,Robot inteligente que limpia y friega de forma autónoma.,Electrodomésticos,Limpieza,Robots aspiradores,Robot aspirador,1495.57,Yes,70,Vitalux
ROP-000405,Bota de invierno alta,"Bota resistente al agua con suela antideslizante, pensada para el frío.",Ropa,Calzado,Botas,Bota de invierno,184.58,Yes,0,Modaline
ROP-000353,Sudadera sin capucha oversize,"Sudadera básica sin capucha, cómoda y versátil para combinar con cualquier look.",Ropa,Mujer,Sudaderas,Sudadera sin capucha,11.38,Yes,0,Estilo Urbano
ROP-000561,Zapatillas deportivas running,"Zapatillas ligeras con buena amortiguación, pensadas para uso diario o deporte.",Ropa,Calzado,Zapatillas,Zapatillas deportivas,48.70,Yes,0,Estilo Urbano
ELE-000391,Frigorífico combi acero inoxidable,Frigorífico de gran capacidad con tecnología de enfriamiento eficiente.,Electrodomésticos,Cocina,Frigoríficos,Frigorífico combi,701.13,Yes,0,Electra Norte
JOY-000029,Pendientes de aro con circonitas,"Pendientes ligeros de plata con acabado brillante, fáciles de combinar.",Joyería,Pendientes,Pendientes de plata,Pendientes de aro,122.73,Yes,0,Esencia de Oro
ROP-000470,Pantalón vaquero slim fit,Pantalón vaquero de algodón resistente con corte cómodo.,Ropa,Hombre,Pantalones,Pantalón vaquero,188.92,Yes,0,Vestir Norte
ALI-000393,Tomates de huerta,"Verdura fresca de cultivo controlado, ideal para ensaladas y cocinar.",Alimentación,Frutas y verduras,Verduras frescas,Tomates,1.47,No,0,Punto Sabor
ELE-000226,Robot aspirador autovaciado,Robot inteligente que limpia y friega de forma autónoma.,Electrodomésticos,Limpieza,Robots aspiradores,Robot aspirador,910.58,Yes,0,CocinaSmart
ALI-000239,Manzanas Royal Gala,"Fruta fresca de temporada, seleccionada por tamaño y calidad.",Alimentación,Frutas y verduras,Frutas frescas,Manzanas,6.16,No,0,Nutrivida
ROP-000188,Abrigo de invierno infantil de lana,Abrigo cálido y resistente pensado para los meses más fríos.,Ropa,Niños,Abrigos,Abrigo de invierno,93.08,Yes,0,Prenda Libre
ALI-000163,Lasaña congelada de verduras,"Plato preparado listo en minutos, ideal para el día a día.",Alimentación,Congelados,Platos preparados,Lasaña congelada,25.67,Yes,0,Sabores del Sur
ELE-000122,Batidora de mano con accesorios,"Batidora versátil pensada para triturar, batir y emulsionar.",Electrodomésticos,Pequeño electrodoméstico,Batidoras,Batidora de mano,1258.97,Yes,10,Electra Norte
ROP-000638,Camiseta básica algodón manga corta negra,"Camiseta de algodón 100% suave y transpirable, ideal para el día a día.",Ropa,Hombre,Camisetas,Camiseta manga corta,82.24,No,0,Prenda Libre
ELE-000078,Batidora de mano con accesorios,"Batidora versátil pensada para triturar, batir y emulsionar.",Electrodomésticos,Pequeño electrodoméstico,Batidoras,Batidora de mano,110.36,Yes,0,HogarTech
ALI-000527,Manzanas Golden,"Fruta fresca de temporada, seleccionada por tamaño y calidad.",Alimentación,Frutas y verduras,Frutas frescas,Manzanas,14.60,Yes,0,La Tahona Azul
ELE-000130,Frigorífico combi clase energética A++,Frigorífico de gran capacidad con tecnología de enfriamiento eficiente.,Electrodomésticos,Cocina,Frigoríficos,Frigorífico combi,463.57,Yes,70,Confort Total
ALI-000377,Queso curado mezcla,"Queso elaborado con leche seleccionada, curación tradicional y sabor intenso.",Alimentación,Lácteos,Quesos,Queso curado,28.08,Yes,0,La Tahona Azul
ALI-000046,Lasaña congelada individual,"Plato preparado listo en minutos, ideal para el día a día.",Alimentación,Congelados,Platos preparados,Lasaña congelada,20.31,Yes,0,La Espiga Dorada
JOY-000173,Collar con colgante iniciales,"Collar de plata con acabado brillante, diseño delicado y atemporal.",Joyería,Collares,Collares de plata,Collar con colgante,1010.56,Yes,0,Brillo Eterno
ELE-000394,Cafetera de cápsulas de diseño retro,Cafetera práctica que prepara café de calidad en segundos.,Electrodomésticos,Pequeño electrodoméstico,Cafeteras,Cafetera de cápsulas,851.83,No,0,Confort Total
JOY-000183,Pendientes de aro minimalistas,"Pendientes ligeros de plata con acabado brillante, fáciles de combinar.",Joyería,Pendientes,Pendientes de plata,Pendientes de aro,1380.55,Yes,0,Aurea Diseño
ELE-000135,Horno eléctrico 60cm,Horno con distribución uniforme del calor y múltiples funciones de cocinado.,Electrodomésticos,Cocina,Hornos,Horno eléctrico,978.70,Yes,0,Impulso Hogar
ROP-000605,Sudadera con capucha gris jaspeada,"Sudadera cómoda con capucha y bolsillo canguro, ideal para el día a día.",Ropa,Mujer,Sudaderas,Sudadera con capucha,142.91,Yes,25,TrazoBlue
ELE-000336,Aspiradora sin cable ligera,"Aspiradora inalámbrica de fácil manejo, ideal para limpiezas rápidas.",Electrodomésticos,Limpieza,Aspiradoras,Aspiradora sin cable,354.99,Yes,30,CocinaSmart
ALI-000162,Yogur natural pack 4 unidades,Yogur cremoso elaborado con leche fresca y fermentos activos.,Alimentación,Lácteos,Yogures,Yogur natural,9.33,No,50,Verde Cosecha
ELE-000086,Horno eléctrico multifunción,Horno con distribución uniforme del calor y múltiples funciones de cocinado.,Electrodomésticos,Cocina,Hornos,Horno eléctrico,1023.34,Yes,0,Aire Puro
ROP-000350,Bota de invierno de cordones,"Bota resistente al agua con suela antideslizante, pensada para el frío.",Ropa,Calzado,Botas,Bota de invierno,142.14,No,5,TrazoBlue
ROP-000083,Camiseta básica algodón manga corta azul marino,"Camiseta de algodón 100% suave y transpirable, ideal para el día a día.",Ropa,Hombre,Camisetas,Camiseta manga corta,173.53,Yes,25,Modaline
JOY-000068,Pendientes de aro pequeños,"Pendientes ligeros de plata con acabado brillante, fáciles de combinar.",Joyería,Pendientes,Pendientes de plata,Pendientes de aro,1085.48,Yes,0,Joyas del Valle
ELE-000264,Depiladora eléctrica recargable,"Depiladora eficaz de uso doméstico, ligera y fácil de manejar.",Electrodomésticos,Cuidado personal,Depiladoras,Depiladora eléctrica,1055.62,Yes,0,Vitalux
ROP-000607,Gorro de punto con pompón,Gorro tejido que abriga sin renunciar al estilo.,Ropa,Accesorios,Gorros,Gorro de punto,106.74,Yes,0,SolTejido
ELE-000083,Batidora de mano con vaso medidor,"Batidora versátil pensada para triturar, batir y emulsionar.",Electrodomésticos,Pequeño electrodoméstico,Batidoras,Batidora de mano,58.01,Yes,0,Confort Total
ROP-000548,Sujetador sin aros deportivo,"Sujetador sin aros, cómodo y flexible, ideal para el uso diario.",Ropa,Mujer,Lencería,Sujetador sin aros,70.10,Yes,40,UrbanCotto
ALI-000301,Tomates ecológicos,"Verdura fresca de cultivo controlado, ideal para ensaladas y cocinar.",Alimentación,Frutas y verduras,Verduras frescas,Tomates,26.43,Yes,0,Nutrivida
ALI-000079,Refresco de cola light,"Bebida refrescante carbonatada, ideal para acompañar comidas o disfrutar fría.",Alimentación,Bebidas,Refrescos,Refresco de cola,5.69,No,0,Campo Fresco
ELE-000380,Ventilador de torre silencioso,Ventilador de diseño compacto con distintas velocidades de ventilación.,Electrodomésticos,Climatización,Ventiladores,Ventilador de torre,1075.53,Yes,40,NordLine
ALI-000669,Helado de vainilla sin lactosa,"Helado cremoso elaborado con vainilla natural, textura suave.",Alimentación,Congelados,Helados,Helado de vainilla,20.64,Yes,10,Huerta Real
ALI-000157,Yogur natural griego,Yogur cremoso elaborado con leche fresca y fermentos activos.,Alimentación,Lácteos,Yogures,Yogur natural,9.33,Yes,0,Cesta Rústica
ALI-000084,Manzanas Royal Gala,"Fruta fresca de temporada, seleccionada por tamaño y calidad.",Alimentación,Frutas y verduras,Frutas frescas,Manzanas,2.79,Yes,0,Nutrivida
ELE-000297,Depiladora eléctrica compacta,"Depiladora eficaz de uso doméstico, ligera y fácil de manejar.",Electrodomésticos,Cuidado personal,Depiladoras,Depiladora eléctrica,1410.30,Yes,40,Confort Total
ROP-000466,Sujetador con aros con encaje,Sujetador con aros que proporciona sujeción y buen levantamiento.,Ropa,Mujer,Lencería,Sujetador con aros,99.65,No,0,TelaViva
ROP-000373,Abrigo de invierno infantil con capucha,Abrigo cálido y resistente pensado para los meses más fríos.,Ropa,Niños,Abrigos,Abrigo de invierno,13.02,Yes,0,NordVía
ELE-000281,Cafetera de cápsulas con espumador de leche,Cafetera práctica que prepara café de calidad en segundos.,Electrodomésticos,Pequeño electrodoméstico,Cafeteras,Cafetera de cápsulas,1050.74,Yes,0,CocinaSmart
JOY-000015,Collar con colgante corazón,"Collar de plata con acabado brillante, diseño delicado y atemporal.",Joyería,Collares,Collares de plata,Collar con colgante,1514.07,Yes,0,Metal Noble
ELE-000291,Aspiradora sin cable con batería de larga duración,"Aspiradora inalámbrica de fácil manejo, ideal para limpiezas rápidas.",Electrodomésticos,Limpieza,Aspiradoras,Aspiradora sin cable,1426.82,Yes,50,Domus Pro
ALI-000500,Zumo de naranja 1L,"Zumo elaborado a partir de naranjas seleccionadas, sin azúcares añadidos.",Alimentación,Bebidas,Zumos,Zumo de naranja,3.00,Yes,0,Cesta Rústica
ROP-000565,Camiseta infantil estampada dinosaurios,Camiseta infantil de algodón suave con estampado divertido.,Ropa,Niños,Camisetas,Camiseta estampada,127.84,No,15,TrazoBlue
ELE-000012,Aspiradora sin cable con batería de larga duración,"Aspiradora inalámbrica de fácil manejo, ideal para limpiezas rápidas.",Electrodomésticos,Limpieza,Aspiradoras,Aspiradora sin cable,639.25,Yes,0,Electra Norte
ROP-000239,Sujetador con aros de raso,Sujetador con aros que proporciona sujeción y buen levantamiento.,Ropa,Mujer,Lencería,Sujetador con aros,194.87,Yes,0,NordVía
ROP-000008,Sujetador con aros push up,Sujetador con aros que proporciona sujeción y buen levantamiento.,Ropa,Mujer,Lencería,Sujetador con aros,6.29,No,0,SolTejido
ALI-000563,Pan integral bajo en sal,"Pan de miga suave elaborado con harina integral, fuente de fibra.",Alimentación,Panadería,Pan de molde,Pan integral,17.69,No,0,Verde Cosecha
ROP-000183,Blusa manga larga oversize,"Blusa ligera de tacto suave, versátil para looks casuales o de oficina.",Ropa,Mujer,Camisas,Blusa manga larga,116.53,Yes,0,Hilo & Forma
ROP-000311,Gorro de punto unisex,Gorro tejido que abriga sin renunciar al estilo.,Ropa,Accesorios,Gorros,Gorro de punto,80.81,Yes,0,TelaViva
ROP-000597,Vestido largo de lino,"Vestido de corte fluido, tejido ligero y caída favorecedora.",Ropa,Mujer,Vestidos,Vestido largo,198.25,Yes,0,Costura 21
ALI-000297,Zumo de naranja con pulpa,"Zumo elaborado a partir de naranjas seleccionadas, sin azúcares añadidos.",Alimentación,Bebidas,Zumos,Zumo de naranja,4.36,Yes,0,Sabores del Sur
ELE-000089,Depiladora eléctrica silenciosa,"Depiladora eficaz de uso doméstico, ligera y fácil de manejar.",Electrodomésticos,Cuidado personal,Depiladoras,Depiladora eléctrica,209.23,Yes,0,HogarTech
ALI-000259,Yogur natural sin azúcar,Yogur cremoso elaborado con leche fresca y fermentos activos.,Alimentación,Lácteos,Yogures,Yogur natural,11.91,Yes,30,Punto Sabor
ALI-000194,Zumo de naranja 1L,"Zumo elaborado a partir de naranjas seleccionadas, sin azúcares añadidos.",Alimentación,Bebidas,Zumos,Zumo de naranja,16.15,Yes,0,Verde Cosecha
ELE-000374,Horno eléctrico 60cm,Horno con distribución uniforme del calor y múltiples funciones de cocinado.,Electrodomésticos,Cocina,Hornos,Horno eléctrico,661.52,Yes,30,NordLine
ALI-000173,Zumo de naranja exprimido,"Zumo elaborado a partir de naranjas seleccionadas, sin azúcares añadidos.",Alimentación,Bebidas,Zumos,Zumo de naranja,0.91,Yes,0,Sabores del Sur
ALI-000359,Yogur natural con bífidus,Yogur cremoso elaborado con leche fresca y fermentos activos.,Alimentación,Lácteos,Yogures,Yogur natural,21.25,Yes,40,Punto Sabor
ALI-000510,Pan integral con semillas,"Pan de miga suave elaborado con harina integral, fuente de fibra.",Alimentación,Panadería,Pan de molde,Pan integral,2.32,Yes,0,Huerta Real
ROP-000112,Sudadera sin capucha básica blanca,"Sudadera básica sin capucha, cómoda y versátil para combinar con cualquier look.",Ropa,Mujer,Sudaderas,Sudadera sin capucha,139.40,Yes,0,UrbanCotto
ELE-000113,Robot aspirador wifi,Robot inteligente que limpia y friega de forma autónoma.,Electrodomésticos,Limpieza,Robots aspiradores,Robot aspirador,162.15,No,0,HogarTech
ELE-000368,Batidora de mano con accesorios,"Batidora versátil pensada para triturar, batir y emulsionar.",Electrodomésticos,Pequeño electrodoméstico,Batidoras,Batidora de mano,1034.96,Yes,0,TecnoCasa
ALI-000075,Refresco de cola sabor lima,"Bebida refrescante carbonatada, ideal para acompañar comidas o disfrutar fría.",Alimentación,Bebidas,Refrescos,Refresco de cola,20.08,Yes,0,La Tahona Azul
ELE-000099,Frigorífico combi con dispensador de agua,Frigorífico de gran capacidad con tecnología de enfriamiento eficiente.,Electrodomésticos,Cocina,Frigoríficos,Frigorífico combi,300.99,Yes,0,Electra Norte
ROP-000032,Zapatillas deportivas con memory foam,"Zapatillas ligeras con buena amortiguación, pensadas para uso diario o deporte.",Ropa,Calzado,Zapatillas,Zapatillas deportivas,190.10,Yes,0,Hilo & Forma
ELE-000372,Ventilador de torre silencioso,Ventilador de diseño compacto con distintas velocidades de ventilación.,Electrodomésticos,Climatización,Ventiladores,Ventilador de torre,1367.28,Yes,0,TecnoCasa
ROP-000521,Gorro de punto térmico,Gorro tejido que abriga sin renunciar al estilo.,Ropa,Accesorios,Gorros,Gorro de punto,189.75,No,70,Modaline
ALI-000073,Lasaña congelada de verduras,"Plato preparado listo en minutos, ideal para el día a día.",Alimentación,Congelados,Platos preparados,Lasaña congelada,23.68,Yes,0,Sabores del Sur
ROP-000603,Sujetador sin aros de algodón,"Sujetador sin aros, cómodo y flexible, ideal para el uso diario.",Ropa,Mujer,Lencería,Sujetador sin aros,160.96,Yes,0,NordVía
ALI-000610,Lasaña congelada individual,"Plato preparado listo en minutos, ideal para el día a día.",Alimentación,Congelados,Platos preparados,Lasaña congelada,5.02,Yes,0,Cesta Rústica
ALI-000665,Manzanas Fuji,"Fruta fresca de temporada, seleccionada por tamaño y calidad.",Alimentación,Frutas y verduras,Frutas frescas,Manzanas,2.51,Yes,0,La Tahona Azul
ROP-000215,Vestido largo de lino,"Vestido de corte fluido, tejido ligero y caída favorecedora.",Ropa,Mujer,Vestidos,Vestido largo,103.80,Yes,0,Costura 21
ALI-000036,Manzanas Golden,"Fruta fresca de temporada, seleccionada por tamaño y calidad.",Alimentación,Frutas y verduras,Frutas frescas,Manzanas,24.34,No,0,Nutrivida
ROP-000155,Camiseta básica algodón manga corta negra,"Camiseta de algodón 100% suave y transpirable, ideal para el día a día.",Ropa,Hombre,Camisetas,Camiseta manga corta,185.71,No,5,SolTejido
ROP-000031,Sujetador con aros push up,Sujetador con aros que proporciona sujeción y buen levantamiento.,Ropa,Mujer,Lencería,Sujetador con aros,31.92,No,0,Hilo & Forma
ALI-000601,Zumo de naranja pack 6 unidades,"Zumo elaborado a partir de naranjas seleccionadas, sin azúcares añadidos.",Alimentación,Bebidas,Zumos,Zumo de naranja,1.03,Yes,20,Campo Fresco
ELE-000370,Depiladora eléctrica compacta,"Depiladora eficaz de uso doméstico, ligera y fácil de manejar.",Electrodomésticos,Cuidado personal,Depiladoras,Depiladora eléctrica,325.34,Yes,40,Aire Puro
ALI-000548,Croissant de mantequilla,"Bollería horneada con receta tradicional, textura hojaldrada.",Alimentación,Panadería,Bollería,Croissant,24.80,Yes,0,Delicia Natural
ROP-000412,Vestido largo con cinturón,"Vestido de corte fluido, tejido ligero y caída favorecedora.",Ropa,Mujer,Vestidos,Vestido largo,153.79,Yes,0,Hilo & Forma
ALI-000049,Zumo de naranja con pulpa,"Zumo elaborado a partir de naranjas seleccionadas, sin azúcares añadidos.",Alimentación,Bebidas,Zumos,Zumo de naranja,13.43,Yes,0,La Espiga Dorada
ELE-000278,Horno eléctrico multifunción,Horno con distribución uniforme del calor y múltiples funciones de cocinado.,Electrodomésticos,Cocina,Hornos,Horno eléctrico,1346.82,No,0,Confort Total
ELE-000171,Frigorífico combi acero inoxidable,Frigorífico de gran capacidad con tecnología de enfriamiento eficiente.,Electrodomésticos,Cocina,Frigoríficos,Frigorífico combi,448.41,Yes,20,Domus Pro
ALI-000607,Tomates rama,"Verdura fresca de cultivo controlado, ideal para ensaladas y cocinar.",Alimentación,Frutas y verduras,Verduras frescas,Tomates,11.31,Yes,0,Sabor Norte
JOY-000033,Anillo de compromiso solitario,"Anillo elaborado en oro de alta calidad, acabado pulido y elegante.",Joyería,Anillos,Anillos de oro,Anillo de compromiso,1900.32,Yes,0,Lumina Joyas
JOY-000194,Pendientes de perla clásicos,"Pendientes elegantes con perla natural, acabado delicado y atemporal.",Joyería,Pendientes,Pendientes de perla,Pendientes de perla,1661.42,Yes,0,Gema Pura
JOY-000038,Pendientes de tachuela para uso diario,"Pendientes pequeños y discretos, ideales para el uso diario.",Joyería,Pendientes,Pendientes de diamante,Pendientes de tachuela,284.16,Yes,30,Gema Pura
ALI-000517,Tomates ecológicos,"Verdura fresca de cultivo controlado, ideal para ensaladas y cocinar.",Alimentación,Frutas y verduras,Verduras frescas,Tomates,3.09,Yes,0,Huerta Real
ROP-000057,Bufanda de lana unisex,"Bufanda cálida tejida en lana suave, ideal para el invierno.",Ropa,Accesorios,Bufandas,Bufanda de lana,151.28,Yes,0,Alta Fibra
JOY-000001,Pulsera de eslabones gruesa,Pulsera de plata con eslabones resistentes y acabado pulido.,Joyería,Pulseras,Pulseras de plata,Pulsera de eslabones,1027.91,Yes,0,Plata del Norte
JOY-000056,Pendientes de tachuela con circonita,"Pendientes pequeños y discretos, ideales para el uso diario.",Joyería,Pendientes,Pendientes de diamante,Pendientes de tachuela,1111.06,No,25,Lumina Joyas
ALI-000103,Croissant mini pack,"Bollería horneada con receta tradicional, textura hojaldrada.",Alimentación,Panadería,Bollería,Croissant,13.29,Yes,50,Sabor Norte
ROP-000052,Sudadera sin capucha básica blanca,"Sudadera básica sin capucha, cómoda y versátil para combinar con cualquier look.",Ropa,Mujer,Sudaderas,Sudadera sin capucha,148.74,Yes,0,TelaViva
ROP-000243,Bota de invierno alta,"Bota resistente al agua con suela antideslizante, pensada para el frío.",Ropa,Calzado,Botas,Bota de invierno,17.75,Yes,0,UrbanCotto
ROP-000303,Bufanda de lana a cuadros,"Bufanda cálida tejida en lana suave, ideal para el invierno.",Ropa,Accesorios,Bufandas,Bufanda de lana,69.32,Yes,0,Hilo & Forma
ALI-000249,Manzanas de temporada,"Fruta fresca de temporada, seleccionada por tamaño y calidad.",Alimentación,Frutas y verduras,Frutas frescas,Manzanas,27.95,Yes,0,Grano de Oro
ALI-000082,Tomates ecológicos,"Verdura fresca de cultivo controlado, ideal para ensaladas y cocinar.",Alimentación,Frutas y verduras,Verduras frescas,Tomates,13.65,Yes,50,La Tahona Azul
ALI-000577,Lasaña congelada de carne,"Plato preparado listo en minutos, ideal para el día a día.",Alimentación,Congelados,Platos preparados,Lasaña congelada,1.96,No,20,Sabores del Sur
ROP-000252,Sudadera con capucha estampada,"Sudadera cómoda con capucha y bolsillo canguro, ideal para el día a día.",Ropa,Mujer,Sudaderas,Sudadera con capucha,68.84,Yes,0,Vestir Norte
ALI-000100,Croissant relleno de chocolate,"Bollería horneada con receta tradicional, textura hojaldrada.",Alimentación,Panadería,Bollería,Croissant,17.97,Yes,0,Sabor Norte
ROP-000191,Bota de invierno impermeable,"Bota resistente al agua con suela antideslizante, pensada para el frío.",Ropa,Calzado,Botas,Bota de invierno,68.19,Yes,15,Costura 21
ELE-000400,Depiladora eléctrica recargable,"Depiladora eficaz de uso doméstico, ligera y fácil de manejar.",Electrodomésticos,Cuidado personal,Depiladoras,Depiladora eléctrica,236.44,Yes,0,CocinaSmart
ELE-000091,Ventilador de torre silencioso,Ventilador de diseño compacto con distintas velocidades de ventilación.,Electrodomésticos,Climatización,Ventiladores,Ventilador de torre,333.23,Yes,0,Vitalux
ROP-000559,Camiseta infantil estampada dinosaurios,Camiseta infantil de algodón suave con estampado divertido.,Ropa,Niños,Camisetas,Camiseta estampada,74.96,Yes,15,UrbanCotto
ELE-000265,Aspiradora sin cable ligera,"Aspiradora inalámbrica de fácil manejo, ideal para limpiezas rápidas.",Electrodomésticos,Limpieza,Aspiradoras,Aspiradora sin cable,254.14,Yes,0,CocinaSmart
ROP-000355,Pantalón vaquero slim fit,Pantalón vaquero de algodón resistente con corte cómodo.,Ropa,Hombre,Pantalones,Pantalón vaquero,189.34,Yes,10,Estilo Urbano
ALI-000405,Helado de vainilla bajo en azúcar,"Helado cremoso elaborado con vainilla natural, textura suave.",Alimentación,Congelados,Helados,Helado de vainilla,25.98,Yes,0,Grano de Oro
ALI-000529,Queso curado de cabra,"Queso elaborado con leche seleccionada, curación tradicional y sabor intenso.",Alimentación,Lácteos,Quesos,Queso curado,21.29,Yes,0,Verde Cosecha
ROP-000509,Bufanda de lana de punto grueso,"Bufanda cálida tejida en lana suave, ideal para el invierno.",Ropa,Accesorios,Bufandas,Bufanda de lana,166.77,No,0,SolTejido
ELE-000050,Depiladora eléctrica compacta,"Depiladora eficaz de uso doméstico, ligera y fácil de manejar.",Electrodomésticos,Cuidado personal,Depiladoras,Depiladora eléctrica,496.02,Yes,0,Electra Norte
ALI-000691,Helado de vainilla bajo en azúcar,"Helado cremoso elaborado con vainilla natural, textura suave.",Alimentación,Congelados,Helados,Helado de vainilla,24.33,No,0,Grano de Oro
ALI-000015,Pan integral 100% centeno,"Pan de miga suave elaborado con harina integral, fuente de fibra.",Alimentación,Panadería,Pan de molde,Pan integral,7.78,Yes,0,La Espiga Dorada
ALI-000308,Zumo de naranja pack 6 unidades,"Zumo elaborado a partir de naranjas seleccionadas, sin azúcares añadidos.",Alimentación,Bebidas,Zumos,Zumo de naranja,22.77,Yes,0,Grano de Oro
ALI-000164,Zumo de naranja pack 6 unidades,"Zumo elaborado a partir de naranjas seleccionadas, sin azúcares añadidos.",Alimentación,Bebidas,Zumos,Zumo de naranja,29.78,Yes,40,Delicia Natural
JOY-000083,Anillo ajustable minimalista,"Anillo de plata de talla ajustable, cómodo para uso diario.",Joyería,Anillos,Anillos de plata,Anillo ajustable,1351.47,Yes,0,Metal Noble
ROP-000086,Sudadera con capucha estampada,"Sudadera cómoda con capucha y bolsillo canguro, ideal para el día a día.",Ropa,Mujer,Sudaderas,Sudadera con capucha,182.24,Yes,0,Costura 21
ELE-000156,Cafetera de cápsulas de diseño retro,Cafetera práctica que prepara café de calidad en segundos.,Electrodomésticos,Pequeño electrodoméstico,Cafeteras,Cafetera de cápsulas,449.30,Yes,0,NordLine
ROP-000389,Vestido largo liso negro,"Vestido de corte fluido, tejido ligero y caída favorecedora.",Ropa,Mujer,Vestidos,Vestido largo,64.13,No,0,Alta Fibra
ROP-000169,Zapatillas deportivas con memory foam,"Zapatillas ligeras con buena amortiguación, pensadas para uso diario o deporte.",Ropa,Calzado,Zapatillas,Zapatillas deportivas,116.72,Yes,0,Alta Fibra
ALI-000367,Queso curado semicurado,"Queso elaborado con leche seleccionada, curación tradicional y sabor intenso.",Alimentación,Lácteos,Quesos,Queso curado,29.05,Yes,0,Sabores del Sur
ELE-000209,Aspiradora sin cable recargable,"Aspiradora inalámbrica de fácil manejo, ideal para limpiezas rápidas.",Electrodomésticos,Limpieza,Aspiradoras,Aspiradora sin cable,1095.61,Yes,0,Confort Total
ALI-000229,Yogur natural con bífidus,Yogur cremoso elaborado con leche fresca y fermentos activos.,Alimentación,Lácteos,Yogures,Yogur natural,6.05,Yes,0,Punto Sabor
ROP-000048,Sujetador con aros blanco,Sujetador con aros que proporciona sujeción y buen levantamiento.,Ropa,Mujer,Lencería,Sujetador con aros,141.73,Yes,0,Prenda Libre
ROP-000396,Camiseta básica algodón manga corta blanca,"Camiseta de algodón 100% suave y transpirable, ideal para el día a día.",Ropa,Hombre,Camisetas,Camiseta manga corta,101.14,No,0,Costura 21
ELE-000329,Aspiradora sin cable con filtro HEPA,"Aspiradora inalámbrica de fácil manejo, ideal para limpiezas rápidas.",Electrodomésticos,Limpieza,Aspiradoras,Aspiradora sin cable,910.12,Yes,0,Confort Total
ALI-000687,Queso curado semicurado,"Queso elaborado con leche seleccionada, curación tradicional y sabor intenso.",Alimentación,Lácteos,Quesos,Queso curado,19.52,Yes,0,Nutrivida
ELE-000059,Batidora de mano inoxidable,"Batidora versátil pensada para triturar, batir y emulsionar.",Electrodomésticos,Pequeño electrodoméstico,Batidoras,Batidora de mano,439.17,Yes,0,Domus Pro
ROP-000270,Zapatillas deportivas con memory foam,"Zapatillas ligeras con buena amortiguación, pensadas para uso diario o deporte.",Ropa,Calzado,Zapatillas,Zapatillas deportivas,149.63,No,0,Prenda Libre
ELE-000200,Aire acondicionado Split 1x1 wifi,Equipo de climatización eficiente con control de temperatura preciso.,Electrodomésticos,Climatización,Aire acondicionado,Split 1x1,456.45,No,0,CasaFácil
ROP-000064,Sujetador sin aros negro,"Sujetador sin aros, cómodo y flexible, ideal para el uso diario.",Ropa,Mujer,Lencería,Sujetador sin aros,57.64,Yes,0,Hilo & Forma
ROP-000329,Camiseta infantil estampada dinosaurios,Camiseta infantil de algodón suave con estampado divertido.,Ropa,Niños,Camisetas,Camiseta estampada,75.57,Yes,0,SolTejido
ROP-000223,Sujetador con aros con encaje,Sujetador con aros que proporciona sujeción y buen levantamiento.,Ropa,Mujer,Lencería,Sujetador con aros,172.27,Yes,0,Hilo & Forma
ELE-000244,Frigorífico combi 185cm,Frigorífico de gran capacidad con tecnología de enfriamiento eficiente.,Electrodomésticos,Cocina,Frigoríficos,Frigorífico combi,647.85,Yes,0,Impulso Hogar
JOY-000135,Pendientes de tachuela diminutos,"Pendientes pequeños y discretos, ideales para el uso diario.",Joyería,Pendientes,Pendientes de diamante,Pendientes de tachuela,1720.01,Yes,0,Esencia de Oro
ROP-000537,Blusa manga larga con lazo,"Blusa ligera de tacto suave, versátil para looks casuales o de oficina.",Ropa,Mujer,Camisas,Blusa manga larga,119.51,Yes,0,Modaline
ALI-000238,Refresco de cola light,"Bebida refrescante carbonatada, ideal para acompañar comidas o disfrutar fría.",Alimentación,Bebidas,Refrescos,Refresco de cola,11.17,Yes,0,La Tahona Azul
ROP-000599,Bufanda de lana a cuadros,"Bufanda cálida tejida en lana suave, ideal para el invierno.",Ropa,Accesorios,Bufandas,Bufanda de lana,164.73,Yes,0,TrazoBlue
ELE-000120,Depiladora eléctrica resistente al agua,"Depiladora eficaz de uso doméstico, ligera y fácil de manejar.",Electrodomésticos,Cuidado personal,Depiladoras,Depiladora eléctrica,501.34,Yes,60,NordLine
ALI-000530,Tomates cherry,"Verdura fresca de cultivo controlado, ideal para ensaladas y cocinar.",Alimentación,Frutas y verduras,Verduras frescas,Tomates,11.52,No,0,Sabor Norte
ROP-000171,Camiseta infantil estampada unicornios,Camiseta infantil de algodón suave con estampado divertido.,Ropa,Niños,Camisetas,Camiseta estampada,65.25,Yes,0,TrazoBlue
ALI-000621,Refresco de cola sabor lima,"Bebida refrescante carbonatada, ideal para acompañar comidas o disfrutar fría.",Alimentación,Bebidas,Refrescos,Refresco de cola,5.89,Yes,25,Grano de Oro
ALI-000112,Helado de vainilla con trozos de chocolate,"Helado cremoso elaborado con vainilla natural, textura suave.",Alimentación,Congelados,Helados,Helado de vainilla,16.83,Yes,60,Nutrivida
ELE-000180,Frigorífico combi No Frost,Frigorífico de gran capacidad con tecnología de enfriamiento eficiente.,Electrodomésticos,Cocina,Frigoríficos,Frigorífico combi,1122.24,Yes,0,Impulso Hogar
ROP-000166,Zapatillas deportivas de malla transpirable,"Zapatillas ligeras con buena amortiguación, pensadas para uso diario o deporte.",Ropa,Calzado,Zapatillas,Zapatillas deportivas,163.32,Yes,5,Costura 21
ROP-000123,Camiseta básica algodón manga corta azul marino,"Camiseta de algodón 100% suave y transpirable, ideal para el día a día.",Ropa,Hombre,Camisetas,Camiseta manga corta,123.16,Yes,20,Alta Fibra
ROP-000673,Gorro de punto reversible,Gorro tejido que abriga sin renunciar al estilo.,Ropa,Accesorios,Gorros,Gorro de punto,195.19,Yes,0,UrbanCotto
JOY-000086,Anillo de compromiso oro blanco,"Anillo elaborado en oro de alta calidad, acabado pulido y elegante.",Joyería,Anillos,Anillos de oro,Anillo de compromiso,843.06,Yes,50,Lumina Joyas
ROP-000296,Vestido largo con cinturón,"Vestido de corte fluido, tejido ligero y caída favorecedora.",Ropa,Mujer,Vestidos,Vestido largo,155.03,Yes,0,Costura 21
ALI-000024,Manzanas Golden,"Fruta fresca de temporada, seleccionada por tamaño y calidad.",Alimentación,Frutas y verduras,Frutas frescas,Manzanas,26.40,No,0,Campo Fresco
ROP-000232,Zapatillas deportivas para caminar,"Zapatillas ligeras con buena amortiguación, pensadas para uso diario o deporte.",Ropa,Calzado,Zapatillas,Zapatillas deportivas,58.95,Yes,0,Costura 21
JOY-000165,Anillo de compromiso oro blanco,"Anillo elaborado en oro de alta calidad, acabado pulido y elegante.",Joyería,Anillos,Anillos de oro,Anillo de compromiso,1616.40,Yes,0,Gema Pura
JOY-000041,Cadena fina de oro 18k,"Cadena de oro de acabado fino, ideal para uso diario o combinar con colgantes.",Joyería,Collares,Collares de oro,Cadena fina,1747.78,Yes,0,Orfebre Real
JOY-000181,Anillo ajustable con piedra natural,"Anillo de plata de talla ajustable, cómodo para uso diario.",Joyería,Anillos,Anillos de plata,Anillo ajustable,838.59,Yes,0,Metal Noble
ROP-000477,Sujetador con aros blanco,Sujetador con aros que proporciona sujeción y buen levantamiento.,Ropa,Mujer,Lencería,Sujetador con aros,97.67,Yes,0,Modaline
JOY-000093,Collar con colgante corazón,"Collar de plata con acabado brillante, diseño delicado y atemporal.",Joyería,Collares,Collares de plata,Collar con colgante,1191.17,Yes,0,Orfebre Real
ALI-000654,Lasaña congelada de verduras,"Plato preparado listo en minutos, ideal para el día a día.",Alimentación,Congelados,Platos preparados,Lasaña congelada,20.87,Yes,5,Huerta Real
ALI-000330,Manzanas Royal Gala,"Fruta fresca de temporada, seleccionada por tamaño y calidad.",Alimentación,Frutas y verduras,Frutas frescas,Manzanas,8.92,Yes,70,Grano de Oro
ALI-000026,Tomates rama,"Verdura fresca de cultivo controlado, ideal para ensaladas y cocinar.",Alimentación,Frutas y verduras,Verduras frescas,Tomates,16.07,Yes,60,Delicia Natural
ELE-000253,Cafetera de cápsulas con espumador de leche,Cafetera práctica que prepara café de calidad en segundos.,Electrodomésticos,Pequeño electrodoméstico,Cafeteras,Cafetera de cápsulas,988.25,Yes,0,Impulso Hogar
ELE-000246,Aspiradora sin cable con batería de larga duración,"Aspiradora inalámbrica de fácil manejo, ideal para limpiezas rápidas.",Electrodomésticos,Limpieza,Aspiradoras,Aspiradora sin cable,36.25,No,0,CasaFácil
ROP-000129,Sudadera sin capucha cuello redondo,"Sudadera básica sin capucha, cómoda y versátil para combinar con cualquier look.",Ropa,Mujer,Sudaderas,Sudadera sin capucha,117.43,Yes,40,Prenda Libre
ELE-000367,Frigorífico combi 185cm,Frigorífico de gran capacidad con tecnología de enfriamiento eficiente.,Electrodomésticos,Cocina,Frigoríficos,Frigorífico combi,1071.03,No,70,TecnoCasa
ROP-000644,Blusa manga larga de seda sintética,"Blusa ligera de tacto suave, versátil para looks casuales o de oficina.",Ropa,Mujer,Camisas,Blusa manga larga,28.73,Yes,0,Costura 21
ALI-000208,Lasaña congelada boloñesa,"Plato preparado listo en minutos, ideal para el día a día.",Alimentación,Congelados,Platos preparados,Lasaña congelada,18.09,No,0,Verde Cosecha
ELE-000101,Frigorífico combi con dispensador de agua,Frigorífico de gran capacidad con tecnología de enfriamiento eficiente.,Electrodomésticos,Cocina,Frigoríficos,Frigorífico combi,487.57,Yes,0,Domus Pro
ELE-000006,Robot aspirador autovaciado,Robot inteligente que limpia y friega de forma autónoma.,Electrodomésticos,Limpieza,Robots aspiradores,Robot aspirador,1424.07,Yes,0,Vitalux
ROP-000010,Pantalón vaquero regular fit,Pantalón vaquero de algodón resistente con corte cómodo.,Ropa,Hombre,Pantalones,Pantalón vaquero,164.31,Yes,0,Hilo & Forma
ALI-000170,Tomates cherry,"Verdura fresca de cultivo controlado, ideal para ensaladas y cocinar.",Alimentación,Frutas y verduras,Verduras frescas,Tomates,15.30,Yes,0,La Tahona Azul
ELE-000252,Frigorífico combi 185cm,Frigorífico de gran capacidad con tecnología de enfriamiento eficiente.,Electrodomésticos,Cocina,Frigoríficos,Frigorífico combi,244.28,Yes,10,Confort Total
ROP-000253,Zapatillas deportivas para caminar,"Zapatillas ligeras con buena amortiguación, pensadas para uso diario o deporte.",Ropa,Calzado,Zapatillas,Zapatillas deportivas,181.13,Yes,0,SolTejido
ALI-000218,Yogur natural pack 4 unidades,Yogur cremoso elaborado con leche fresca y fermentos activos.,Alimentación,Lácteos,Yogures,Yogur natural,13.38,Yes,0,Sabor Norte
JOY-000200,Cadena fina de oro delicada,"Cadena de oro de acabado fino, ideal para uso diario o combinar con colgantes.",Joyería,Collares,Collares de oro,Cadena fina,1156.17,Yes,0,Esencia de Oro
ROP-000360,Sudadera con capucha de algodón orgánico,"Sudadera cómoda con capucha y bolsillo canguro, ideal para el día a día.",Ropa,Mujer,Sudaderas,Sudadera con capucha,15.62,Yes,0,Costura 21
ROP-000698,Sujetador sin aros deportivo,"Sujetador sin aros, cómodo y flexible, ideal para el uso diario.",Ropa,Mujer,Lencería,Sujetador sin aros,49.25,Yes,0,Alta Fibra
JOY-000054,Pendientes de aro pequeños,"Pendientes ligeros de plata con acabado brillante, fáciles de combinar.",Joyería,Pendientes,Pendientes de plata,Pendientes de aro,1528.36,No,30,Gema Pura
ALI-000335,Yogur natural pack 4 unidades,Yogur cremoso elaborado con leche fresca y fermentos activos.,Alimentación,Lácteos,Yogures,Yogur natural,24.36,Yes,25,Campo Fresco
ALI-000368,Manzanas Royal Gala,"Fruta fresca de temporada, seleccionada por tamaño y calidad.",Alimentación,Frutas y verduras,Frutas frescas,Manzanas,10.24,Yes,0,Campo Fresco
ROP-000164,Sudadera sin capucha cuello redondo,"Sudadera básica sin capucha, cómoda y versátil para combinar con cualquier look.",Ropa,Mujer,Sudaderas,Sudadera sin capucha,53.24,Yes,0,UrbanCotto
ALI-000535,Helado de vainilla tarrina 1L,"Helado cremoso elaborado con vainilla natural, textura suave.",Alimentación,Congelados,Helados,Helado de vainilla,18.27,No,20,La Espiga Dorada
ALI-000072,Pan integral bajo en sal,"Pan de miga suave elaborado con harina integral, fuente de fibra.",Alimentación,Panadería,Pan de molde,Pan integral,9.38,Yes,0,Verde Cosecha
ROP-000285,Abrigo de invierno infantil reversible,Abrigo cálido y resistente pensado para los meses más fríos.,Ropa,Niños,Abrigos,Abrigo de invierno,7.31,No,0,Vestir Norte
ELE-000282,Cafetera de cápsulas multibebida,Cafetera práctica que prepara café de calidad en segundos.,Electrodomésticos,Pequeño electrodoméstico,Cafeteras,Cafetera de cápsulas,1429.52,No,0,Vitalux
ROP-000683,Bota de invierno antideslizante,"Bota resistente al agua con suela antideslizante, pensada para el frío.",Ropa,Calzado,Botas,Bota de invierno,37.65,Yes,60,NordVía
ROP-000093,Sujetador con aros con encaje,Sujetador con aros que proporciona sujeción y buen levantamiento.,Ropa,Mujer,Lencería,Sujetador con aros,131.45,Yes,0,Costura 21
ALI-000638,Refresco de cola sin azúcar,"Bebida refrescante carbonatada, ideal para acompañar comidas o disfrutar fría.",Alimentación,Bebidas,Refrescos,Refresco de cola,10.57,Yes,25,Huerta Real
ALI-000584,Zumo de naranja con pulpa,"Zumo elaborado a partir de naranjas seleccionadas, sin azúcares añadidos.",Alimentación,Bebidas,Zumos,Zumo de naranja,10.09,Yes,0,Punto Sabor
ALI-000309,Tomates pera,"Verdura fresca de cultivo controlado, ideal para ensaladas y cocinar.",Alimentación,Frutas y verduras,Verduras frescas,Tomates,1.65,Yes,60,Huerta Real
ROP-000172,Abrigo de invierno infantil de lana,Abrigo cálido y resistente pensado para los meses más fríos.,Ropa,Niños,Abrigos,Abrigo de invierno,132.97,Yes,0,TrazoBlue
ALI-000369,Zumo de naranja exprimido,"Zumo elaborado a partir de naranjas seleccionadas, sin azúcares añadidos.",Alimentación,Bebidas,Zumos,Zumo de naranja,21.88,Yes,0,La Tahona Azul
ROP-000640,Gorro de punto de lana merino,Gorro tejido que abriga sin renunciar al estilo.,Ropa,Accesorios,Gorros,Gorro de punto,17.75,Yes,0,TrazoBlue
ROP-000087,Vestido largo con cinturón,"Vestido de corte fluido, tejido ligero y caída favorecedora.",Ropa,Mujer,Vestidos,Vestido largo,76.33,Yes,0,Costura 21
ALI-000696,Refresco de cola original,"Bebida refrescante carbonatada, ideal para acompañar comidas o disfrutar fría.",Alimentación,Bebidas,Refrescos,Refresco de cola,19.13,Yes,0,La Tahona Azul
ALI-000191,Tomates cherry,"Verdura fresca de cultivo controlado, ideal para ensaladas y cocinar.",Alimentación,Frutas y verduras,Verduras frescas,Tomates,19.48,Yes,40,Nutrivida
ROP-000192,Sudadera sin capucha cuello redondo,"Sudadera básica sin capucha, cómoda y versátil para combinar con cualquier look.",Ropa,Mujer,Sudaderas,Sudadera sin capucha,27.26,Yes,0,NordVía
ALI-000619,Zumo de naranja 1L,"Zumo elaborado a partir de naranjas seleccionadas, sin azúcares añadidos.",Alimentación,Bebidas,Zumos,Zumo de naranja,3.92,No,5,Cesta Rústica
ALI-000433,Lasaña congelada individual,"Plato preparado listo en minutos, ideal para el día a día.",Alimentación,Congelados,Platos preparados,Lasaña congelada,28.99,Yes,0,La Tahona Azul
ALI-000091,Croissant relleno de chocolate,"Bollería horneada con receta tradicional, textura hojaldrada.",Alimentación,Panadería,Bollería,Croissant,27.63,No,0,Nutrivida
ALI-000385,Queso curado de oveja,"Queso elaborado con leche seleccionada, curación tradicional y sabor intenso.",Alimentación,Lácteos,Quesos,Queso curado,21.80,Yes,0,La Tahona Azul
ROP-000324,Sujetador con aros blanco,Sujetador con aros que proporciona sujeción y buen levantamiento.,Ropa,Mujer,Lencería,Sujetador con aros,176.53,Yes,0,UrbanCotto
ALI-000283,Yogur natural sin azúcar,Yogur cremoso elaborado con leche fresca y fermentos activos.,Alimentación,Lácteos,Yogures,Yogur natural,16.84,Yes,60,Grano de Oro
ALI-000472,Queso curado de cabra,"Queso elaborado con leche seleccionada, curación tradicional y sabor intenso.",Alimentación,Lácteos,Quesos,Queso curado,11.88,Yes,0,Nutrivida
ROP-000623,Bufanda de lana a cuadros,"Bufanda cálida tejida en lana suave, ideal para el invierno.",Ropa,Accesorios,Bufandas,Bufanda de lana,16.73,No,0,UrbanCotto
ALI-000159,Helado de vainilla sin lactosa,"Helado cremoso elaborado con vainilla natural, textura suave.",Alimentación,Congelados,Helados,Helado de vainilla,5.66,Yes,0,La Espiga Dorada
ROP-000116,Sujetador sin aros de algodón,"Sujetador sin aros, cómodo y flexible, ideal para el uso diario.",Ropa,Mujer,Lencería,Sujetador sin aros,76.59,Yes,0,Estilo Urbano
JOY-000157,Pendientes largos geométricos,"Pendientes de diseño llamativo, perfectos para ocasiones especiales.",Joyería,Pendientes,Pendientes colgantes,Pendientes largos,131.60,Yes,0,Lumina Joyas
ROP-000528,Bufanda de lana con flecos,"Bufanda cálida tejida en lana suave, ideal para el invierno.",Ropa,Accesorios,Bufandas,Bufanda de lana,87.50,Yes,70,SolTejido
ROP-000551,Zapatillas deportivas running,"Zapatillas ligeras con buena amortiguación, pensadas para uso diario o deporte.",Ropa,Calzado,Zapatillas,Zapatillas deportivas,8.71,Yes,0,Estilo Urbano
ALI-000004,Manzanas de temporada,"Fruta fresca de temporada, seleccionada por tamaño y calidad.",Alimentación,Frutas y verduras,Frutas frescas,Manzanas,8.71,No,15,Verde Cosecha
ELE-000286,Robot aspirador navegación láser,Robot inteligente que limpia y friega de forma autónoma.,Electrodomésticos,Limpieza,Robots aspiradores,Robot aspirador,838.08,Yes,0,Confort Total
ROP-000327,Abrigo de invierno infantil reversible,Abrigo cálido y resistente pensado para los meses más fríos.,Ropa,Niños,Abrigos,Abrigo de invierno,12.34,Yes,0,Hilo & Forma
ALI-000697,Helado de vainilla sin lactosa,"Helado cremoso elaborado con vainilla natural, textura suave.",Alimentación,Congelados,Helados,Helado de vainilla,16.77,Yes,50,Huerta Real
ROP-000042,Gorro de punto reversible,Gorro tejido que abriga sin renunciar al estilo.,Ropa,Accesorios,Gorros,Gorro de punto,192.84,Yes,0,Modaline
ROP-000056,Pantalón vaquero negro,Pantalón vaquero de algodón resistente con corte cómodo.,Ropa,Hombre,Pantalones,Pantalón vaquero,174.41,Yes,60,SolTejido
ALI-000482,Pan integral con semillas,"Pan de miga suave elaborado con harina integral, fuente de fibra.",Alimentación,Panadería,Pan de molde,Pan integral,21.38,Yes,0,Huerta Real
ELE-000173,Secador iónico 2000W,Secador con tecnología iónica que reduce el encrespamiento del cabello.,Electrodomésticos,Cuidado personal,Secadores de pelo,Secador iónico,1234.50,Yes,10,Impulso Hogar
ALI-000365,Tomates cherry,"Verdura fresca de cultivo controlado, ideal para ensaladas y cocinar.",Alimentación,Frutas y verduras,Verduras frescas,Tomates,12.78,Yes,0,Cesta Rústica
ROP-000547,Bota de invierno impermeable,"Bota resistente al agua con suela antideslizante, pensada para el frío.",Ropa,Calzado,Botas,Bota de invierno,119.12,Yes,0,TelaViva
JOY-000014,Pulsera de eslabones plata 925,Pulsera de plata con eslabones resistentes y acabado pulido.,Joyería,Pulseras,Pulseras de plata,Pulsera de eslabones,1869.13,Yes,20,Reflejo Fino
ALI-000455,Yogur natural pack 4 unidades,Yogur cremoso elaborado con leche fresca y fermentos activos.,Alimentación,Lácteos,Yogures,Yogur natural,23.97,Yes,20,Sabor Norte
ALI-000056,Refresco de cola original,"Bebida refrescante carbonatada, ideal para acompañar comidas o disfrutar fría.",Alimentación,Bebidas,Refrescos,Refresco de cola,27.17,Yes,70,Cesta Rústica
ROP-000502,Blusa manga larga oversize,"Blusa ligera de tacto suave, versátil para looks casuales o de oficina.",Ropa,Mujer,Camisas,Blusa manga larga,19.25,Yes,0,Costura 21
ELE-000117,Batidora de mano inoxidable,"Batidora versátil pensada para triturar, batir y emulsionar.",Electrodomésticos,Pequeño electrodoméstico,Batidoras,Batidora de mano,197.60,Yes,0,HogarTech
ROP-000672,Pantalón vaquero slim fit,Pantalón vaquero de algodón resistente con corte cómodo.,Ropa,Hombre,Pantalones,Pantalón vaquero,27.46,Yes,0,Estilo Urbano
ROP-000301,Vestido largo estampado floral,"Vestido de corte fluido, tejido ligero y caída favorecedora.",Ropa,Mujer,Vestidos,Vestido largo,18.73,Yes,5,NordVía
ROP-000011,Pantalón vaquero slim fit,Pantalón vaquero de algodón resistente con corte cómodo.,Ropa,Hombre,Pantalones,Pantalón vaquero,136.67,Yes,0,TelaViva
ALI-000147,Queso curado mezcla,"Queso elaborado con leche seleccionada, curación tradicional y sabor intenso.",Alimentación,Lácteos,Quesos,Queso curado,9.31,Yes,50,Cesta Rústica
ROP-000394,Sujetador con aros negro,Sujetador con aros que proporciona sujeción y buen levantamiento.,Ropa,Mujer,Lencería,Sujetador con aros,56.22,No,50,TrazoBlue
ROP-000107,Vestido largo con cinturón,"Vestido de corte fluido, tejido ligero y caída favorecedora.",Ropa,Mujer,Vestidos,Vestido largo,6.74,Yes,50,Alta Fibra
JOY-000164,Cadena fina de oro eslabón cubano,"Cadena de oro de acabado fino, ideal para uso diario o combinar con colgantes.",Joyería,Collares,Collares de oro,Cadena fina,337.99,No,0,Plata del Norte
ROP-000170,Gorro de punto reversible,Gorro tejido que abriga sin renunciar al estilo.,Ropa,Accesorios,Gorros,Gorro de punto,110.74,Yes,0,TelaViva
ELE-000388,Frigorífico combi con dispensador de agua,Frigorífico de gran capacidad con tecnología de enfriamiento eficiente.,Electrodomésticos,Cocina,Frigoríficos,Frigorífico combi,1437.09,Yes,70,HogarTech
ELE-000096,Ventilador de torre con temporizador,Ventilador de diseño compacto con distintas velocidades de ventilación.,Electrodomésticos,Climatización,Ventiladores,Ventilador de torre,350.86,Yes,0,Vitalux
ROP-000682,Abrigo de invierno infantil reversible,Abrigo cálido y resistente pensado para los meses más fríos.,Ropa,Niños,Abrigos,Abrigo de invierno,177.74,Yes,0,SolTejido
ELE-000279,Horno eléctrico multifunción,Horno con distribución uniforme del calor y múltiples funciones de cocinado.,Electrodomésticos,Cocina,Hornos,Horno eléctrico,621.45,Yes,0,Impulso Hogar
ALI-000580,Lasaña congelada familiar,"Plato preparado listo en minutos, ideal para el día a día.",Alimentación,Congelados,Platos preparados,Lasaña congelada,21.53,Yes,0,Delicia Natural
JOY-000040,Cadena fina de oro 18k,"Cadena de oro de acabado fino, ideal para uso diario o combinar con colgantes.",Joyería,Collares,Collares de oro,Cadena fina,832.00,Yes,60,Aurea Diseño
ALI-000670,Croissant integral,"Bollería horneada con receta tradicional, textura hojaldrada.",Alimentación,Panadería,Bollería,Croissant,21.86,Yes,0,La Tahona Azul
ELE-000184,Cafetera de cápsulas multibebida,Cafetera práctica que prepara café de calidad en segundos.,Electrodomésticos,Pequeño electrodoméstico,Cafeteras,Cafetera de cápsulas,884.80,Yes,0,Vitalux
ROP-000119,Sudadera con capucha de algodón orgánico,"Sudadera cómoda con capucha y bolsillo canguro, ideal para el día a día.",Ropa,Mujer,Sudaderas,Sudadera con capucha,35.06,Yes,0,Estilo Urbano
ALI-000274,Manzanas Royal Gala,"Fruta fresca de temporada, seleccionada por tamaño y calidad.",Alimentación,Frutas y verduras,Frutas frescas,Manzanas,11.79,Yes,0,Grano de Oro
JOY-000097,Pendientes de perla blanca,"Pendientes elegantes con perla natural, acabado delicado y atemporal.",Joyería,Pendientes,Pendientes de perla,Pendientes de perla,93.45,No,20,Plata del Norte
ALI-000652,Tomates cherry,"Verdura fresca de cultivo controlado, ideal para ensaladas y cocinar.",Alimentación,Frutas y verduras,Verduras frescas,Tomates,24.34,Yes,0,Sabores del Sur
ALI-000264,Lasaña congelada familiar,"Plato preparado listo en minutos, ideal para el día a día.",Alimentación,Congelados,Platos preparados,Lasaña congelada,29.68,Yes,0,Sabores del Sur
ROP-000094,Zapatillas deportivas running,"Zapatillas ligeras con buena amortiguación, pensadas para uso diario o deporte.",Ropa,Calzado,Zapatillas,Zapatillas deportivas,31.64,Yes,0,TrazoBlue
ALI-000197,Refresco de cola sabor lima,"Bebida refrescante carbonatada, ideal para acompañar comidas o disfrutar fría.",Alimentación,Bebidas,Refrescos,Refresco de cola,9.72,Yes,50,Sabores del Sur
JOY-000078,Anillo ajustable con piedra natural,"Anillo de plata de talla ajustable, cómodo para uso diario.",Joyería,Anillos,Anillos de plata,Anillo ajustable,949.94,Yes,0,Esencia de Oro
JOY-000185,Collar con colgante con perla,"Collar de plata con acabado brillante, diseño delicado y atemporal.",Joyería,Collares,Collares de plata,Collar con colgante,185.44,No,0,Reflejo Fino
ALI-000498,Manzanas ecológicas,"Fruta fresca de temporada, seleccionada por tamaño y calidad.",Alimentación,Frutas y verduras,Frutas frescas,Manzanas,12.88,No,15,Campo Fresco
ELE-000047,Secador iónico con difusor,Secador con tecnología iónica que reduce el encrespamiento del cabello.,Electrodomésticos,Cuidado personal,Secadores de pelo,Secador iónico,1184.72,Yes,40,Impulso Hogar
ROP-000250,Sujetador sin aros deportivo,"Sujetador sin aros, cómodo y flexible, ideal para el uso diario.",Ropa,Mujer,Lencería,Sujetador sin aros,120.47,Yes,0,NordVía
ELE-000303,Cafetera de cápsulas con espumador de leche,Cafetera práctica que prepara café de calidad en segundos.,Electrodomésticos,Pequeño electrodoméstico,Cafeteras,Cafetera de cápsulas,306.87,Yes,40,TecnoCasa
ROP-000071,Zapatillas deportivas de malla transpirable,"Zapatillas ligeras con buena amortiguación, pensadas para uso diario o deporte.",Ropa,Calzado,Zapatillas,Zapatillas deportivas,131.72,Yes,25,SolTejido
ROP-000669,Zapatillas deportivas running,"Zapatillas ligeras con buena amortiguación, pensadas para uso diario o deporte.",Ropa,Calzado,Zapatillas,Zapatillas deportivas,48.49,Yes,0,Prenda Libre
ROP-000268,Pantalón vaquero slim fit,Pantalón vaquero de algodón resistente con corte cómodo.,Ropa,Hombre,Pantalones,Pantalón vaquero,98.90,Yes,0,SolTejido
JOY-000070,Pendientes de perla clásicos,"Pendientes elegantes con perla natural, acabado delicado y atemporal.",Joyería,Pendientes,Pendientes de perla,Pendientes de perla,1659.98,Yes,0,Joyas del Valle
ALI-000436,Lasaña congelada de carne,"Plato preparado listo en minutos, ideal para el día a día.",Alimentación,Congelados,Platos preparados,Lasaña congelada,11.51,Yes,0,La Espiga Dorada
ELE-000032,Frigorífico combi acero inoxidable,Frigorífico de gran capacidad con tecnología de enfriamiento eficiente.,Electrodomésticos,Cocina,Frigoríficos,Frigorífico combi,1394.65,Yes,0,Vitalux
ROP-000108,Sudadera sin capucha con logo bordado,"Sudadera básica sin capucha, cómoda y versátil para combinar con cualquier look.",Ropa,Mujer,Sudaderas,Sudadera sin capucha,77.42,Yes,0,TrazoBlue
ELE-000007,Batidora de mano con accesorios,"Batidora versátil pensada para triturar, batir y emulsionar.",Electrodomésticos,Pequeño electrodoméstico,Batidoras,Batidora de mano,862.88,Yes,10,Aire Puro
ROP-000427,Abrigo de invierno infantil acolchado,Abrigo cálido y resistente pensado para los meses más fríos.,Ropa,Niños,Abrigos,Abrigo de invierno,100.87,Yes,0,Prenda Libre
ROP-000265,Sujetador sin aros deportivo,"Sujetador sin aros, cómodo y flexible, ideal para el uso diario.",Ropa,Mujer,Lencería,Sujetador sin aros,74.28,Yes,0,Vestir Norte
ALI-000205,Pan integral 100% centeno,"Pan de miga suave elaborado con harina integral, fuente de fibra.",Alimentación,Panadería,Pan de molde,Pan integral,22.99,No,0,Cesta Rústica
ROP-000006,Sudadera con capucha de algodón orgánico,"Sudadera cómoda con capucha y bolsillo canguro, ideal para el día a día.",Ropa,Mujer,Sudaderas,Sudadera con capucha,119.60,No,0,Modaline
ALI-000327,Queso curado semicurado,"Queso elaborado con leche seleccionada, curación tradicional y sabor intenso.",Alimentación,Lácteos,Quesos,Queso curado,19.32,Yes,0,Campo Fresco
ROP-000278,Vestido largo fiesta,"Vestido de corte fluido, tejido ligero y caída favorecedora.",Ropa,Mujer,Vestidos,Vestido largo,182.48,Yes,0,TrazoBlue
ALI-000011,Refresco de cola zero cafeína,"Bebida refrescante carbonatada, ideal para acompañar comidas o disfrutar fría.",Alimentación,Bebidas,Refrescos,Refresco de cola,5.55,Yes,0,Punto Sabor
ROP-000067,Camiseta infantil estampada rayas,Camiseta infantil de algodón suave con estampado divertido.,Ropa,Niños,Camisetas,Camiseta estampada,63.51,Yes,0,TelaViva
ELE-000189,Horno eléctrico de sobremesa,Horno con distribución uniforme del calor y múltiples funciones de cocinado.,Electrodomésticos,Cocina,Hornos,Horno eléctrico,952.20,Yes,0,Domus Pro
ELE-000332,Horno eléctrico multifunción,Horno con distribución uniforme del calor y múltiples funciones de cocinado.,Electrodomésticos,Cocina,Hornos,Horno eléctrico,715.44,Yes,0,NordLine
ROP-000438,Camiseta infantil estampada rayas,Camiseta infantil de algodón suave con estampado divertido.,Ropa,Niños,Camisetas,Camiseta estampada,111.59,No,0,Estilo Urbano
ELE-000003,Cafetera de cápsulas programable,Cafetera práctica que prepara café de calidad en segundos.,Electrodomésticos,Pequeño electrodoméstico,Cafeteras,Cafetera de cápsulas,1034.93,Yes,60,CocinaSmart
ALI-000316,Pan integral sin corteza,"Pan de miga suave elaborado con harina integral, fuente de fibra.",Alimentación,Panadería,Pan de molde,Pan integral,17.39,Yes,0,Huerta Real
ALI-000502,Lasaña congelada boloñesa,"Plato preparado listo en minutos, ideal para el día a día.",Alimentación,Congelados,Platos preparados,Lasaña congelada,27.82,Yes,30,Grano de Oro
ELE-000084,Cafetera de cápsulas multibebida,Cafetera práctica que prepara café de calidad en segundos.,Electrodomésticos,Pequeño electrodoméstico,Cafeteras,Cafetera de cápsulas,935.16,Yes,0,Domus Pro
ALI-000185,Refresco de cola zero cafeína,"Bebida refrescante carbonatada, ideal para acompañar comidas o disfrutar fría.",Alimentación,Bebidas,Refrescos,Refresco de cola,17.80,Yes,0,Campo Fresco
ROP-000195,Sudadera con capucha negra,"Sudadera cómoda con capucha y bolsillo canguro, ideal para el día a día.",Ropa,Mujer,Sudaderas,Sudadera con capucha,174.42,Yes,40,TrazoBlue
ALI-000417,Croissant mini pack,"Bollería horneada con receta tradicional, textura hojaldrada.",Alimentación,Panadería,Bollería,Croissant,13.75,Yes,0,Sabor Norte
ELE-000357,Robot aspirador autovaciado,Robot inteligente que limpia y friega de forma autónoma.,Electrodomésticos,Limpieza,Robots aspiradores,Robot aspirador,169.93,Yes,25,CocinaSmart
ALI-000484,Pan integral 100% centeno,"Pan de miga suave elaborado con harina integral, fuente de fibra.",Alimentación,Panadería,Pan de molde,Pan integral,26.65,Yes,0,Cesta Rústica
ALI-000379,Tomates cherry,"Verdura fresca de cultivo controlado, ideal para ensaladas y cocinar.",Alimentación,Frutas y verduras,Verduras frescas,Tomates,23.02,Yes,50,Delicia Natural
ALI-000165,Lasaña congelada de carne,"Plato preparado listo en minutos, ideal para el día a día.",Alimentación,Congelados,Platos preparados,Lasaña congelada,26.02,Yes,70,Verde Cosecha
ALI-000630,Yogur natural desnatado,Yogur cremoso elaborado con leche fresca y fermentos activos.,Alimentación,Lácteos,Yogures,Yogur natural,2.71,Yes,0,La Espiga Dorada
ALI-000618,Yogur natural sin azúcar,Yogur cremoso elaborado con leche fresca y fermentos activos.,Alimentación,Lácteos,Yogures,Yogur natural,24.49,No,30,Sabor Norte
ALI-000353,Zumo de naranja 1L,"Zumo elaborado a partir de naranjas seleccionadas, sin azúcares añadidos.",Alimentación,Bebidas,Zumos,Zumo de naranja,26.15,No,0,Nutrivida
JOY-000009,Cadena fina de oro con cruz,"Cadena de oro de acabado fino, ideal para uso diario o combinar con colgantes.",Joyería,Collares,Collares de oro,Cadena fina,1433.21,Yes,0,Reflejo Fino
ALI-000411,Zumo de naranja 1L,"Zumo elaborado a partir de naranjas seleccionadas, sin azúcares añadidos.",Alimentación,Bebidas,Zumos,Zumo de naranja,29.24,Yes,0,Punto Sabor
ALI-000303,Queso curado mezcla,"Queso elaborado con leche seleccionada, curación tradicional y sabor intenso.",Alimentación,Lácteos,Quesos,Queso curado,18.13,Yes,0,Nutrivida
ROP-000649,Blusa manga larga estampada,"Blusa ligera de tacto suave, versátil para looks casuales o de oficina.",Ropa,Mujer,Camisas,Blusa manga larga,160.46,No,20,SolTejido
ALI-000002,Refresco de cola zero cafeína,"Bebida refrescante carbonatada, ideal para acompañar comidas o disfrutar fría.",Alimentación,Bebidas,Refrescos,Refresco de cola,1.44,Yes,0,Sabores del Sur
ROP-000244,Sujetador sin aros blanco,"Sujetador sin aros, cómodo y flexible, ideal para el uso diario.",Ropa,Mujer,Lencería,Sujetador sin aros,154.75,Yes,0,Costura 21
ALI-000339,Zumo de naranja sin pulpa,"Zumo elaborado a partir de naranjas seleccionadas, sin azúcares añadidos.",Alimentación,Bebidas,Zumos,Zumo de naranja,8.19,Yes,30,Huerta Real
ROP-000111,Bota de invierno con forro polar,"Bota resistente al agua con suela antideslizante, pensada para el frío.",Ropa,Calzado,Botas,Bota de invierno,196.43,Yes,50,Modaline
ROP-000240,Abrigo de invierno infantil acolchado,Abrigo cálido y resistente pensado para los meses más fríos.,Ropa,Niños,Abrigos,Abrigo de invierno,96.31,Yes,50,Hilo & Forma
ROP-000009,Zapatillas deportivas running,"Zapatillas ligeras con buena amortiguación, pensadas para uso diario o deporte.",Ropa,Calzado,Zapatillas,Zapatillas deportivas,130.48,Yes,0,Estilo Urbano
ELE-000242,Depiladora eléctrica recargable,"Depiladora eficaz de uso doméstico, ligera y fácil de manejar.",Electrodomésticos,Cuidado personal,Depiladoras,Depiladora eléctrica,600.59,Yes,70,Vitalux
ALI-000290,Tomates cherry,"Verdura fresca de cultivo controlado, ideal para ensaladas y cocinar.",Alimentación,Frutas y verduras,Verduras frescas,Tomates,18.94,Yes,0,La Espiga Dorada
ELE-000169,Aspiradora sin cable 2 en 1,"Aspiradora inalámbrica de fácil manejo, ideal para limpiezas rápidas.",Electrodomésticos,Limpieza,Aspiradoras,Aspiradora sin cable,206.66,Yes,0,HogarTech
ELE-000224,Batidora de mano con accesorios,"Batidora versátil pensada para triturar, batir y emulsionar.",Electrodomésticos,Pequeño electrodoméstico,Batidoras,Batidora de mano,875.21,No,0,NordLine
ALI-000634,Refresco de cola light,"Bebida refrescante carbonatada, ideal para acompañar comidas o disfrutar fría.",Alimentación,Bebidas,Refrescos,Refresco de cola,1.56,Yes,70,Sabores del Sur
ALI-000186,Pan integral bajo en sal,"Pan de miga suave elaborado con harina integral, fuente de fibra.",Alimentación,Panadería,Pan de molde,Pan integral,8.68,No,60,Huerta Real
ALI-000111,Queso curado de oveja,"Queso elaborado con leche seleccionada, curación tradicional y sabor intenso.",Alimentación,Lácteos,Quesos,Queso curado,7.04,Yes,0,Delicia Natural
ELE-000215,Aspiradora sin cable 2 en 1,"Aspiradora inalámbrica de fácil manejo, ideal para limpiezas rápidas.",Electrodomésticos,Limpieza,Aspiradoras,Aspiradora sin cable,172.17,Yes,0,HogarTech
ALI-000683,Queso curado semicurado,"Queso elaborado con leche seleccionada, curación tradicional y sabor intenso.",Alimentación,Lácteos,Quesos,Queso curado,4.67,Yes,0,La Tahona Azul
ROP-000659,Vestido largo fiesta,"Vestido de corte fluido, tejido ligero y caída favorecedora.",Ropa,Mujer,Vestidos,Vestido largo,181.35,Yes,0,Alta Fibra
ALI-000267,Croissant integral,"Bollería horneada con receta tradicional, textura hojaldrada.",Alimentación,Panadería,Bollería,Croissant,15.14,Yes,60,La Espiga Dorada
ALI-000286,Yogur natural desnatado,Yogur cremoso elaborado con leche fresca y fermentos activos.,Alimentación,Lácteos,Yogures,Yogur natural,15.76,Yes,60,Punto Sabor
ELE-000140,Aire acondicionado Split 1x1 bajo consumo,Equipo de climatización eficiente con control de temperatura preciso.,Electrodomésticos,Climatización,Aire acondicionado,Split 1x1,891.46,Yes,0,TecnoCasa
ROP-000464,Zapatillas deportivas con memory foam,"Zapatillas ligeras con buena amortiguación, pensadas para uso diario o deporte.",Ropa,Calzado,Zapatillas,Zapatillas deportivas,165.62,Yes,0,Costura 21
JOY-000149,Collar con colgante corazón,"Collar de plata con acabado brillante, diseño delicado y atemporal.",Joyería,Collares,Collares de plata,Collar con colgante,880.83,No,0,Aurea Diseño
ALI-000407,Pan integral 100% centeno,"Pan de miga suave elaborado con harina integral, fuente de fibra.",Alimentación,Panadería,Pan de molde,Pan integral,8.42,Yes,0,Delicia Natural
ROP-000374,Bufanda de lana de punto grueso,"Bufanda cálida tejida en lana suave, ideal para el invierno.",Ropa,Accesorios,Bufandas,Bufanda de lana,45.01,Yes,0,TrazoBlue
JOY-000131,Pendientes de aro pequeños,"Pendientes ligeros de plata con acabado brillante, fáciles de combinar.",Joyería,Pendientes,Pendientes de plata,Pendientes de aro,1266.80,Yes,0,Aurea Diseño
ELE-000029,Aspiradora sin cable 2 en 1,"Aspiradora inalámbrica de fácil manejo, ideal para limpiezas rápidas.",Electrodomésticos,Limpieza,Aspiradoras,Aspiradora sin cable,424.41,Yes,0,Impulso Hogar
ROP-000523,Camiseta infantil estampada pack 2 unidades,Camiseta infantil de algodón suave con estampado divertido.,Ropa,Niños,Camisetas,Camiseta estampada,23.05,Yes,0,Vestir Norte
JOY-000016,Cadena fina de oro con cruz,"Cadena de oro de acabado fino, ideal para uso diario o combinar con colgantes.",Joyería,Collares,Collares de oro,Cadena fina,84.46,Yes,0,Lumina Joyas
ALI-000616,Helado de vainilla artesano,"Helado cremoso elaborado con vainilla natural, textura suave.",Alimentación,Congelados,Helados,Helado de vainilla,28.51,Yes,0,La Espiga Dorada
JOY-000089,Pulsera trenzada unisex,"Pulsera artesanal trenzada a mano, resistente y de estilo casual.",Joyería,Pulseras,Pulseras de cuero,Pulsera trenzada,490.46,Yes,0,Gema Pura
ALI-000341,Manzanas Golden,"Fruta fresca de temporada, seleccionada por tamaño y calidad.",Alimentación,Frutas y verduras,Frutas frescas,Manzanas,3.99,Yes,0,Punto Sabor
ROP-000349,Zapatillas deportivas para caminar,"Zapatillas ligeras con buena amortiguación, pensadas para uso diario o deporte.",Ropa,Calzado,Zapatillas,Zapatillas deportivas,62.68,Yes,0,Modaline
ALI-000336,Pan integral con semillas,"Pan de miga suave elaborado con harina integral, fuente de fibra.",Alimentación,Panadería,Pan de molde,Pan integral,10.44,Yes,0,Cesta Rústica
ALI-000059,Helado de vainilla sin lactosa,"Helado cremoso elaborado con vainilla natural, textura suave.",Alimentación,Congelados,Helados,Helado de vainilla,26.01,No,40,Campo Fresco
ROP-000515,Sujetador sin aros blanco,"Sujetador sin aros, cómodo y flexible, ideal para el uso diario.",Ropa,Mujer,Lencería,Sujetador sin aros,104.20,Yes,70,Hilo & Forma
ROP-000121,Abrigo de invierno infantil acolchado,Abrigo cálido y resistente pensado para los meses más fríos.,Ropa,Niños,Abrigos,Abrigo de invierno,25.88,Yes,0,Alta Fibra
ROP-000483,Sujetador con aros negro,Sujetador con aros que proporciona sujeción y buen levantamiento.,Ropa,Mujer,Lencería,Sujetador con aros,173.96,Yes,50,Costura 21
JOY-000154,Cadena fina de oro con cruz,"Cadena de oro de acabado fino, ideal para uso diario o combinar con colgantes.",Joyería,Collares,Collares de oro,Cadena fina,931.13,No,15,Reflejo Fino
ALI-000552,Queso curado mezcla,"Queso elaborado con leche seleccionada, curación tradicional y sabor intenso.",Alimentación,Lácteos,Quesos,Queso curado,14.22,Yes,0,Nutrivida
ELE-000186,Cafetera de cápsulas con espumador de leche,Cafetera práctica que prepara café de calidad en segundos.,Electrodomésticos,Pequeño electrodoméstico,Cafeteras,Cafetera de cápsulas,1389.74,Yes,0,Domus Pro
ROP-000173,Vestido largo fiesta,"Vestido de corte fluido, tejido ligero y caída favorecedora.",Ropa,Mujer,Vestidos,Vestido largo,189.98,Yes,0,Estilo Urbano
ROP-000163,Bota de invierno antideslizante,"Bota resistente al agua con suela antideslizante, pensada para el frío.",Ropa,Calzado,Botas,Bota de invierno,22.16,Yes,60,Estilo Urbano
ALI-000221,Zumo de naranja con pulpa,"Zumo elaborado a partir de naranjas seleccionadas, sin azúcares añadidos.",Alimentación,Bebidas,Zumos,Zumo de naranja,28.77,Yes,0,Cesta Rústica
ROP-000339,Abrigo de invierno infantil de lana,Abrigo cálido y resistente pensado para los meses más fríos.,Ropa,Niños,Abrigos,Abrigo de invierno,42.86,Yes,0,Hilo & Forma
JOY-000099,Pendientes de aro grandes,"Pendientes ligeros de plata con acabado brillante, fáciles de combinar.",Joyería,Pendientes,Pendientes de plata,Pendientes de aro,582.81,Yes,0,Lumina Joyas
JOY-000045,Pendientes de perla blanca,"Pendientes elegantes con perla natural, acabado delicado y atemporal.",Joyería,Pendientes,Pendientes de perla,Pendientes de perla,1429.14,No,25,Reflejo Fino
JOY-000115,Pendientes largos de plata oxidada,"Pendientes de diseño llamativo, perfectos para ocasiones especiales.",Joyería,Pendientes,Pendientes colgantes,Pendientes largos,1757.00,Yes,50,Plata del Norte
ELE-000163,Aire acondicionado Split 1x1 bajo consumo,Equipo de climatización eficiente con control de temperatura preciso.,Electrodomésticos,Climatización,Aire acondicionado,Split 1x1,180.87,Yes,15,TecnoCasa
ALI-000480,Lasaña congelada individual,"Plato preparado listo en minutos, ideal para el día a día.",Alimentación,Congelados,Platos preparados,Lasaña congelada,28.63,Yes,0,Cesta Rústica
ELE-000397,Aspiradora sin cable recargable,"Aspiradora inalámbrica de fácil manejo, ideal para limpiezas rápidas.",Electrodomésticos,Limpieza,Aspiradoras,Aspiradora sin cable,385.87,Yes,0,NordLine
JOY-000103,Anillo de compromiso solitario,"Anillo elaborado en oro de alta calidad, acabado pulido y elegante.",Joyería,Anillos,Anillos de oro,Anillo de compromiso,570.86,No,0,Aurea Diseño
ALI-000083,Lasaña congelada de verduras,"Plato preparado listo en minutos, ideal para el día a día.",Alimentación,Congelados,Platos preparados,Lasaña congelada,8.68,Yes,0,Punto Sabor
ALI-000615,Zumo de naranja sin pulpa,"Zumo elaborado a partir de naranjas seleccionadas, sin azúcares añadidos.",Alimentación,Bebidas,Zumos,Zumo de naranja,0.88,Yes,0,Huerta Real
ROP-000122,Sudadera con capucha de algodón orgánico,"Sudadera cómoda con capucha y bolsillo canguro, ideal para el día a día.",Ropa,Mujer,Sudaderas,Sudadera con capucha,100.53,Yes,0,Prenda Libre
ROP-000690,Pantalón vaquero negro,Pantalón vaquero de algodón resistente con corte cómodo.,Ropa,Hombre,Pantalones,Pantalón vaquero,96.17,Yes,30,TelaViva
ROP-000289,Sudadera sin capucha con logo bordado,"Sudadera básica sin capucha, cómoda y versátil para combinar con cualquier look.",Ropa,Mujer,Sudaderas,Sudadera sin capucha,106.39,Yes,30,Alta Fibra
ALI-000692,Zumo de naranja sin pulpa,"Zumo elaborado a partir de naranjas seleccionadas, sin azúcares añadidos.",Alimentación,Bebidas,Zumos,Zumo de naranja,21.51,Yes,0,Campo Fresco
ROP-000531,Sudadera con capucha estampada,"Sudadera cómoda con capucha y bolsillo canguro, ideal para el día a día.",Ropa,Mujer,Sudaderas,Sudadera con capucha,61.69,Yes,50,NordVía
ROP-000065,Blusa manga larga lisa blanca,"Blusa ligera de tacto suave, versátil para looks casuales o de oficina.",Ropa,Mujer,Camisas,Blusa manga larga,161.01,Yes,0,TrazoBlue
ELE-000082,Robot aspirador compacto,Robot inteligente que limpia y friega de forma autónoma.,Electrodomésticos,Limpieza,Robots aspiradores,Robot aspirador,1463.45,No,5,HogarTech
ALI-000518,Tomates rama,"Verdura fresca de cultivo controlado, ideal para ensaladas y cocinar.",Alimentación,Frutas y verduras,Verduras frescas,Tomates,29.83,Yes,0,Punto Sabor
ALI-000499,Lasaña congelada de carne,"Plato preparado listo en minutos, ideal para el día a día.",Alimentación,Congelados,Platos preparados,Lasaña congelada,27.68,No,0,Huerta Real
ELE-000309,Batidora de mano 600W,"Batidora versátil pensada para triturar, batir y emulsionar.",Electrodomésticos,Pequeño electrodoméstico,Batidoras,Batidora de mano,462.16,No,0,Confort Total
